stock_code,focus,detail,label,source,content_uri
438700,"버넥트 관계자는 ""2022년부터 메이크&뷰 연간 라이선스를 꾸준히 도입해 온 한국타이어앤테크놀로지와 이번에 미국 테네시 공장까지 적용 범위를 함께 넓혔다는 점에서 의미가 크다""며 ""압출·비드 등 타이어 핵심 공정 전반을 가상실습으로 구현하고 XR 기반 저작 환경까지 결합해 해외 생산 현장의 상시 교육 인프라로 안착시킨 만큼 정기 콘텐츠 업데이트 체계를 통해 현장 변화에 유연하게 대응하는 교육 운영 구조를 함께 만들겠다""고 말했",한국타이어앤테크놀로지는 2022년부터 메이크&뷰를 연간 라이선스 방식으로 지속 도입해 온 기업이다. 이번 테네시 공장 적용은 국내 운영 기반을 해외 생산 법인으로 넓힌 확장 사례다. 핵심은 시범 적용이 아닌 상시 운영 가능한 교육 인프라를 해외 생산 현장에 이식했다는 점이다.,1,438700|버넥트,https://www.ddaily.co.kr/page/view/2026040618395202420
438700,"산업 특화 AI 기업 버넥트가 과학기술정보통신부와 정보통신산업진흥원(NIPA)이 주관하는 2026 AI 바우처 사업 공급기업 Pool에 최종 승인됐다고 밝혔다. 버넥트는 이번 선정으로 2025년에 이어 2년 연속 참여 자격을 확보했으며, 이번에는 제조·플랜트·조선·방산 등 산업 현장의 AI 도입을 직접 겨냥한 신규 솔루션 3종을 공급 목록에 추가 등재했다.","산업 특화 AI 기업 버넥트가 과학기술정보통신부와 정보통신산업진흥원(NIPA)이 주관하는 2026 AI 바우처 사업 공급기업 Pool에 최종 승인됐다고 밝혔다. 버넥트는 이번 선정으로 2025년에 이어 2년 연속 참여 자격을 확보했으며, 이번에는 제조·플랜트·조선·방산 등 산업 현장의 AI 도입을 직접 겨냥한 신규 솔루션 3종을 공급 목록에 추가 등재했다. AI 바우처 사업은 AI 기술 도입을 원하는 중소·중견기업(수요기업)과 AI 솔루션 공급기업을 정부가 연결하는 지원 프로그램이다.",2,438700|버넥트,https://www.dt.co.kr/article/12051228?ref=naver
438700,"비트맥스, 동운아나텍, 위지윅스튜디오가 1% 미만의 하락세를 기록했고, 차량용 반도체 설계 전문인 텔레칩스와 시스템 통합(SI) 업체 에스넷도 하락 마감했다. 3D 센싱 카메라 모듈을 생산하는 나무가와 가상 훈련 시스템 전문 이노시뮬레이션, 디스플레이 장비 업체 신도기연도 3% 내외의 하락률을 기록하며 장을 마쳤다.",증강현실(AR) 테마는 27일 가온그룹의 선전에도 불구하고 전일 대비 1.30% 하락하며 거래를 마감했다. 글로벌 빅테크 기업들의 XR(확장현실) 기기 출시 연기 소식과 더불어 단기 급등에 따른 피로감이 겹치며 투자자들이 수익 확정에 나선 것이 주요 하락 원인으로 분석된다. 테마 내에서 독보적인 상승세를 보인 종목은 가온그룹이었다.,1,438700|버넥트,https://www.pinpointnews.co.kr/news/articleView.html?idxno=433131
438700,"XR·AI 기반 산업 솔루션 기업 버넥트(VIRNECT)가 글로벌 반도체 제조사에 클린룸 운영 지원을 위한 'VIRNECT Remote(버넥트 리모트)'를 공급했다고 밝혔다. 최근 AI 인프라 확산으로 고성능 반도체 수요가 증가하면서, 반도체...","XR·AI 기반 산업 솔루션 기업 버넥트(VIRNECT)가 글로벌 반도체 제조사에 클린룸 운영 지원을 위한 'VIRNECT Remote(버넥트 리모트)'를 공급했다고 밝혔다. 최근 AI 인프라 확산으로 고성능 반도체 수요가 증가하면서, 반도체...",2,438700|버넥트,https://www.etnews.com/20260224000245
047770,"30일 코데즈컴바인 관계자는 “유통 채널 다변화를 위해 온라인 판매 비중을 점진적으로 확대하고 있다”며 “현재 온라인 매출 비중은 약 1% 수준이지만 자사몰 매출을 중심으로 성장세가 나타나고 있으며, 향후 외부 온라인 플랫폼으로도 판매 채널을 넓힐 계획”이라고 말했다. 코데즈컴바인 관계자는 “유통 채널을 오프라인에서 온라인으로 확대하고 해외 수출도 늘리며 사업 구조를 다변화하고 있다”며 “생산 중심에서 수익 중심 경영으로 전환","코데즈컴바인이 유통 구조를 오프라인 중심에서 온라인으로 전환하고 해외 수출을 확대하며 중장기 성장 기반 마련에 나섰다. 수익 중심 경영을 통해 불확실한 내수 환경에 대응하면서 사업 구조를 재편하겠다는 전략이다. 30일 코데즈컴바인 관계자는 “유통 채널 다변화를 위해 온라인 판매 비중을 점진적으로 확대하고 있다”며 “현재 온라인 매출 비중은 약 1% 수준이지만 자사몰 매출을 중심으로 성장세가 나타나고 있으며, 향후 외부 온라인 플랫폼으로도 판매 채널을 넓힐 계획”이라고 말했다.",1,047770|코데즈컴바인,https://www.etoday.co.kr/news/view/2562672
047770,"■ 한화오션 (042660) 보통주 37,721주 51억원 규모 자사주 취득 취득예정주식 : 보통주 37,721주 (5,107,423,400원) 취득예상기간 : 2026년 03월 20일 ~ 2026년 06월 03일 취득방법 : 유가증권시장을 통한 장내 매수 (위탁투자중개업자 : NH투자증권) 1일 매수 주문수량 한도 : 보통주 535,694주 (정정 전 534,450주 대비 1,244주 상향) 성과 창출을 위한 임직원 동기부여","■ 한화오션 (042660) 보통주 37,721주 51억원 규모 자사주 취득 취득예정주식 : 보통주 37,721주 (5,107,423,400원) 취득예상기간 : 2026년 03월 20일 ~ 2026년 06월 03일 취득방법 : 유가증권시장을 통한 장내 매수 (위탁투자중개업자 : NH투자증권) 1일 매수 주문수량 한도 : 보통주 535,694주 (정정 전 534,450주 대비 1,244주 상향) 성과 창출을 위한 임직원 동기부여 목적인 RSU(Restricted Stock Units) 및 성과인센티브 지급용임 ■ 러셀 (217500) 보통주 140만주 38억원 규모 자",1,047770|코데즈컴바인,https://www.kdpress.co.kr/news/articleView.html?idxno=203106
047770,"코데즈컴바인의 2025년 연결 기준 매출액은 397억2287만931원으로, 2024년 396억134만5466원 대비 0.3% 증가했다. 같은 기간 영업이익은 24억1662만9397원으로 전년 10억5920만7942원보다 128.2% 늘었다.","코데즈컴바인의 2025년 연결 기준 매출액은 397억2287만931원으로, 2024년 396억134만5466원 대비 0.3% 증가했다. 같은 기간 영업이익은 24억1662만9397원으로 전년 10억5920만7942원보다 128.2% 늘었다. 당기순이익은 38억6521만4336원으로, 2024년 18억5963만7040원 대비 107.8% 증가했다.",1,047770|코데즈컴바인,https://www.digitaltoday.co.kr/news/articleView.html?idxno=637598
047770,"현재 코데즈컴바인의 주가는 5,170원으로, 지난 종가 4,395원 대비 17.63% 상승한 가격을 기록하고 있다. 19일 오후 1시 42분 기준, 네이버페이 증권에 따르면 코데즈컴바인 주가가 지난 종가 대비 큰 폭으로 상승하며 거래되고 있다.","19일 오후 1시 42분 기준, 네이버페이 증권에 따르면 코데즈컴바인 주가가 지난 종가 대비 큰 폭으로 상승하며 거래되고 있다. 현재 코데즈컴바인의 주가는 5,170원으로, 지난 종가 4,395원 대비 17.63% 상승한 가격을 기록하고 있다. 시가는 4,485원에 형성되었으며, 현재까지의 가격 변동폭은 저가 4,350원에서 고가 5,540원 사이였다.",1,047770|코데즈컴바인,https://www.e-science.co.kr/news/articleView.html?idxno=126233
047770,"코데즈컴바인의 주가 상승세는 동일업종 등락률 -0.57%와 대조적인 움직임을 보이고 있다. 지난 종가 4,395원과 비교하여 755원, 즉 17.18% 오른 수치다.","지난 종가 4,395원과 비교하여 755원, 즉 17.18% 오른 수치다. 주가는 시가 4,485원으로 시작했으며, 고가는 5,540원, 저가는 4,350원을 기록했다. 현재까지의 가격 변동폭은 1,190원이다.",1,047770|코데즈컴바인,https://www.stardailynews.co.kr/news/articleView.html?idxno=524546
067900,업계 최고 수준의 수익성을 확보하고도 공격적 투자를 자제해 온 보수적 행보에서 벗어나 400억원에 육박하는 신규 소각로 투자를 공식화했다. 와이엔텍은 매립장 부문 매출총이익률이 60%를 웃도는 고수익 구조의 기업이다.,"상법 개정안은 추진 단계에서 잡음이 있긴 했지만 결과적으로 코스피 급등의 견인차 역할을 하고 있다. 향후 시장의 핵심 키워드는 주주 권익 보호와 상속세 개편이다. <블로터·넘버스>는 [K디스카운트] 기획을 통해 시장의 뜨거운 관심에서 한발 비껴 서 있는 우량 저평가 기업들을 살펴보고, 이들이 마주한 현실적인 과제를 짚어보고자 한다.",1,067900|와이엔텍,https://www.bloter.net/news/articleView.html?idxno=655806
067900,"같은 기간 영업이익은 260억7300만원으로 302억7800만원에서 13.89% 감소했다. 와이엔텍의 2025년 1월 1일부터 2025년 12월 31일까지 매출액은 1169억9600만원으로, 2024년 1월 1일부터 2024년 12월 31일까지 1137억6000만원 대비 2.84% 증가했다.","와이엔텍의 2025년 1월 1일부터 2025년 12월 31일까지 매출액은 1169억9600만원으로, 2024년 1월 1일부터 2024년 12월 31일까지 1137억6000만원 대비 2.84% 증가했다. 같은 기간 영업이익은 260억7300만원으로 302억7800만원에서 13.89% 감소했다. 2025년 당기순이익은 271억4400만원으로, 전년 313억1200만원 대비 13.31% 줄었다.",0,067900|와이엔텍,https://www.digitaltoday.co.kr/news/articleView.html?idxno=629034
067900,"2024년 기준 해상운송 매출은 636억원으로 환경(폐기물)부문 매출 301억원을 상회하지만, 매출총이익률은 환경부문이 약 41%로 해상운송(약 18%) 대비 두 배 이상 높았다. 2024년 기준 소각(중간처분)의 톤당 매출은 약 28만원으로, 매립(최종처분·약 12만원) 대비 두 배 이상 높다.","23일 업계와 금융감독원 전자공시시스템에 따르면 와이엔텍은 391억원을 투자해 신규 소각로를 건설한다. 투자기간은 2026년 3월부터 2028년 4월까지다. 현재 소각장 증설 관련 인허가가 대부분 마무리 단계에 들어섰고, 10월 착공을 목표로 절차를 진행 중인 것으로 전해졌다.",2,067900|와이엔텍,https://dealsite.co.kr/articles/155549
140070,"최원준 MX사업부 개발실장 겸 최고운영책임자(COO) 사장은 ""삼성전자는 2024년 최초의 AI폰을 선보인 이후, 더 많은 사용자가 AI의 경험을 일상에서 자연스럽게 누릴 수 있도록 기능을 지속적으로 개선하고 있다""고 말했다. 서플러스글로벌, SEMICON KOREA 2026서 세미마켓 사용자 급증… 3일간 800명 현장 가입 서플러스글로벌은 국내 최대 반도체 산업 전시회 ‘세미콘 코리아(SEMICON KOREA) 2026’","삼성전자, 강력한 디바이스 에이전트로 진화한 '빅스비(Bixby)' 베타 프로그램 운영 삼성전자는 지난 19일부터 한층 강력한 디바이스 에이전트로 진화한 '빅스비 (Bixby)' 베타 프로그램을 운영하고 있다고 20일 밝혔다. 강력해진 빅스비는 'One UI 8.5 베타 프로그램'에 참여중인 사용자의 갤럭시 S25 시리즈에 순차적으로 업데이트 된다. 삼성전자의 AI 음성비서 '빅스비'는 이번 베타 프로그램에서 자연어를 기반으로 더욱 직관적이고 손쉬운 디바이스 제어 기능을 지원한다.",1,140070|서플러스글로벌,https://www.asiatime.co.kr/article/20260220500267
140070,"서플러스글로벌(SurplusGLOBAL)은 지난 25일부터 27일까지 중국 상하이 신국제엑스포센터(SNIEC)에서 열리는 'SEMICON China 2026'에 참가해, 글로벌 반도체 장비·부품 유통 플랫폼 'SemiMarket'을 중심으로 데이터 기반 거래 모델과 온라인 입찰(Auction) 서비스를 선보인다고 26일 밝혔다. 'SEMICON China 2026'은 3월 25~27일 SNIEC에서 개최되며, 서플러스글로벌 공","서플러스글로벌(SurplusGLOBAL)은 지난 25일부터 27일까지 중국 상하이 신국제엑스포센터(SNIEC)에서 열리는 'SEMICON China 2026'에 참가해, 글로벌 반도체 장비·부품 유통 플랫폼 'SemiMarket'을 중심으로 데이터 기반 거래 모델과 온라인 입찰(Auction) 서비스를 선보인다고 26일 밝혔다. 'SEMICON China 2026'은 3월 25~27일 SNIEC에서 개최되며, 서플러스글로벌 공식 안내 기준 전시 위치는 홀6 부스번호 5151이다.",2,140070|서플러스글로벌,https://www.etnews.com/20260326000062
140070,서플러스글로벌(SurplusGLOBAL)이 오는 27일까지 중국 상하이 신국제엑스포센터(SNIEC)에서 열리는 'SEMICON China 2026'에 참가해 글로벌 반도체 장비·부품 유통 플랫폼 'SemiMarket'의 온라인 입찰 서비스를 본격 소개한다고 25일 밝혔다. 현재 베타 버전으로 운영 중인 SemiMarket은 2000대의 장비와 12만점의 중고 반도체 장비 부품 정보를 기반으로 글로벌 수요자와 공급자를 연결하고,서플러스글로벌(SurplusGLOBAL)이 오는 27일까지 중국 상하이 신국제엑스포센터(SNIEC)에서 열리는 'SEMICON China 2026'에 참가해 글로벌 반도체 장비·부품 유통 플랫폼 'SemiMarket'의 온라인 입찰 서비스를 본격 소개한다고 25일 밝혔다. 전시 핵심은 SemiMarket의 첫 온라인 입찰이다. 세계적인 OSAT 기업이 보유한 중고 후공정 장비 227대를 대상으로 25일 입찰을 시작해 4월 9일 마감한다.,1,140070|서플러스글로벌,https://www.econovill.com/news/articleView.html?idxno=734819
140070,"서플러스글로벌이 국내 최대 반도체 산업 전시회 ‘세미콘 코리아(SEMICON KOREA) 2026’ 참가를 계기로 자사 B2B 플랫폼 ‘세미마켓’의 사용자 기반을 대폭 확대했다고 20일 밝혔다. 사 측은 실제 장비·부품 실수요자 유입이 늘어나고 있다며, 연내 플랫폼 트래픽을 단계적으로 확대해 일평균 2만 명 수준까지 성장시키는 것을 목표로 하고 있다고 밝혔다.",서플러스글로벌이 국내 최대 반도체 산업 전시회 ‘세미콘 코리아(SEMICON KOREA) 2026’ 참가를 계기로 자사 B2B 플랫폼 ‘세미마켓’의 사용자 기반을 대폭 확대했다고 20일 밝혔다. 지난 11일부터 13일까지 서울 코엑스에서 열린 ‘세미콘 코리아 2026’에서 약 3000명의 업계 관계자가 서플러스글로벌 부스를 찾았으며 이 중 800명 이상이 현장에서 세미마켓 회원으로 가입했다. 단기간 내 이뤄진 대규모 사용자 유입은 레거시(성숙공정) 장비·부품 거래의 디지털 전환 수요가 확대되고 있음을 보여주는 지표로 해석된다.,2,140070|서플러스글로벌,https://www.econovill.com/news/articleView.html?idxno=730360
321370,"스페이스X 관련주가 상승세다.8일 오전 10시 39분 기준 스피어는 7.90%(3200원) 상승한 4만 3700원에, 미래에셋벤처투자는 10.13%(2700원) 상승한 2만 9350원에, 센서뷰는 6.05%(167원) 상승한 2927원에, 아주IB투자는 4.23%(365원) 상승한 8995원에 거래되고 있다.우주 탐사 기업 스페이스X가 오는 6월 말 상장을 추진하고 있는 가운데 본격적인 IPO 절차에 들어갔다.금융투자업계에 따","스페이스X 관련주가 상승세다.8일 오전 10시 39분 기준 스피어는 7.90%(3200원) 상승한 4만 3700원에, 미래에셋벤처투자는 10.13%(2700원) 상승한 2만 9350원에, 센서뷰는 6.05%(167원) 상승한 2927원에, 아주IB투자는 4.23%(365원) 상승한 8995원에 거래되고 있다.우주 탐사 기업 스페이스X가 오는 6월 말 상장을 추진하고 있는 가운데 본격적인 IPO 절차에 들어갔다.금융투자업계에 따르면 스페이스X 기업공개(IPO) 주관사는 모간스탠리, 골드만삭스, 시티그룹 등으로 확인됐다.공모 규모는 7",1,321370|센서뷰,https://www.gukjenews.com/news/articleView.html?idxno=3551937
321370,"정지일시는 2026년 4월 9일이며, 만료일시는 신주권 변경상장일 전일까지로 안내됐다. 코스닥시장업무규정 제25조 및 동규정시행세칙 제30조에 따른 조치다.","이번 거래정지는 센서뷰 보통주를 대상으로 한다. 정지 사유는 주식의 병합, 분할 등 전자등록 변경, 말소다. 정지일시는 2026년 4월 9일이며, 만료일시는 신주권 변경상장일 전일까지로 안내됐다. 코스닥시장업무규정 제25조 및 동규정시행세칙 제30조에 따른 조치다. 기타 사항으로는 자본감소가 사유로 기재됐다. 종목 시세 정보에 따르면 센서뷰의 주가는 4월 6일 16시 10분 기준 3060원이며, 전일 대비 170원(-5.26%) 하락했다. 센서뷰는 2023년 7월 19일 코스닥시장에 상장된 전자부품 제조업체다. 주권매매거래정지(주식의병합,분할등전자등록변경,말소)",0,321370|센서뷰,https://www.digitaltoday.co.kr/news/articleView.html?idxno=654044
321370,"정지의 근거는 코스닥시장업무규정 제25조 및 동규정시행세칙 제30조로, 자본감소가 기타 사유에 해당한다고 설명했다. 한편, 이번 정지로 인해 투자자들은 거래 재개 전까지 주식 매매가 제한되므로, 신주권 변경상장 일정을 지속적으로 확인할 필요가 있다.","한국거래소 공시에 따르면 주권매매거래정지 대상은 주식회사 센서뷰 보통주이며, 정지일시는 2026-04-09부터 신주권 변경상장일 전일까지다. 정지의 근거는 코스닥시장업무규정 제25조 및 동규정시행세칙 제30조로, 자본감소가 기타 사유에 해당한다고 설명했다. 한편, 이번 정지로 인해 투자자들은 거래 재개 전까지 주식 매매가 제한되므로, 신주권 변경상장 일정을 지속적으로 확인할 필요가 있다. 정지기간 이후에는 정상적으로 거래가 재개될 예정이다.",0,321370|센서뷰,https://www.topstarnews.net/news/articleView.html?idxno=16026980
321370,"NASA의 ‘아르테미스(Artemis)’ 달 탐사 프로젝트에 핵심 발사체 공급자로 참여하고 있는 만큼, 스페이스X는 향후 인류의 유인 우주 이주 로드맵의 중심에서 계속해서 존재감을 발휘할 전망이다. 2026년에는 1만 개 수준으로 확대될 전망이다.","1일 한국거래소에 따르면 센서뷰, 아주IB투자, 스피어, 미래에셋증권, 미래에셋벤처투자는 상승했다. 센서뷰와 아주IB투자는 전 거래일 대비 각각 515원, 1250원 오른 3655원과 9370원에 거래를 마쳤다. 센서뷰와 아주IB투자의 주가 상승률은 각각 16.40%, 15.39%다.",1,321370|센서뷰,http://www.finomy.com/news/articleView.html?idxno=252484
321370,"한화시스템은 IT 서비스와 군수장비 생산 및 판매를 주요 사업으로 하고 있으며, 최근 매출액은 2조8036억8605만원이다. 계약 기간은 2026년 3월 30일부터 2029년 2월 14일까지로 설정됐다.","계약 기간은 2026년 3월 30일부터 2029년 2월 14일까지로 설정됐다. 계약금 및 선급금은 현금으로 지급되며, 구매확인서 마감 후 10일, 20일, 31일에 대금이 지급될 예정이다. 지체상금률은 0.075%로 명시됐다. 한화시스템은 IT 서비스와 군수장비 생산 및 판매를 주요 사업으로 하고 있으며, 최근 매출액은 2조8036억8605만원이다. 센서뷰는 자체 생산과 외주 생산 방식을 모두 활용해 계약을 이행할 예정이다. 센서뷰는 2023년 7월 19일 코스닥 시장에 상장된 전자부품 제조업체다.",1,321370|센서뷰,https://www.digitaltoday.co.kr/news/articleView.html?idxno=650230
177350,"5) 본건은 지난 2025년 한 해의 성과에 대한 보상과 향후 회사의 지속 성장을 견인할 임직원에 대한 동기부여 목적이며, 당사가 보유중인 자기주식을 주식 계좌에 무상출연하는 건입니다.6) 1일 매도 주문수량 한도는 증권시장을 통한 장내 매도가 아니므로 해당사항 없습니다.7) 2026년 3월 6일 시행된 개정 상법에 따라, 자기주식 처분에 관한 최종 승인 권한이 주주총회로 변경되었습니다. 이번 처분은 2025년 한 해 동안의","처분 대상 주식의 가격은 1093원으로, 임직원 50명을 대상으로 주식을 이체할 예정이다. 이번 처분은 2025년 한 해 동안의 성과에 대한 보상 및 동기부여를 목적으로 하며, 처분 결정일은 2026년 3월 16일이다. 베셀의 발행주식총수는 1965만3767주로, 이번 처분으로 인한 주식가치 희석효과는 미미할 것으로 보인다.",1,177350|베셀,https://www.digitaltoday.co.kr/news/articleView.html?idxno=641746
177350,"3일 OLED 테마 지수는 전 거래일 대비 1.11% 상승하며 디스플레이 업황 회복에 대한 기대감을 반영 중이다. 이어 ""전기차 시장 내 시인성 높은 디스플레이 수요가 늘고 있어 자동차 전장용 OLED 부품주들에 대한 재평가도 기대된다""라고 덧붙였다.","글로벌 IT 기기들의 디스플레이 교체 주기가 도래하고 스마트폰에 이어 태블릿, 노트북 등 IT 기기 전반으로 OLED(유기발광다이오드) 채택이 확산되면서 관련 주가가 강한 반등을 시도하고 있다. 3일 OLED 테마 지수는 전 거래일 대비 1.11% 상승하며 디스플레이 업황 회복에 대한 기대감을 반영 중이다. 애플의 아이폰 시리즈와 아이패드 라인업의 OLED 전환 가속화가 국내 부품·장비사들의 실적 개선으로 이어질 것이라는 관측이 지배적이다.",1,177350|베셀,https://www.pinpointnews.co.kr/news/articleView.html?idxno=442557
177350,"잉크젯 프린팅 공정 솔루션 전문 엔젯은 8.23% 오른 5130원을 기록하고 있으며, 디스플레이 핵심 부품 제조사인 이노테크는 8.17% 상승한 1만 9060원에 거래되고 있다. 글로벌 LED 전문 기업 서울반도체는 자동차 및 가전용 수요 증가에 힘입어 7.84% 상승한 9350원을 기록 중이다.","글로벌 IT 기기의 OLED 탑재 비중이 급격히 늘어나고 차세대 디스플레이인 마이크로 LED 시장이 개화하면서 국내 디스플레이장비 및 부품 업종이 강력한 동반 상승세를 나타내고 있다. 스마트폰을 넘어 태블릿, 노트북, 전장용 디스플레이로의 적용 범위 확대가 국내 소부장 기업들의 신규 수주로 이어지며 업종 전반의 투자 심리를 자극하는 모습이다. 가장 눈에 띄는 탄력을 보이는 종목은 럭스피아다.",1,177350|베셀,https://www.pinpointnews.co.kr/news/articleView.html?idxno=441815
177350,차세대 배터리 소재 전문기업 솔루스첨단소재가 꿈의 배터리로 불리는 전고체 배터리용 핵심 소재 개발을 완료하고 시장 선점에 나섰다. 솔루스첨단소재는 전고체 배터리의 핵심 부품인 차세대 집전체 개발을 마치고 본격적인 양산 준비에 들어갔다.,"글로벌 디스플레이 시장의 중심축이 LCD에서 OLED(유기발광다이오드)로 빠르게 이동하면서 25일 관련 테마주들이 주식시장에서 강력한 반등 모멘텀을 형성하고 있다. 애플이 아이패드에 이어 맥북 시리즈까지 OLED 탑재를 확대하기로 결정하면서, 국내 장비 및 소재 기업들의 실적 개선 기대감이 투심을 자극하는 현재 상황이다. 차량용 디스플레이 시장에서도 OLED 채택률이 가파르게 상승하며 새로운 먹거리로 급부상하고 있다.",1,177350|베셀,https://www.pinpointnews.co.kr/news/articleView.html?idxno=439889
177350,"케이휴머스가 최대주주 변경 수반 주식 담보제공 계약 체결(채무금액:60억원, 담보설정금액:60억원). 최○○이 주주총회 개최금지 가처분신청 소송 취하 ▶디앤디플랫폼리츠, 투자 목적으로 세미콜론수송위탁관리부동산투자회사 주식 4,100,000주를 205억원에 추가로 취득하기로 결정(취득후지분율:17.14%, 취득예정일:2026-03-30) ▶캐리, 공시변경으로 불성실공시법인 지정예고(결정시한:2026-04-15).","▶EDGC, 83.33% 비율의 감자 결정(기준일:2026-03-20, 상장예정:2026-04-27). 기타자금 확보 목적으로 해밀리 등 대상 165,000,000주(165억원) 규모 제3자배정 유상증자 결정(발행가:100원, 상장예정:2026-04-28). 블루닷마이다스글로벌사모투자(합) 등 대상 224,797,110주 규모 제3자배정 유상증자 결정(발행가:100원, 상장예정:2026-04-27) ▶대한조선, 아프리카 지역 선주와 1,338억원(최근 매출액대비 12.44%) 규모 공급계약(원유운반선(157,000 DWT) 1척) 체결(계약기간:2026-03-20~2",1,177350|베셀,https://www.catchnews.kr/news/articleView.html?idxno=121897
003555,"한국거래소에 따르면 에너빌리티와 로보틱스 등 핵심 자회사들의 수주 모멘텀이 부각되며 7.80% 상승한 110만 6,000원에 거래 중이다. AI 가속기에 필수적인 하이엔드 동박적층판(CCL)을 엔비디아 등 글로벌 빅테크에 공급 반도체 소재 시장의 게임 체인저로 부상했다.","정부의 기업 가치 제고(밸류업) 프로그램이 구체화되면서 국내 복합기업 업종이 1일 강력한 상승 동력을 얻고 있다. 주요 지주사들은 자회사들의 실적 호조를 바탕으로 현금 흐름이 개선되고 있으며, 이를 토대로 한 자사주 매입 및 소각 등 적극적인 주주환원 정책이 투자자들의 시선을 끌고 있다. 에너지, 반도체, 바이오 등 핵심 사업군을 보유한 그룹주를 중심으로 기관과 외국인의 동반 매수세가 유입되는 양상이다.",1,003555|LG우,https://www.pinpointnews.co.kr/news/articleView.html?idxno=441767
003555,"반도체 및 ICT 투자 전문 지주사인 SK스퀘어 역시 자회사인 SK하이닉스의 성장에 따른 배당 확대 기대감에 7.34% 오른 57만원을 기록하며 강세를 보였다. 증권업계 전문가는 ""복합기업은 자회사의 실적뿐만 아니라 그룹 전체의 거버넌스 개선 여부가 주가에 큰 영향을 미친다""며 ""정부의 기업 밸류업 프로그램에 적극적으로 화답하는 그룹주를 중심으로 매수세가 집중되고 있다""고 설명했다.",국내 증시에서 지주사와 상사 등 다양한 사업군을 거느린 복합기업 업종이 전일 대비 2.54% 상승하며 장을 마쳤다. 주요 대기업 그룹주를 중심으로 자회사 가치 재평가와 지배구조 개편에 대한 기대감이 유입된 것이 업종 전체의 온기를 불어넣었다. 인공지능(AI)과 신사업 비중을 높이고 있는 그룹사들이 시장의 선택을 받았다.,1,003555|LG우,https://www.pinpointnews.co.kr/news/articleView.html?idxno=424036
003555,"전방 산업인 디스플레이와 배터리 시장의 회복세가 화학 소재 기업들의 실적 개선으로 이어질 것이라는 분석이 주가를 끌어올린 원동력이었다. 사업 다각화에 성공한 DL과 농약 및 비료 소재의 인바이오, 합성고무 부문의 수익성이 견조한 금호석유화학과 금호석유화학우가 상승 마감했다.",지나친 공급 과잉으로 침체를 겪던 국내 화학 업계에 훈풍이 불고 있다. 화학 테마는 7일 중국의 경기 부양책에 따른 수요 회복 기대감과 고부가가치 스페셜티 제품군을 보유한 기업들을 중심으로 매수세가 유입되며 상승 마감했다. 이차전지 소재와 연결된 화학 기업들이 테마 전체의 탄력을 주도하는 양상을 보였다.,1,003555|LG우,https://www.pinpointnews.co.kr/news/articleView.html?idxno=443585
003555,"지구온난화의 주범인 온실가스를 산화시키는 신기술 개발에 박차를 가하는 한편, 최근 급격히 늘어난 북미 AI 데이터센터의 비상용 발전기 시장을 정조준하고 있다. 산업용 자재 및 화학 섬유 강자 코오롱인더는 14.52% 상승한 8만 3600원을 기록하고 있으며, 반도체 및 이차전지 소재 전문 한솔케미칼은 12.08% 상승한 28만 3000원에 거래되고 있다.","글로벌 경기 회복에 따른 전방 산업의 가동률 상승과 이차전지용 첨단 소재 수요가 맞물리며 국내 화학 업종이 1일 강력한 랠리를 펼치고 있다. 전통적인 기초 유화 제품에서 벗어나 반도체용 특수가스, 이차전지 전구체, 고기능성 나노 소재 등 스페셜티 포트폴리오를 보유한 기업들을 중심으로 투자 심리가 급격히 개선되는 양상이다. 원자재 가격 안정세와 환율 효과가 수출 주도형 화학사들의 마진 개선으로 이어지며 업종 전반에 훈풍이 불고 있다.",1,003555|LG우,https://www.pinpointnews.co.kr/news/articleView.html?idxno=441876
003555,"B2B 매출 비중 확대가 이익의 변동성을 낮추며 주가 우상향을 뒷받침하고 있다. 이어 ""전장 사업의 구조적 성장과 함께 AI 가전의 교체 주기가 도래함에 따라 관련 부품 및 완제품 기업들의 실적 우상향 기조가 지속될 전망이다""라고 덧붙였다.","글로벌 경기 회복세와 더불어 인공지능(AI)을 접목한 프리미엄 가전 수요가 늘어나면서 국내 전자제품 업종이 1일 강력한 상승 흐름을 나타내고 있다. 기존 가전 판매 방식에서 벗어나 구독 서비스라는 새로운 비즈니스 모델이 실적을 견인하고 있으며, 전장(자동차 전기·전자 장치) 부품 사업의 수익성이 본궤도에 오르면서 업종 전반의 밸류에이션이 재평가받는 양상이다. 가장 독보적인 상승세를 보이는 종목은 LG전자다.",1,003555|LG우,https://www.pinpointnews.co.kr/news/articleView.html?idxno=441805
023760,"""임기 내 1000억원의 순익을 달성하겠다."" 정상철 한국캐피탈 대표가 부임 첫날 임직원들과의 상견례 자리에서 내건 목표였다. 당시 내부에서는 놀란 기색이 역력했던 것으로 전해진다. 이전의 실적 궤적을 비추어 볼 때...","""임기 내 1000억원의 순익을 달성하겠다."" 정상철 한국캐피탈 대표가 부임 첫날 임직원들과의 상견례 자리에서 내건 목표였다. 당시 내부에서는 놀란 기색이 역력했던 것으로 전해진다. 이전의 실적 궤적을 비추어 볼 때...",1,023760|한국캐피탈,https://www.thebell.co.kr/free/content/ArticleView.asp?key=202603310811284740108729
023760,법인세 차감 전 순이익 역시 2조2334억원으로 지주 실적 대부분을 증권이 책임지고 있다. 7일 증권업계에 따르면 한국금융지주 실적은 한국투자증권에 크게 의존하고 있다.,업계에서는 김남구 회장이 메리츠금융지주의 '보험·증권 시너지' 모델을 염두에 두고 있다는 분석이 나온다. 7일 증권업계에 따르면 한국금융지주 실적은 한국투자증권에 크게 의존하고 있다. 한국금융지주의 경우 지난해 연결 기준 영업수익 20조5444억원을 기록했다.,1,023760|한국캐피탈,http://www.finomy.com/news/articleView.html?idxno=252789
023760,한국투자저축은행의 지난해 누적 당기순이익은 12억원으로 전년 480억원 대비 97.5% 급감했다. 한국투자저축은행의 지난해 대손충당금은 4181억원으로 전년 3569억원 대비 17.1% 증가했다.,"금융권에 따르면 한국투자저축은행은 지난 20일 임원후보추천위원회를 열고 전찬우 대표이사를 최고경영자(CEO) 후보로 단독 추천했으며 주주총회와 이사회 의결을 거쳐 연임이 최종 확정됐다. 전 대표는 2024년 한국투자저축은행 대표이사로 선임된 뒤 지난해 한 차례 연임에 성공한 데 이어 1년 더 회사를 이끌게 됐다. 다만, 경영 환경은 녹록지 않다.",1,023760|한국캐피탈,https://news.dealsitetv.com/articles/167493
023760,송병준 벤처기업협회장은 “추경 예산이 현장의 혁신벤처기업에 신속히 전달돼 경제 회복과 혁신 성장의 마중물이 되기 위해 국회가 민생 경제 회복을 최우선으로 두고 추경예산안을 조속히 처리해주길 촉구한다”고 밝혔다. 김학균 한국벤처캐피탈협회장은 “대외 불확실성이 지속되는 상황에서 이번 추경은 벤처 생태계의 안정적 작동과 혁신기업에 대한 지속적 투자 기반을 뒷받침하는 계기가 될 것”이라며 “추경안이 조속히 통과돼 벤처투자시장에 즉각적,수정 2026-04-02 10:48 입력 2026-04-02 10:47 벤처업계가 2일 정부가 중동 전쟁 등 대외 불확실성 대응을 위해 마련한 2026년도 추가경정예산안에 대해 환영의 입장을 표했다. 업계는 이번 추경이 수출 벤처·스타트업 피해 최소화와 소상공인 경영 안정을 위한 자금을 시의적절하게 반영했다고 평가했다. 아울러 스타트업 창업 생태계 활성화와 지역 중소 제조기업의 인공지능(AI) 전환 지원까지 담아 단기 위기 대응과 중장기 성장 동력 확충을 함께 추진한다는 점에 의미를 부여했다.,1,023760|한국캐피탈,https://www.etoday.co.kr/news/view/2572021
460870,"이 외 주요 내용으로 최승호는 키움증권과 주식담보계약을 3월 9일 체결했으며 대상 주식등의 수는 146만7305주다. (2) 보고자에 대한 구체적인 사항(법인, 기타단체, 법령상조합, 민법상 조합의 경우 기재) (2) 특별관계자에 대한 구체적인 사항(법인, 기타단체, 법령상조합, 민법상 조합의 경우 기재) (2) 집합투자업자에 대한 구체적인 사항 ※ 교환대상이 주식인 교환사채권, 기초자산이 주식인 증권예탁증권ㆍ파생결합증권 및","주요 내역을 보면, 보고자 최승호는 558만9482주, 27.85%, 특별관계자 조보화는 163만3500주, 8.14%, 최민호는 85만주, 4.23%를 보유 중이다. 이 외 주요 내용으로 최승호는 키움증권과 주식담보계약을 3월 9일 체결했으며 대상 주식등의 수는 146만7305주다. 조보화는 NH투자증권과 주식담보계약을 체결했다.",1,460870|에스엠씨지,https://www.digitaltoday.co.kr/news/articleView.html?idxno=638716
460870,에스엠씨지가 9일 코스닥 상장 1주년을 맞아 기관투자자를 대상으로 공장 탐방형 기업설명회(IR)를 열며 투자자 소통 강화에 나섰다고 밝혔다.화장품 유리용기 전문기업 에스엠씨지는 지난 6일 부국증권 등 16개 기관투자자와 애널리스트를 초청해 안성 공장 탐방 및 기업설명회를 개최했다.이번,에스엠씨지가 9일 코스닥 상장 1주년을 맞아 기관투자자를 대상으로 공장 탐방형 기업설명회(IR)를 열며 투자자 소통 강화에 나섰다고 밝혔다.화장품 유리용기 전문기업 에스엠씨지는 지난 6일 부국증권 등 16개 기관투자자와 애널리스트를 초청해 안성 공장 탐방 및 기업설명회를 개최했다.이번,1,460870|에스엠씨지,https://www.g-enews.com/view.php?ud=202603091529267429df2f5bc1bc_1
460870,"검수 공정의 육안 검사를 자동비전 검수시스템을 도입해 대체함으로써 검수 공정 인건비를 최대 60% 감축, 제품 품질 향상과 글로벌 경쟁력을 확보하고, 주요 고정비 항목인 전력비용도 FEMS(공장에너지관리시스템)를 상반기까지 도입해 에너지 비용을 5%까지 감축한다는 전략이다. 에스엠씨지에 따르면 지난해말부터 기존 1개 라인에서 1개 제품만 생산하던 방식에서 2개 제품이 생산 가능하도록 설비투자를 진행해 최근 완료, 이달부터 1개","에스엠씨지에 따르면 지난해말부터 기존 1개 라인에서 1개 제품만 생산하던 방식에서 2개 제품이 생산 가능하도록 설비투자를 진행해 최근 완료, 이달부터 1개 라인이 가동에 들어갔다. 다른 라인도 생산에 지장이 없도록 순차적으로 양산 시스템을 보강 구축해 제품 교체에 따른 로스를 최소화한다는 계획이다. 검수 공정의 육안 검사를 자동비전 검수시스템을 도입해 대체함으로써 검수 공정 인건비를 최대 60% 감축, 제품 품질 향상과 글로벌 경쟁력을 확보하고, 주요 고정비 항목인 전력비용도 FEMS(공장에너지관리시스템)를 상반기까지 도입해 에너지 비용을 5%까지 감축한다는 전략이다",1,460870|에스엠씨지,https://daily.hankooki.com/news/articleView.html?idxno=1344272
460870,"화장품 유리용기 전문기업 에스엠씨지는 코스닥 상장 1주년을 맞아 지난 6일 부국증권 등 16개 기관투자자 및 애널리스트를 대상으로 안성 공장 탐방 및 기업설명회(IR)를 개최했다고 9일 밝혔다. 또 검수 공정의 육안 검사를 자동비전 검수시스템을 도입해 대체함으로써 검수 공정 인건비를 최대 60% 감축, 제품 품질 향상과 글로벌 경쟁력을 확보하고, 주요 고정비 항목인 전력비용도 공장에너지관리시스템(FEMS)을 상반기까지 도입해","화장품 유리용기 전문기업 에스엠씨지는 코스닥 상장 1주년을 맞아 지난 6일 부국증권 등 16개 기관투자자 및 애널리스트를 대상으로 안성 공장 탐방 및 기업설명회(IR)를 개최했다고 9일 밝혔다. 기관투자자 일행은 최근 성공적으로 멀티 생산 가동에 들어간 라인을 직접 참관했다. 에스엠씨지는 지난해 말부터 기존 1개 라인에서 1개 제품만 생산하던 방식에서 2개 제품이 생산할 수 있도록 설비투자를 진행해 최근 완료, 이달부터 1개 라인이 가동에 들어갔다.",1,460870|에스엠씨지,https://www.etoday.co.kr/news/view/2563323
460870,"또한 주요 고정비 항목인 전력비용도 공장에너지관리시스템(FEMS)을 상반기까지 도입해 에너지 비용을 5%까지 감축한다는 전략이다. 에스엠씨지는 지난해 말부터 기존 1개 라인에서 1개 제품만 생산하던 방식에서 2개 제품이 생산 가능하도록 설비투자를 진행해 최근 완료했으며, 이달부터 1개 라인이 가동에 들어갔다.","!AI가 자동 생성한 요약으로 정확하지 않을 수 있어요. 회사에 따르면 기관투자자 일행은 최근 성공적으로 멀티 생산 가동에 들어간 라인을 직접 참관했다. 에스엠씨지는 지난해 말부터 기존 1개 라인에서 1개 제품만 생산하던 방식에서 2개 제품이 생산 가능하도록 설비투자를 진행해 최근 완료했으며, 이달부터 1개 라인이 가동에 들어갔다.",1,460870|에스엠씨지,https://www.newspim.com/news/view/20260309000686
009730,"이사회 결의일은 2026년 3월12일로, 회사는 이를 원자재 발주일자로 설명했다. 선급금 총잔액은 1억5000만원으로 기재됐다.","이사회 결의일은 2026년 3월12일로, 회사는 이를 원자재 발주일자로 설명했다. 선급금 총잔액은 1억5000만원으로 기재됐다. 종목 시세 정보에 따르면 이렘의 주가는 4월 6일 16시 10분 기준 550원이며, 전일 대비 16원(-2.83%) 하락했다. 이렘은 1990년 7월 27일 코스닥시장에 상장된 1차 철강 제조업체다.",1,009730|이렘,https://www.digitaltoday.co.kr/news/articleView.html?idxno=654127
009730,"한국거래소 공시에 따르면 이렘의 투자주의환기종목 지정일은 2026년 4월 7일이며, 기타 추가적인 조치 또는 세부사항은 별도로 언급되지 않았다. 시장에서는 투자주의환기종목 지정에 따라 이렘의 주식 거래에 각별한 주의가 요구되는 상황으로 받아들여진다.","한국거래소 공시에 따르면 이렘의 투자주의환기종목 지정일은 2026년 4월 7일이며, 기타 추가적인 조치 또는 세부사항은 별도로 언급되지 않았다. 시장에서는 투자주의환기종목 지정에 따라 이렘의 주식 거래에 각별한 주의가 요구되는 상황으로 받아들여진다.",0,009730|이렘,https://www.topstarnews.net/news/articleView.html?idxno=16027139
009730,"2026년 3월 13일 공시에 따르면, 에스앤티제1호투자조합은 제3자배정유상증자를 통해 주식 수를 늘렸으며, 이에 따라 지분율이 3.09% 증가했다. 직전 보고 기준일인 2025년 4월 22일에는 특정증권등의 수가 1095만617주였으며, 이번 보고 기준일인 2026년 3월 13일에는 1511만62주로 증가했다.","2026년 3월 13일 공시에 따르면, 에스앤티제1호투자조합은 제3자배정유상증자를 통해 주식 수를 늘렸으며, 이에 따라 지분율이 3.09% 증가했다. 직전 보고 기준일인 2025년 4월 22일에는 특정증권등의 수가 1095만617주였으며, 이번 보고 기준일인 2026년 3월 13일에는 1511만62주로 증가했다. 이렘의 주가는 2026년 3월 13일 장마감 기준으로 608원으로, 전일 대비 10원 하락했다.",1,009730|이렘,https://www.digitaltoday.co.kr/news/articleView.html?idxno=640940
009730,"(2) 보고자에 대한 구체적인 사항(법인, 기타단체, 법령상조합, 민법상 조합의 경우 기재) ※에스앤티제1호투자조합은 2025년 신설된 조합으로, 2025사업연도 결산이 완료되지 아니하여 최근 결산기 재무현황은 기재하지 아니하였습니다.【보고자의 최대주주가 법인, 기타단체, 법령상조합, 민법상 조합의 경우】 (2) 특별관계자에 대한 구체적인 사항(법인, 기타단체, 법령상조합, 민법상 조합의 경우 기재) (2) 집합투자업자에 대한","주요 내역을 보면, 보고자 에스앤티 제1호 투자조합은 1511만62주, 20.82%를 보유 중이다. 종목 시세 정보에 따르면 이렘의 주가는 3월 13일 16시 10분 기준 608원이며, 전일 대비 10원(1.62%) 하락했다. 이렘은 1990년 7월 27일 코스닥 시장에 상장된 1차 철강 제조업체다.",1,009730|이렘,https://www.digitaltoday.co.kr/news/articleView.html?idxno=640928
009730,"주요 내역을 보면, 보고자 아라스틸산업은 403만9332주, 5.56%를 보유 중이다. 종목 시세 정보에 따르면 이렘의 주가는 2026년 3월 13일 16시 10분 기준 장마감 가격인 608원이며, 전일 대비 10원(1.62%) 하락했다.","주요 내역을 보면, 보고자 아라스틸산업은 403만9332주, 5.56%를 보유 중이다. 아라스틸산업은 제3자배정유상증자를 통해 주식을 취득했다고 밝혔다. 종목 시세 정보에 따르면 이렘의 주가는 2026년 3월 13일 16시 10분 기준 장마감 가격인 608원이며, 전일 대비 10원(1.62%) 하락했다.",1,009730|이렘,https://www.digitaltoday.co.kr/news/articleView.html?idxno=640911
036180,"최근 실적(2024년 12월 연결 기준)에서 자산총계는 537억원, 부채총계는 209억원, 자본총계는 328억원이었다. 매출액은 281억원, 영업손실은 108억원, 당기순손실은 133억원을 기록했다.","이번 해제 대상은 지더블유바이텍 보통주이며, 해제 사유는 상장폐지에 따른 정리매매 개시다. 관련 근거는 코스닥시장상장규정 제18조 및 동규정시행세칙 제19조다. 상장폐지 내역에 따르면 거래소는 기업의 계속성 및 경영의 투명성 등을 종합적으로 고려해 상장폐지 기준에 해당한다고 결정했다.",0,036180|지더블유바이텍,https://www.digitaltoday.co.kr/news/articleView.html?idxno=637020
036180,지더블유바이텍(036180)이 상장폐지 기준에 해당해 정리매매가 개시된다. 한국거래소에 따르면 회사의 보통주는 코스닥시장상장규정 제18조 및 동규정시행세칙 제19조에 근거해 2026년 3월 6일부터 매매거래가 정지...,지더블유바이텍(036180)이 상장폐지 기준에 해당해 정리매매가 개시된다. 한국거래소에 따르면 회사의 보통주는 코스닥시장상장규정 제18조 및 동규정시행세칙 제19조에 근거해 2026년 3월 6일부터 매매거래가 정지...,0,036180|지더블유바이텍,https://www.topstarnews.net/news/articleView.html?idxno=15990781
036180,지더블유바이텍(036180)이 부여받은 9개월의 개선기간이 종료됨에 따라 상장폐지 여부가 조만간 결정될 예정이다. 한국거래소에 따르면 코스닥시장위원회는 지난 25년 4월 8일 지더블유바이텍에 9개월의 개선기간을...,지더블유바이텍(036180)이 부여받은 9개월의 개선기간이 종료됨에 따라 상장폐지 여부가 조만간 결정될 예정이다. 한국거래소에 따르면 코스닥시장위원회는 지난 25년 4월 8일 지더블유바이텍에 9개월의 개선기간을...,0,036180|지더블유바이텍,https://www.topstarnews.net/news/articleView.html?idxno=15929152
036180,기업회생절차(법정관리)중인 코스닥 상장사 지더블유바이텍이 공개 매각에 나섰다. 24일 투자은행(IB)업계에 따르면 지더블유바이텍의 매각 주간사인 삼일회계법인은 내달 2일까지 잠재 매수자들을 대상으로 인수의향서...,기업회생절차(법정관리)중인 코스닥 상장사 지더블유바이텍이 공개 매각에 나섰다. 24일 투자은행(IB)업계에 따르면 지더블유바이텍의 매각 주간사인 삼일회계법인은 내달 2일까지 잠재 매수자들을 대상으로 인수의향서...,1,036180|지더블유바이텍,http://www.fnnews.com/news/202509231508402719
092230,"최근 실적에 따르면, 진양홀딩스는 2024년 12월 연결 기준으로 자산총계 6670억원, 부채총계 2259억원, 자본총계 4411억원을 기록했다. 매출액은 2868억원, 영업이익은 49억원, 당기순이익은 209억원이다.","이번 주식 취득은 구주주배정 유상증자에 따른 것으로, 취득 단가는 2250원으로 확정됐다. 진양홀딩스의 2026년 3월 18일 장마감 기준 주가는 전일 대비 0.33% 상승한 3035원을 기록했다. 최근 실적에 따르면, 진양홀딩스는 2024년 12월 연결 기준으로 자산총계 6670억원, 부채총계 2259억원, 자본총계 4411억원을 기록했다.",1,092230|KPX홀딩스,https://www.digitaltoday.co.kr/news/articleView.html?idxno=642597
092230,"KPX홀딩스와 특별관계자 6인의 2026년 3월 18일 기준 진양홀딩스 보유 주식등의 수는 4323만375주, 보유 비율은 67.66%로 보고됐다. 세부 변동 내역을 보면, 2026년 3월 12일 KPX홀딩스는 유상신주취득으로 의결권있는 주식 557만3507주가 증가했다.","KPX홀딩스와 특별관계자 6인의 2026년 3월 18일 기준 진양홀딩스 보유 주식등의 수는 4323만375주, 보유 비율은 67.66%로 보고됐다. 주요 내역을 보면, 보고자 KPX홀딩스는 4308만9797주, 67.43%, 특별관계자 이나영은 4786주, 0.01%, 양재웅은 5783주, 0.01%를 보유 중이다. 이번 보고 사유는 구주주배정 유상증자 참여에 따른 신주 취득·구주주배정 유상신주 취득 및 발행회사의 발행주식총수 증가 등에 따른 보유비율 등의 변동으로 제시됐다.",1,092230|KPX홀딩스,https://www.digitaltoday.co.kr/news/articleView.html?idxno=642598
092230,KPX홀딩스는 2025년 당기순이익이 1160억7869만5000원으로 전년 1187억7947만8000원보다 2.3% 감소했다고 밝혔다. 회사 측은 실적 변동의 주요 원인으로 판매수량 감소와 제품판가 및 원재료 스프레드 축소에 따른 영업이익 감소를 들었다.,KPX홀딩스는 2025년 당기순이익이 1160억7869만5000원으로 전년 1187억7947만8000원보다 2.3% 감소했다고 밝혔다. 결산 기간은 2025년 1월 1일부터 2025년 12월 31일까지다. 회사 측은 실적 변동의 주요 원인으로 판매수량 감소와 제품판가 및 원재료 스프레드 축소에 따른 영업이익 감소를 들었다.,0,092230|KPX홀딩스,https://www.digitaltoday.co.kr/news/articleView.html?idxno=627722
092230,"이번 주식 수 감소의 주요 원인은 2025년 12월 1일에 발생한 회사분할이다. 최근 실적을 보면, KPX케미칼은 2024년 12월 결산 기준으로 자산 총계 8806억원, 부채 총계 1794억원, 자본 총계 7013억원을 기록했다.",이번 주식 수 감소의 주요 원인은 2025년 12월 1일에 발생한 회사분할이다. 이에 따라 KPX홀딩스의 지분율은 52.55%에서 52.28%로 0.27%포인트 하락했다. KPX케미칼의 주가는 12월 8일 오전 10시 50분 한국거래소 기준으로 전일 대비 변동 없이 5만2900원에 거래되고 있다.,1,092230|KPX홀딩스,https://www.digitaltoday.co.kr/news/articleView.html?idxno=610965
092230,KPX일렉트로켐은 LCD용 세정제를 비롯해 반도체용 식각액과 반도체 소모성 원료인 CMP PAD를 제조하는 회사다. KPX홀딩스는 KPX일렉트로켐을 신규 자회사로 편입했다고 2일 공시했다.,KPX홀딩스는 KPX일렉트로켐을 신규 자회사로 편입했다고 2일 공시했다. KPX일렉트로켐은 LCD용 세정제를 비롯해 반도체용 식각액과 반도체 소모성 원료인 CMP PAD를 제조하는 회사다. 기존 KPX케미칼 내 전자재료사업부문이 인적분할되면서 신설됐다. 총자산은 729억원 수준이다.,1,092230|KPX홀딩스,https://www.bloter.net/news/articleView.html?idxno=648664
050860,"신형 관리기·SS기 등 주력 기종 대거 전시… 농민 호응 이끌어내 농기계 전문 기업 아세아텍(대표이사 김신길·김은수)이 지난 2월 27일 대구를 시작으로 경기, 충남, 전북을 잇는 ‘2026년 전국 순회 연전시’ 행사를 성황리에 마무리했다고 밝혔다. 각 지역 행사장마다 기종별 전문 인력을 배치해 주요 장비의 특장점과 성능을 상세히 설명하고, 방문객들이 장비를 직접 조작해 볼 수 있도록 체험과 상담 공간을 강화했다.","신형 관리기·SS기 등 주력 기종 대거 전시… 농민 호응 이끌어내 농기계 전문 기업 아세아텍(대표이사 김신길·김은수)이 지난 2월 27일 대구를 시작으로 경기, 충남, 전북을 잇는 ‘2026년 전국 순회 연전시’ 행사를 성황리에 마무리했다고 밝혔다. 이번 연전시는 2월 27일 대구, 3월 4일 경기, 3월 5일 충남 홍성, 3월 6일 전북 정읍 순으로 진행됐다. 본격적인 농번기를 앞두고 열린 이번 행사는 각 지역 농업인들이 대거 참여한 가운데, 단순한 전시를 넘어 신제품 공개와 직접적인 제품 체험을 중심으로 운영되어 큰 관심을 모았다.",1,050860|아세아텍,https://www.joongdo.co.kr/web/view.php?key=20260309001639411
050860,한국거래소에 따르면 대형 공작기계 전문 기업 한국정밀기계는 수주 회복 기대감이 작용하며 이날 8.97% 급등 2975원에 장을 마감했다. 절삭공구 분야의 강자 와이지-원은 글로벌 공급망 다변화 수혜주로 꼽히며 7.38% 상승한 1만 2810원을 기록했다.,글로벌 경기 회복과 북미 중심의 인프라 재건 수요가 맞물리면서 기계 업종 내 대형 건설기계와 정밀 가공 기업들이 강세를 보였다. 반면 최근 급등했던 로봇 및 스마트 팩토리 관련주들은 고점 부담과 외인 매도세에 밀려 하락하는 등 업종 내에서도 확연한 온도 차를 드러냈다. 한국거래소에 따르면 대형 공작기계 전문 기업 한국정밀기계는 수주 회복 기대감이 작용하며 이날 8.97% 급등 2975원에 장을 마감했다.,1,050860|아세아텍,https://www.pinpointnews.co.kr/news/articleView.html?idxno=438335
050860,작물보호제 제조사인 경농과 친환경 방제 기술을 보유한 인바이오 역시 농작물 피해 방지 수요 증가 기대감에 힘입어 상승 흐름을 이어가고 있다. 농업 관련 종목들이 13일 글로벌 식량 가격 상승과 본격적인 농번기 진입에 따른 수요 기대감으로 장중 강한 탄력을 보이고 있다.,농업 관련 종목들이 13일 글로벌 식량 가격 상승과 본격적인 농번기 진입에 따른 수요 기대감으로 장중 강한 탄력을 보이고 있다. 비료와 종자 등 농업 전방 산업을 중심으로 투자심리가 집중되며 테마 전반에 훈풍이 불고 있는 모습이다. 가장 눈에 띄는 상승세를 기록 중인 종목은 조비다.,1,050860|아세아텍,https://www.pinpointnews.co.kr/news/articleView.html?idxno=436427
050860,"세계적인 고객 충성도 조사·컨설팅 기업 브랜드키(Brand Keys, 대표 로버트 파시코프)와 한국소비자포럼(대표 전재호)은 변치 않는 진정성으로 고객과 강한 유대감을 형성한 브랜드를 발굴하고 널리 알리기 위해 ‘2026 브랜드 고객충성도 대상’ 소비자 조사를 실시한다.대한민국 소비자라면 누구나 ‘브랜드 고객충성도 대상' 공식 홈페이지를 통해 조사에 참여할 수 있으며, 조사는 3월 9일부터 22일까지 14일간 온라인 및 일대일","세계적인 고객 충성도 조사·컨설팅 기업 브랜드키(Brand Keys, 대표 로버트 파시코프)와 한국소비자포럼(대표 전재호)은 변치 않는 진정성으로 고객과 강한 유대감을 형성한 브랜드를 발굴하고 널리 알리기 위해 ‘2026 브랜드 고객충성도 대상’ 소비자 조사를 실시한다.대한민국 소비자라면 누구나 ‘브랜드 고객충성도 대상' 공식 홈페이지를 통해 조사에 참여할 수 있으며, 조사는 3월 9일부터 22일까지 14일간 온라인 및 일대일 전화설문을 통해 진행된다. 이번 조사는 가전, 뷰티, 자동차, 주거/건설/중공업, 인물/문화 등 16개 산",1,050860|아세아텍,https://www.gukjenews.com/news/articleView.html?idxno=3521369
050860,"고금리 지속에 따른 기업들의 설비 투자 축소와 더불어 글로벌 경기 둔화 우려로 건설 및 제조 현장의 기계 수요가 급감한 것이 주가 폭락의 주된 원인이 되었다. 원자력 및 화력 발전 설비의 핵심인 두산에너빌리티가 16.82% 하락 8만 600원에 거래를 마쳤으며, 승강기 시장 점유율 1위인 현대엘리베이터는 13.74% 급락한 8만 1600원을 기록했다.",국가 산업의 근간인 기계 업종이 4일 주식시장에서 기록적인 하락세를 보이며 장을 마감했다. 업종 지수는 전일 대비 16.69% 폭락 전 섹터 중 가장 뼈아픈 수치를 기록했다. 고금리 지속에 따른 기업들의 설비 투자 축소와 더불어 글로벌 경기 둔화 우려로 건설 및 제조 현장의 기계 수요가 급감한 것이 주가 폭락의 주된 원인이 되었다.,1,050860|아세아텍,https://www.pinpointnews.co.kr/news/articleView.html?idxno=433993
003550,"LG화학, BPA 사업 지분 매각 검토…범용 석화 재편 속도 “집도 못 사고 전세도 없다”...전월세 실수요자 ‘벼랑 끝’ [은행 풍향계] 20대 몰렸다…토스뱅크 K-패스 카드, 흥행 비결은 [미-이란 휴전] 한숨 돌린 산업계…‘업황 회복’ 기대 속 ‘전쟁 불씨’ 우려 [미-이란 휴전] 호르무즈해협 열리더라도…정유·석화 ‘중동 의존 줄이기’ 급선무 한화솔루션 “왜 이 지경 됐나”…소액주주들, 유증 방식 넘어 경영진 ‘심판대’",국도화학과 BPA 사업 실사 진행하기도 ▲충남 대산 석유화학 산업단지 전경. 사진=서산시청 LG화학이 비스페놀A(BPA) 사업부 매각을 포함한 사업재편 방안을 검토하는 것으로 전해졌다. 8일 업계에 따르면 LG화학은 BPA 사업부 일부 지분을 매각한 뒤 합작법인(JV)을 세우는 방안을 비롯해 구조 개편을 어떻게 할지 다양한 안을 두고 검토하고 있는 것으로 알려졌다.,1,003550|LG,https://www.ekn.kr/web/view.php?key=20260408025445429
050890,"com)는 실적과 밸류에이션, 수급 매력을 두루 갖춘 20개 종목을 추려낸 결과, 쏠리드이... 1 쏠리드 16,300원 ▲8.2% 93점 100점 99점 79점 27.2 2.8 10.3% 2 SNT에너지 52,100원 ▲11.1% 92점 87점 98점 92점...","com)는 실적과 밸류에이션, 수급 매력을 두루 갖춘 20개 종목을 추려낸 결과, 쏠리드이... 1 쏠리드 16,300원 ▲8.2% 93점 100점 99점 79점 27.2 2.8 10.3% 2 SNT에너지 52,100원 ▲11.1% 92점 87점 98점 92점...",1,050890|쏠리드,https://www.itooza.com/common/iview.php?no=2026040607153306889
050890,"쏠리드, 미래에셋벤처투자, 삼천당제약, 코리아써키트, 대덕전자 등이 역사적 신고가를 돌파한 것으로 나타났다. 25일 쏠리드는 전 거래일 보다 2590원(19.44%) 오른 1만5910원에 장을 마감했다. 쏠리드는 장중...","쏠리드, 미래에셋벤처투자, 삼천당제약, 코리아써키트, 대덕전자 등이 역사적 신고가를 돌파한 것으로 나타났다. 25일 쏠리드는 전 거래일 보다 2590원(19.44%) 오른 1만5910원에 장을 마감했다. 쏠리드는 장중...",1,050890|쏠리드,https://www.mk.co.kr/article/11998370
050890,"통신 장비 전문 기업 쏠리드가 이동통신 투자 둔화 상황 속에서도 실내망 장비를 앞세워 실적 방어에... 7일 금융감독원 전자공시시스템에 따르면 쏠리드 지난해 연결 기준 매출은 2948억원, 영업이익은 333억원을...","통신 장비 전문 기업 쏠리드가 이동통신 투자 둔화 상황 속에서도 실내망 장비를 앞세워 실적 방어에... 7일 금융감독원 전자공시시스템에 따르면 쏠리드 지난해 연결 기준 매출은 2948억원, 영업이익은 333억원을...",1,050890|쏠리드,https://www.etnews.com/20260407000365
050890,"글로벌 지정학적 변수까지 겹치면서 투자 심리가 흔들리는 양상이다.7일 오후 1시 12분 기준 쏠리드는 1만4210원에서 정적 VI가 발동됐으며, 이후 현재가는 1만4215원 수준에서 형성되고 있다. [CBC뉴스] 쏠리드가 장중 변동성 완화장치(VI)가 발동되며 단기 변동성이 확대되는 흐름을 보였다.","[CBC뉴스] 쏠리드가 장중 변동성 완화장치(VI)가 발동되며 단기 변동성이 확대되는 흐름을 보였다. 글로벌 지정학적 변수까지 겹치면서 투자 심리가 흔들리는 양상이다.7일 오후 1시 12분 기준 쏠리드는 1만4210원에서 정적 VI가 발동됐으며, 이후 현재가는 1만4215원 수준에서 형성되고 있다. 발동 직후 가격이 유사한 수준에서 유지되며 매수·매도 세력 간 힘겨루기가 이어지는 모습이다.정적 VI는 주가가 일정 범위를 벗어나 급등 또는 급락할 경우 시장 충격을 완화하기 위해 일시적으로 거래를 정지시키는 장치라고 한다. 특히 최근",1,050890|쏠리드,https://www.cbci.co.kr/news/articleView.html?idxno=566056
050890,"7일 오전 10시 39분 기준, 네이버페이 증권에 따르면 쏠리드 주가가 4월 7일 장중 지난 종가 대비 6.01... 쏠리드의 시가총액은 8,937억 원으로, 코스닥 시장에서 122위에 해당한다. 외국인 투자자의 보유...","7일 오전 10시 39분 기준, 네이버페이 증권에 따르면 쏠리드 주가가 4월 7일 장중 지난 종가 대비 6.01... 쏠리드의 시가총액은 8,937억 원으로, 코스닥 시장에서 122위에 해당한다. 외국인 투자자의 보유...",1,050890|쏠리드,https://www.topstarnews.net/news/articleView.html?idxno=16027604
005940,"윤병운 NH투자증권 대표 ㅣ NH투자증권 NH투자증권은 첫 종합투자계좌(IMA) 상품 'N2 IMA1 중기형 1호'가 완판된 가운데 투자자 55%가 법인 자금이며, 전체 자금 약 60%가 신규 유입된 것으로 나타났다고 8일 밝혔다. 이번...","윤병운 NH투자증권 대표 ㅣ NH투자증권 NH투자증권은 첫 종합투자계좌(IMA) 상품 'N2 IMA1 중기형 1호'가 완판된 가운데 투자자 55%가 법인 자금이며, 전체 자금 약 60%가 신규 유입된 것으로 나타났다고 8일 밝혔다. 이번...",2,005940|NH투자증권,http://www.biztribune.co.kr/news/articleView.html?idxno=352081
005940,"NH투자증권(대표 윤병운)은 6일 완판된 종합투자계좌(IMA) 1호 상품 ‘N2 IMA1 중기형 1호’의 투자자 구성을 분석한 결과, 법인 자금 비중이 55%를 차지했다고 밝혔다. 투자 판단이 까다로운 법인 여유 자금이 절반 이상을 차지했다는 점에서 IMA가 안정성과 수익성을 겸비한 투자처로 시장에서 인정받았다는 평가다.","NH투자증권(대표 윤병운)은 6일 완판된 종합투자계좌(IMA) 1호 상품 ‘N2 IMA1 중기형 1호’의 투자자 구성을 분석한 결과, 법인 자금 비중이 55%를 차지했다고 밝혔다. 전체 판매금액 중 약 60%는 타 금융기관에서 유입된 신규 자산으로 집계됐다. 이번 상품은 법인 투자자 비중이 개인(45%)을 웃돌며 일반적인 리테일 금융상품과 차별화된 자금 유입 구조를 보였다.",2,005940|NH투자증권,https://www.nongmin.com/article/20260408500504
005940,먼저 NH투자증권은 지난 6일부터 기존 차량 5부제를 한층 강화한 차량 2부제(홀짝제)를 자율 시행한다. NH투자증권이 정부의 자원 안보 위기 경보 격상에 따라 농협중앙회 등 범농협 차원의 위기 극복 행보에 발맞춰 전사적인 에너지 절감 정책을 전개한다.,NH투자증권이 정부의 자원 안보 위기 경보 격상에 따라 농협중앙회 등 범농협 차원의 위기 극복 행보에 발맞춰 전사적인 에너지 절감 정책을 전개한다. 8일 NH투자증권에 따르면 이번 조치는 최근 '경계' 단계로 격상된 정부의 자원 안보 위기 상황에 선제적으로 대응하기 위해 마련됐다. 먼저 NH투자증권은 지난 6일부터 기존 차량 5부제를 한층 강화한 차량 2부제(홀짝제)를 자율 시행한다.,1,005940|NH투자증권,http://www.smedaily.co.kr/news/articleView.html?idxno=355323
005940,또한 이번 모집에서는 전체 판매금액의 약 60%가 타 금융기관에서 유입된 신규 자산으로 확인됐다. NH투자증권은 지난 6일 완판된 첫 번째 IMA 상품 ‘N2 IMA1 중기형 1호’의 투자자 구성과 자산 유입 현황 분석 결과를 8일 발표했다.,"NH투자증권은 지난 6일 완판된 첫 번째 IMA 상품 ‘N2 IMA1 중기형 1호’의 투자자 구성과 자산 유입 현황 분석 결과를 8일 발표했다. NH투자증권에 따르면 이번 상품은 판매금액 기준 법인 투자자가 55%로 개인 투자(45%)를 상회했다. 이 같은 흐름은 최근 시장 환경 변화와 맞물린 결과로, 글로벌 관세 갈등 등으로 증시 변동성이 확대되면서 중위험 중수익의 안정적인 투자 니즈가 있는 법인 유동자금이 IMA로 이동한 것으로 분석했다.",2,005940|NH투자증권,http://www.sisafocus.co.kr/news/articleView.html?idxno=358457
101400,"엔시트론은 2009년 3월 31일 코스닥시장에 상장된 반도체 제조업체다. 정지일시는 2026년 4월 13일이며, 만료일시는 신주권 변경상장일 전일까지로 안내됐다.","주권매매거래정지 대상은 엔시트론 보통주다. 정지일시는 2026년 4월 13일이며, 만료일시는 신주권 변경상장일 전일까지로 안내됐다. 이번 조치는 코스닥시장업무규정 제25조 및 동규정시행세칙 제30조에 따른 것이다. 기타 사항으로는 자본감소가 사유로 적시됐다. 종목 시세 정보에 따르면 엔시트론의 주가는 4월 8일 16시 10분 기준 408원이며, 전일 대비 27원(+7.09%) 상승했다. 엔시트론은 2009년 3월 31일 코스닥시장에 상장된 반도체 제조업체다. 주권매매거래정지(주식의병합,분할등전자등록변경,말소)",0,101400|엔시트론,https://www.digitaltoday.co.kr/news/articleView.html?idxno=654931
101400,주주총회 안건 가운데 결손보전을 위한 자본금 감소(무상감자) 안건은 보통결의로 가결됐다. 엔시트론은 2009년 3월31일 코스닥시장에 상장된 반도체 제조업체다.,"주주총회 안건 가운데 결손보전을 위한 자본금 감소(무상감자) 안건은 보통결의로 가결됐다. 해당 안건의 의결권 있는 발행주식총수 기준 찬성률은 36.1%였고, 의결권 행사 주식수 기준 찬성률은 100%로 기재됐다. 주식병합 안건은 특별결의로 가결됐다.",0,101400|엔시트론,https://www.digitaltoday.co.kr/news/articleView.html?idxno=651591
101400,"엔시트론은 2009년 3월 31일 코스닥시장에 상장된 반도체 제조업체다. 최근 실적(2024년 12월 연결 기준)에서 자산총계는 485억원, 부채총계는 93억원, 자본총계는 392억원이다.",엔시트론은 주식병합을 통해 1주당 액면가액을 500원에서 1000원으로 조정한다. 이에 따라 발행주식총수는 보통주식 기준 2348만3576주에서 1174만1788주로 바뀐다. 기재정정에 따라 신주의 효력발생일은 2026년 5월 7일에서 2026년 4월 25일로 변경됐다.,1,101400|엔시트론,https://www.digitaltoday.co.kr/news/articleView.html?idxno=642890
101400,"이번 감자는 결손보전 및 재무구조 개선을 위한 조치로, 1주당 액면가액 500원 보통주 3주를 동일 액면금액 보통주 1주로 병합하는 방식으로 진행된다. [기재정정]주요사항보고서(감자결정) 1) 자본금의 감소는 주주총회 특별결의와 채권자의 이의절차를 거쳐야 하지만, 본 건 자본감소는 상법 제438조제2항 및 제439조제2항에 따라 결손의 보전을 위한 자본금 감소에 해당하여 주주총회 보통결의로 진행되며, 채권자이의제출 절차를 생략","이번 감자는 결손보전 및 재무구조 개선을 위한 조치로, 1주당 액면가액 500원 보통주 3주를 동일 액면금액 보통주 1주로 병합하는 방식으로 진행된다. 감자비율은 보통주 67%로 제시됐다. 기재정정에 따라 감자기준일은 2026년 4월14일로 변경됐다.",0,101400|엔시트론,https://www.digitaltoday.co.kr/news/articleView.html?idxno=642883
101400,음향 반도체 전문기업 엔시트론(408원 ▲27 +7.09%)은 중국 대형 고객사를 중심으로 선발주 물량이 증가하면서 수요가 확대되고 있다고 19일 밝혔다. 중국 대형 가전업체 티씨엘(TCL)과 하이센스 등 주요 고객사들이 공급 차질 가능성에 대비해 핵심 부품 확보를 선제적으로 확대하면서 발주 물량이 증가한 영향이다.,"음향 반도체 전문기업 엔시트론(408원 ▲27 +7.09%)은 중국 대형 고객사를 중심으로 선발주 물량이 증가하면서 수요가 확대되고 있다고 19일 밝혔다. 최근 인공지능(AI) 산업 확대, 중동 전쟁 및 미·중 갈등 장기화 등으로 글로벌 반도체 시장 수급 여건이 제약을 받고 있는 가운데 주요 전자업체들이 선제적 재고 확보에 나서면서 관련 부품 수요도 함께 증가 중이다. 엔시트론의 반도체 주문량도 빠르게 늘어나고 있다.",2,101400|엔시트론,https://www.mt.co.kr/stock/2026/03/19/2026031910312668578
064290,"삼성전자의 사상 최대 실적 발표를 계기로 반도체 슈퍼사이클 기대감이 확대되면서 관련 종목 전반에 매수세가 유입되면서 인텍플러스가 주목받고 있다. HBM 등 첨단 메모리 생산이 늘어날수록 후공정 검사 장비 수요도 함께 증가하는 구조인 만큼, 인텍플러스의 실적 성장 기대감도 반영되는 모습이다.","인텍플러스(064290)는 한국거래소에 따르면 8일 오후 1시 41분 전 거래일 대비 3960원(19.96%) 오른 2만 3800원을 기록했다. 삼성전자의 사상 최대 실적 발표를 계기로 반도체 슈퍼사이클 기대감이 확대되면서 관련 종목 전반에 매수세가 유입되면서 인텍플러스가 주목받고 있다. 삼성전자는 1분기 영업이익 57조원을 기록하며 역대 최대 실적을 경신했고, 이는 AI 확산에 따른 메모리 수요 급증과 가격 상승이 맞물린 결과로 분석된다.",1,064290|인텍플러스,https://www.widedaily.com/news/articleView.html?idxno=291906
064290,"기타 투자판단에 참고할 사항 (1) 상기 주식매수선택권 부여는 당사 정관 제13조 및 상법 제340조의2 제1항 규정에 의거, 2026년 3월 26일 개최된 주주총회에서 승인 받은 내용입니다.(2) 행사가격은 자본시장과 금융투자업에 관한 법률 시행령 제176조의 7 제3항 제1호 규정을 준용하여 주식매수선택권 부여일 전일부터 과거 1주일, 1개월, 2개월간 각 거래량을 가중치로 하여 가중평균한 가격의 산술평균가격입니다.(3)",행사가격은 보통주 1만6594원으로 정했다. 행사기간은 2029년 3월 26일부터 2034년 3월 25일까지다. 이번 부여 이후 인텍플러스의 주식매수선택권 총부여 현황은 보통주 42만9000주다.,1,064290|인텍플러스,https://www.digitaltoday.co.kr/news/articleView.html?idxno=647383
064290,반도체용 패키징 검사 장비 기업 인텍플러스는 대만 테이크윈(takewin International Ltd)와 96억3296만원 규모의 반도체 기판 검사 장비 공급 계약을 체결했다고 4일 공시했다. 계약 금액은 2024년 매출 838억7341만원 대비 11.5% 규모다.,"반도체용 패키징 검사 장비 기업 인텍플러스는 대만 테이크윈(takewin International Ltd)와 96억3296만원 규모의 반도체 기판 검사 장비 공급 계약을 체결했다고 4일 공시했다. 계약 금액은 2024년 매출 838억7341만원 대비 11.5% 규모다. 공급 지역은 대만이며 계약 기간은 올해 3월3일부터 2027년 8월30일까지다. 인텍플러스는 ""이번 계약 장비가 대만 ZDT에 설치될 예정""이라며 ""계약기간 종료일은 고객사 잔금 수령일정이며 향후 일정에 따라 변경될 수 있다""고 설명했다.",2,064290|인텍플러스,https://www.bloter.net/news/articleView.html?idxno=655726
064290,"계약은 2026년 3월 3일부터 2027년 8월 30일까지 진행되며, 판매공급지역은 대만이다. 주요 계약 조건으로는 계약금 선급금이 있으며, 대금지급조건은 발주 1의 경우 계약금 30%, 중도금 50%, 잔금 20%로, 발주 2의 경우 계약금 30%, 중도금 60%, 잔금 10%로 명시됐다.","계약은 2026년 3월 3일부터 2027년 8월 30일까지 진행되며, 판매공급지역은 대만이다. 주요 계약 조건으로는 계약금 선급금이 있으며, 대금지급조건은 발주 1의 경우 계약금 30%, 중도금 50%, 잔금 20%로, 발주 2의 경우 계약금 30%, 중도금 60%, 잔금 10%로 명시됐다. 계약 총 금액은 USD 6711000이며, 이는 서울외국환중개(주)가 고시한 2026년 3월 3일의 매매기준율 1435.4원/USD를 적용한 것이다.",1,064290|인텍플러스,https://www.digitaltoday.co.kr/news/articleView.html?idxno=636671
475460,"트럼프, ""2주간 쌍방 휴전 합의"" 국회 예결위, 2026년도 추경안 논의 시작 삼성전자...매출 133조 '한국 기업사 신기원' 이번 베타 서비스는 약 1500명 규모의 일부 사업자 고객을 대상으로 우선 제공되며, 미트박스 모바일 앱을 통해 이용할 수 있다.","!AI가 자동 생성한 요약으로 정확하지 않을 수 있어요. 회사에 따르면 AI.M은 AI와 Meatbox의 합성어로, 고객의 목표에 맞는 최적의 선택을 돕는 '에이밍(aiming)'의 의미를 담고 있다. 사용자는 이를 통해 상품 추천과 분석, 시세 확인까지 대화로 처리할 수 있으며, 식당과 정육점 등 사업자 고객이 상품 탐색부터 분석까지 다양한 거래 과정을 대화로 해결할 수 있다.",1,475460|미트박스,https://www.newspim.com/news/view/20260408001146
475460,"이번에 선보인 AI.M은 단계적 고도화를 전제로 한 서비스의 초기 단계로, 기존 검색 중심의 불편함을 개선하는 데 초점을 맞췄다. 이번 베타 서비스는 약 1500명 규모의 일부 사업자 고객을 대상으로 우선 제공되며, 미트박스 모바일 앱을 통해 이용할 수 있다.","AI.M은 AI와 미트박스의 합성어로, 고객의 목표에 맞는 최적의 선택을 돕는 ‘에이밍(aiming)’의 의미를 담고 있다. 사용자는 이를 통해 상품 추천과 분석, 시세 확인까지 대화로 처리할 수 있으며, 식당과 정육점 등 사업자 고객이 상품 탐색부터 분석까지 다양한 거래 과정을 대화로 해결할 수 있도록 했다. 식자재 유통업계는 전화·메신저 기반의 수기 거래와 외상 거래 관행이 여전히 남아 있어 다른 산업에 비해 디지털 전환이 더딘 분야로 평가받는다.",1,475460|미트박스,https://www.ddaily.co.kr/page/view/2026040815532444378
475460,"미트박스 AI 챗봇 서비스. 사진=미트박스 글로벌 제공. 매일일보 = 이선민 기자 | 유통가 전반에 인공지능(AI) 챗봇 도입이 확산되는 가운데, 미트박스가 식자재 유통에 특화된 대화형 AI 서비스를 선보이며 산업 전반의...","미트박스 AI 챗봇 서비스. 사진=미트박스 글로벌 제공. 매일일보 = 이선민 기자 | 유통가 전반에 인공지능(AI) 챗봇 도입이 확산되는 가운데, 미트박스가 식자재 유통에 특화된 대화형 AI 서비스를 선보이며 산업 전반의...",1,475460|미트박스,https://www.m-i.kr/news/articleView.html?idxno=1362584
475460,"미트박스는 AI 기반 챗봇 서비스 ‘AI.M’을 베타 오픈했다. 사용자는 대화를 통해 상품 추천과 분석, 시세 확인을 할 수 있다. 미트박스는 MIT를 통해 축산물 시세와 가격 흐름 정보를 제공한다. 오프라인 거래 데이터를...","미트박스는 AI 기반 챗봇 서비스 ‘AI.M’을 베타 오픈했다. 사용자는 대화를 통해 상품 추천과 분석, 시세 확인을 할 수 있다. 미트박스는 MIT를 통해 축산물 시세와 가격 흐름 정보를 제공한다. 오프라인 거래 데이터를...",2,475460|미트박스,http://www.lawissue.co.kr/view.php?ud=202604081213191605204ead0791_12
475460,"축산물 B2B 유통 플랫폼 미트박스는 AI 챗봇 기반 가격·수요 예측 서비스를 앞세워 사업자의 구매 판단까지 개입하는 데이터 플랫폼으로의 전환에 속도를 내고 있다. 하지만 이번 AI 챗봇 서비스에서는 납품 전표나 영수증을 촬영해 업로드하는 것만으로도 납품 가격을 시세와 비교하고, 대안 상품을 추천받는 등 컨설팅을 원스톱으로 받을 수 있다.",“사람같이 도움을 줄 수 있는 도구를 만들어 고객 옆에서 컨설팅을 해주고자 이번 서비스를 만들게 됐습니다. 사장님들의 판매전표나 영수증을 찍기만 해도 어떤 선택이 유리한지 추천을 해드립니다.” 이재성 미트박스 플랫폼개발본부장은 3일 쿠키뉴스와 만나 AI 챗봇 서비스 ‘에임(AI.M)’ 출시 배경에 대해 이와 같이 설명했다. B2B 축산물 유통 시장에도 ‘AI 컨설턴트’가 등장했다.,2,475460|미트박스,https://www.kukinews.com/article/view/kuk202604060084
067290,"이어 일동제약 9.9%, 동국제약 9.7%, 삼성제약 9.5%, 에스티팜 9.3%, 대한약품 9.2%, 셀트리온제약 8.9%, 하이텍팜 8.8%, 한국유나이티드제약 8.4%, 삼진제약 8.3% 등이 평균 이상의 수익성을 확보했다. 반면 화일약품, 영진약품, 삼익제약, 대원제약, 종근당바이오, 한국파마, CMG제약, 국전약품, 경남제약, 이수앱지스, 이연제약, 팜젠사이언스 등 12개사는 적자전환에 따른 마이너스를 기록했다.","집계 대상 87개 기업 중 절반 가량인 44개사만이 수익률이 높아졌고, 42개사는 줄고, 1개사는 같은 수준을 유지한 것으로 나타났다. 특히 현대약품, 알피바이오, 삼천당제약, 명문제약, 신풍제약, CTC바이오, 일동제약, 삼성제약, 제일약품, 부광약품, 테라젠이텍스, 코오롱생명과학 등은 지난해 흑자로 전환되면서 ROE가 급증했다. 반면 화일약품, 영진약품, 삼익제약, 대원제약, 종근당바이오, 한국파마, CMG제약, 국전약품, 경남제약, 이수앱지스, 이연제약, 팜젠사이언스 등 12개사는 적자전환에 따른 마이너스를 기록했다.",1,067290|JW신약,https://www.medipana.com/news/articleView.html?idxno=409331
067290,국내외 클리닉 시장에서 견고한 실적 성장을 이어가고 있는 JW신약이 차세대 면역항암제 개발 등으로 미래 성장동력 확보에도 속도를 낸다. 단순한 의약품 제조·판매를 넘어 혁신 신약개발 역량을 갖춘 '연구개발(R&D)...,국내외 클리닉 시장에서 견고한 실적 성장을 이어가고 있는 JW신약이 차세대 면역항암제 개발 등으로 미래 성장동력 확보에도 속도를 낸다. 단순한 의약품 제조·판매를 넘어 혁신 신약개발 역량을 갖춘 '연구개발(R&D)...,2,067290|JW신약,https://www.mk.co.kr/article/11995732
067290,"■ 인벤티지랩 (389470) CB + BW + 유상증자 3종 동시 발행 4회차 전환사채(CB) 372억5,000만원 (전환가액 91,077원/주, 전환 시 발행주식총수 대비 2.99%) 5회차 신주인수권부사채(BW) 85억원 (행사가 91,077원/주, 발행주식 대비 0.70%) 유상증자 별도 진행 (3중 자금조달), CB 만기 2031.03.16 (만기이자율 3.0%, 표면이율 0%) 시설자금 100억원 + 운영자금 272","■ 인벤티지랩 (389470) CB + BW + 유상증자 3종 동시 발행 4회차 전환사채(CB) 372억5,000만원 (전환가액 91,077원/주, 전환 시 발행주식총수 대비 2.99%) 5회차 신주인수권부사채(BW) 85억원 (행사가 91,077원/주, 발행주식 대비 0.70%) 유상증자 별도 진행 (3중 자금조달), CB 만기 2031.03.16 (만기이자율 3.0%, 표면이율 0%) 시설자금 100억원 + 운영자금 272억5,000만원 확보 목적 동시 다발적 자금조달로 기존 주주 희석 압력 극대화 ■ 지놈앤컴퍼니 (314130) 유상증자 + CB 동시 발행 유상",1,067290|JW신약,https://www.kdpress.co.kr/news/articleView.html?idxno=203147
067290,"탈모 치료 테마는 20일 혁신적인 치료제 개발 소식과 핵심 의약품의 매출 증대 기대감에도 불구하고, 장 막판 쏟아진 중소형주 중심의 차익 실현 매물에 밀려 전일 대비 0.13% 소폭 하락하며 장을 마감했다. 경구용 치료제 시장에서의 점유율 확대 전망이 나오며 9.73% 급등한 2480원에 거래를 마쳤다.","탈모 치료 테마는 20일 혁신적인 치료제 개발 소식과 핵심 의약품의 매출 증대 기대감에도 불구하고, 장 막판 쏟아진 중소형주 중심의 차익 실현 매물에 밀려 전일 대비 0.13% 소폭 하락하며 장을 마감했다. 고령화와 스트레스 증가로 인한 탈모 인구 확대라는 장기적 호재가 존재하나, 임상 결과 발표를 기다리는 바이오주들의 변동성이 테마 전체의 탄력을 둔화시킨 것이 원인으로 분석되었다. 이날 테마의 상승을 주도한 주인공은 탈모 치료제 라인업을 강화 중인 JW신약이었다.",1,067290|JW신약,https://www.pinpointnews.co.kr/news/articleView.html?idxno=431091
007460,"배윤경의 주식등 보유 비율은 10만94주, 0.02%포인트 감소로 나타났다. 추가로 다른 기재 내역을 보면, 3월 31일 배윤경은 임원 사임에 따른 특별관계 해소로 기타 주식 10만94주가 감소했다.","지베이스와 특별관계자 9인의 4월 3일 기준 에이프로젠 보유 주식등의 수는 2억9507만8177주, 보유 비율은 58.46%로 보고됐다. 주요 내역을 보면, 보고자 지베이스는 7178만3159주, 14.22%를, 특별관계자 앱토크롬은 1억4675만3245주, 29.07%를, 에이프로젠바이오로직스는 187만129주, 0.37%를 보유 중이다. 이 중 특별관계자 앱토크롬의 주식등 보유 비율은 194만8052주, 0.39%포인트 감소한 것으로 기재됐다.",0,007460|에이프로젠,https://www.digitaltoday.co.kr/news/articleView.html?idxno=653496
007460,4.상법 제340조의 2 및 제542조의 3의 규정에 의하여 주식매수선택권의 행사로 인하여 신주를 발행하는 경우 5.발행예정주식 총수를 초과하지 않는 범위내에서 회사가 경영상 필요로 외국인투자촉진법에 의한 외국인 투자를 위하여 신주를 발행하는 경우 6.발행예정주식 총수를 초과하지 않는 범위내에서 자본시장과 금융투자업에 관한 법률 제165조의 16의 규정에 의하여 주식예탁증서(DR) 발행에 따라 신주를 발행하는 경우 7.발행예정,"자금 조달의 목적은 바이오의약품 개발 관련 운영자금으로, 총 20억원을 조달할 계획이다. 신주의 납입일은 2026년 4월 17일이며, 상장 예정일은 2026년 5월 22일이다. 이번 유상증자는 최대주주인 지베이스를 대상으로 하며, 지베이스는 신주의 상장일로부터 1년간 의무보유할 예정이다.",1,007460|에이프로젠,https://www.digitaltoday.co.kr/news/articleView.html?idxno=653092
007460,"이 외 주요 내용으로는, 지베이스는 에이프로젠바이오로직스와 담보계약을 2025년 7월 23일 체결했으며 대상 주식등의 수는 1039만9254주다. 블루케이대부와의 담보계약은 2026년 3월 24일 체결됐으며 대상 주식등의 수는 1300만주다.","주요 내역을 보면, 보고자 지베이스는 7178만3159주, 14.21%, 특별관계자 앱토크롬은 1억4675만3245주, 29.07%, 에이프로젠바이오로직스는 381만8181주, 0.76%를 보유 중이다. 이 외 주요 내용으로는, 지베이스는 에이프로젠바이오로직스와 담보계약을 2025년 7월 23일 체결했으며 대상 주식등의 수는 1039만9254주다. 블루케이대부와의 담보계약은 2026년 3월 24일 체결됐으며 대상 주식등의 수는 1300만주다.",1,007460|에이프로젠,https://www.digitaltoday.co.kr/news/articleView.html?idxno=647789
007460,"원자력 발전소 관련주가 강세를 보이고 있다.20일 오전 10시 8분 기준 서전기전 주가는 29.92% 상승한 6210원에, 태웅은 26.93% 상승한 5만 7500원에 거래 중이다.DL이앤씨 24.47%, SNT에너지 22.02%, GS건설 19.85%, 에이프로젠 19.33%, 오르비텍 18.58%, 태광 18.34%, 대우건설 13.67%, 지투파워 12.21%, 한미글로벌 13.17%, 보성파워텍 7.67% 각각 오르고","원자력 발전소 관련주가 강세를 보이고 있다.20일 오전 10시 8분 기준 서전기전 주가는 29.92% 상승한 6210원에, 태웅은 26.93% 상승한 5만 7500원에 거래 중이다.DL이앤씨 24.47%, SNT에너지 22.02%, GS건설 19.85%, 에이프로젠 19.33%, 오르비텍 18.58%, 태광 18.34%, 대우건설 13.67%, 지투파워 12.21%, 한미글로벌 13.17%, 보성파워텍 7.67% 각각 오르고 있다.한미 관세협상에 따른 3500억달러(약 521조원) 규모의 '대미투자특별법'이 17일 국무회의를 통과했",1,007460|에이프로젠,https://www.gukjenews.com/news/articleView.html?idxno=3534659
007460,"20일 국내 증시에서 제약 및 바이오 업종이 글로벌 기술 수출(L/O) 계약 체결과 주요 신약 파이프라인의 임상 진전 소식에 힘입어 3.19% 급등하며 시장을 주도하고 있다. 바이오산업 관계자는 ""2026년은 K-바이오가 글로벌 빅파마로 기술을 수출하는 것을 넘어, 직접 상업화 단계에 진입하는 원년""이라며 ""미국의 생물보안법 시행에 따른 반사이익과 금리 인하라는 우호적 매크로 환경이 맞물려 제약 섹터의 멀티플 상향이 기대된다""","20일 국내 증시에서 제약 및 바이오 업종이 글로벌 기술 수출(L/O) 계약 체결과 주요 신약 파이프라인의 임상 진전 소식에 힘입어 3.19% 급등하며 시장을 주도하고 있다. 고금리 기조 완화와 함께 바이오 섹터로의 자금 유입이 본격화되면서, 그간 소외되었던 대형주부터 중소형주까지 일제히 훈풍이 부는 모습이다. 가장 뜨거운 종목은 단연 아이엠바이오로직스다.",1,007460|에이프로젠,https://www.pinpointnews.co.kr/news/articleView.html?idxno=438436
078890,"증권가는 LG전자가 단순 가전 기업을 넘어 AI 홈 솔루션과 전장 부품 핵심 공급사로 체질 개선에 성공했다고 평가했다. 휴맥스홀딩스는 2.25% 오른 1498원에 거래 중이며, TJ미디어 역시 노래방 기기 수요 회복 기대감 속에 1.94% 상승한 ,940원을 나타냈다.",전자제품 업종이 8일 전장(자동차 전기·전자 장비) 사업의 가파른 성장세와 인공지능(AI) 가전 시장 확대라는 겹경사를 맞으며 동반 상승 마감했다. 특히 대장주인 LG전자가 전장 부문의 이익 기여도 확대 전망에 힘입어 지수 상승을 견인하는 모습이다. 한국거래소에 따르면 LG전자는 이날 오전 9시2분 개장초 전일 대비 8.03% 오른 11만 5700원에 거래 중이다.,1,078890|가온그룹,https://www.pinpointnews.co.kr/news/articleView.html?idxno=443713
078890,"한국의 지능형 로봇과 AI 시장은 빠른 성장을 보이며, 2025년 AI 시장 규모가 3조 4,385억 원에 달할 전망이다. 로봇 산업은 2023년 총 매출 5조 9,805억 원을 기록하며 제조용 로봇(2조 9,903억 원)이 주도하나, 서비스용 로봇(1조 456억 원)이 6.4% 성장하며 새로운 동력으로 부상했다.","7일 한국거래소에 따르면 모아데이타, 네패스, 네오펙트, 와이즈넛은 상승했다. 모아데이타와 네패스는 전 거래일 대비 각각 270원, 2750원 오른 1171원과 2만1950원에 거래를 마쳤다. 모아데이타와 네패스의 주가 상승률은 각각 29.97%, 14.32% 다.",1,078890|가온그룹,http://www.finomy.com/news/articleView.html?idxno=252809
078890,지능형로봇 인공지능(AI) 테마는 7일 이상 탐지 시스템과 차세대 연산 반도체 기술을 보유한 기업들을 중심으로 강력한 매수세가 유입되는 중이다. 한국거래소에 따르면 인공지능 기술을 활용해 시스템 장애를 예측하는 모아데이타는 이날 오후 1시34분 현재 29.97% 상승한 1171원에 거래 중이며 상한가에 안착했다.,인공지능(AI)이 단순한 명령 수행을 넘어 스스로 상황을 판단하고 학습하는 지능형 로봇 시대가 열리면서 관련 시장이 들썩이고 있다. 지능형로봇 인공지능(AI) 테마는 7일 이상 탐지 시스템과 차세대 연산 반도체 기술을 보유한 기업들을 중심으로 강력한 매수세가 유입되는 중이다. 가장 압도적인 탄력을 보이는 종목은 AI 기반 이상 탐지 전문 기업이다.,1,078890|가온그룹,https://www.pinpointnews.co.kr/news/articleView.html?idxno=443500
078890,"B2B 매출 비중 확대가 이익의 변동성을 낮추며 주가 우상향을 뒷받침하고 있다. 이어 ""전장 사업의 구조적 성장과 함께 AI 가전의 교체 주기가 도래함에 따라 관련 부품 및 완제품 기업들의 실적 우상향 기조가 지속될 전망이다""라고 덧붙였다.","글로벌 경기 회복세와 더불어 인공지능(AI)을 접목한 프리미엄 가전 수요가 늘어나면서 국내 전자제품 업종이 1일 강력한 상승 흐름을 나타내고 있다. 기존 가전 판매 방식에서 벗어나 구독 서비스라는 새로운 비즈니스 모델이 실적을 견인하고 있으며, 전장(자동차 전기·전자 장치) 부품 사업의 수익성이 본궤도에 오르면서 업종 전반의 밸류에이션이 재평가받는 양상이다. 가장 독보적인 상승세를 보이는 종목은 LG전자다.",1,078890|가온그룹,https://www.pinpointnews.co.kr/news/articleView.html?idxno=441805
078890,"IT 및 헬스케어 분야에서는 토모큐브, 에스엠코어, 가온그룹이 참가한다. 특히 이번 행사는 코스닥 성장의 중심에 있는 기업들을 직접 만나볼 수 있는 기회를 제공하는 한편, 키움증권 리서치센터가 처음으로 개인...","IT 및 헬스케어 분야에서는 토모큐브, 에스엠코어, 가온그룹이 참가한다. 특히 이번 행사는 코스닥 성장의 중심에 있는 기업들을 직접 만나볼 수 있는 기회를 제공하는 한편, 키움증권 리서치센터가 처음으로 개인...",1,078890|가온그룹,http://www.thebigdata.co.kr/view.php?ud=20260331081632996fdcde0ec8c_23
136490,"한국예탁결제원 이윤수 신임 사장은 ""선진국 수준의 자본시장 인프라 기관으로 확고히 자리매김하겠다""고 8일 밝혔다.","한국예탁결제원 이윤수 신임 사장은 ""선진국 수준의 자본시장 인프라 기관으로 확고히 자리매김하겠다""고 8일 밝혔다.",1,136490|선진,https://www.nocutnews.co.kr/news/6498962?utm_source=naver&utm_medium=article&utm_campaign=20260408042453
136490,"이에 대해 이 사장은 ""신규 수요 등을 감안하면 관리 자산 1경원 시대도 올 것""이라며 ""향후 리스크 요인을 확인하고, 부족한 부분을 선제적으로 대응해 안정성과 효율성을 유지 및 제고해야 한다""고 말했다. 이윤수 사장은 이날 취임사를 통해 ▲자본시장 핵심 인프라로서의 경쟁력 제고 ▲시장 참여자에 대한 서비스 고도화를 예탁원의 주요 경영 방향으로 제시했다.","이윤수 사장은 이날 취임사를 통해 ▲자본시장 핵심 인프라로서의 경쟁력 제고 ▲시장 참여자에 대한 서비스 고도화를 예탁원의 주요 경영 방향으로 제시했다. 이 사장은 ""예탁원을 선진국 수준의 자본시장 인프라의 기관으로 확고히 자리매김하고, 모든 직원이 자긍심과 성취감을 느끼며 일하는 조직으로 만들고자 한다""고 강조했다. 현재 예탁원이 관리 중인 주식, 채권, 펀드 등 증권 자산 규모는 9000조원에 달한다.",1,136490|선진,http://www.seoulwire.com/news/articleView.html?idxno=715903
136490,신현송 한국은행 신임 총재 후보자는 “공급 충격이 장기간 지속되면 물가ㆍ성장 등에 대한 영향이 커지는 만큼 (통화정책적) 대응을 검토할 필요가 있다”고 밝혔다. 중동 사태 장기화시 금리 인상 등 통화정책 대응에 나설 수 있음을 내비친 것으로 해석된다.,글자크기 설정 시 다른 기사의 본문도 동일하게 적용됩니다. 신현송 한국은행 신임 총재 후보자는 “공급 충격이 장기간 지속되면 물가ㆍ성장 등에 대한 영향이 커지는 만큼 (통화정책적) 대응을 검토할 필요가 있다”고 밝혔다. 현재 금리를 올리는 것이 바람직한지 묻는 차규근 조국혁신당 의원(국회 재정경제기획위원회)의 질의에서다.,1,136490|선진,https://www.joongang.co.kr/article/25418612
136490,"국내 증권업계가 부동산 PF 편중 현상에서 벗어나 혁신 기업에 자금을 공급하는 기업금융 본연의 역할로 회귀하는 것은 자본시장 선진화를 위해 긍정적인 방향이다. 최근 국내 대형 증권사들이 금융당국의 정책 변화에 발맞춰 기존 부동산 프로젝트파이낸싱(PF) 중심의 수익 구조에서 벗어나, 기업금융과 모험자본(초기 유망 기업이나 벤처 등에 투자하는 고위험·고수익 자본)으로 사업의 핵심축을 빠르게 이동시키고 있다.","최근 국내 대형 증권사들이 금융당국의 정책 변화에 발맞춰 기존 부동산 프로젝트파이낸싱(PF) 중심의 수익 구조에서 벗어나, 기업금융과 모험자본(초기 유망 기업이나 벤처 등에 투자하는 고위험·고수익 자본)으로 사업의 핵심축을 빠르게 이동시키고 있다. 나이스신용평가가 6일 발표한 리포트에 따르면, 증권사들은 자금 조달 수단을 다변화하며 기업금융의 덩치를 키우고 있으나 이에 따른 자금의 만기 불일치와 잠재 부실 위험을 관리하는 것이 새로운 핵심 과제로 떠올랐다. 기업금융, 모험자본 투자 확대해야 보고서에 따르면, 대형 증권사들은 단기 금융상품인 '발행어음'과 원금 보장형",1,136490|선진,https://www.junggi.co.kr/news/articleView.html?idxno=36073
136490,"이어 ""향후에는 AI를 활용한 정밀 사양관리와 자동화 기술이 접목되며 생산 방식에도 변화가 예상된다""며 ""회사의 이익을 넘어 한돈산업 전체의 생산성 향상을 목표로 기술 개발을 추진하고, 국내 양돈 성적이 선진국...","이어 ""향후에는 AI를 활용한 정밀 사양관리와 자동화 기술이 접목되며 생산 방식에도 변화가 예상된다""며 ""회사의 이익을 넘어 한돈산업 전체의 생산성 향상을 목표로 기술 개발을 추진하고, 국내 양돈 성적이 선진국...",1,136490|선진,http://www.amnews.co.kr/news/articleView.html?idxno=71874
267290,"매출액은 1조7919억원, 영업이익은 270억원, 당기순이익은 286억원이다. 경동도시가스는 2017년 5월 12일 코스피 시장에 상장된 연료용 가스 제조 및 배관공급업체다.","송재호는 경동홀딩스 대표이사 회장, 경동 대표이사 회장 등 다양한 경력을 보유하고 있으며, 박성수는 LG CNS 에너지 사업단장, 한글과컴퓨터 스마트시티사업단장 등을 역임했다. 경동도시가스의 주가는 3월 25일 오전 8시 46분 한국거래소 기준으로 2만2250원에 거래되고 있다. 최근 결산 기준으로 경동도시가스는 2024년 12월 연결 기준으로 자산총계 9477억원, 부채총계 5018억원, 자본총계 4459억원을 기록했다.",1,267290|경동도시가스,https://www.digitaltoday.co.kr/news/articleView.html?idxno=645244
267290,◆IBK투자증권 ▶상무 임채원 ▶상무대우 유성원 ◆신영자산운용 ▶부사장 이승환 ▶전무 김송우 글자크기 설정 시 다른 기사의 본문도 동일하게 적용됩니다.,글자크기 설정 시 다른 기사의 본문도 동일하게 적용됩니다. ◆IBK투자증권 ▶상무 임채원 ▶상무대우 유성원 ◆신영자산운용 ▶부사장 이승환 ▶전무 김송우,1,267290|경동도시가스,https://www.joongang.co.kr/article/25414495
267290,"같은 기간 매출액은 1조7594억6500만원, 영업이익은 330억4600만원, 당기순이익은 328억4700만원이며 주당순이익은 5576원이다. 최근 실적(2024년 12월 연결 기준)에서 자산총계는 9477억원, 부채총계는 5018억원, 자본총계는 4459억원으로 나타났다.","이번 주총에서는 정관 일부 변경 안건도 가결됐다. 아울러 이사 선임과 감사 선임, 이사 보수한도 및 상근감사 보수한도 승인 안건 역시 통과됐다. 제9기 연결 기준으로 자산총계는 9288억3300만원, 부채총계는 4536억2200만원, 자본총계는 4752억1100만원으로 제시됐다.",1,267290|경동도시가스,https://www.digitaltoday.co.kr/news/articleView.html?idxno=645004
267290,경동도시가스가 주주총회를 열고 지난해 경영실적 보고와 함께 신임 대표이사를 선임하고 있다. 경동도시가스는 24일 제9기 정기주주총회와 이사회를 열고 박성수 에너지사업부문장을 신임 대표이사로 선임했다....,경동도시가스가 주주총회를 열고 지난해 경영실적 보고와 함께 신임 대표이사를 선임하고 있다. 경동도시가스는 24일 제9기 정기주주총회와 이사회를 열고 박성수 에너지사업부문장을 신임 대표이사로 선임했다....,1,267290|경동도시가스,https://www.gasnews.com/news/articleView.html?idxno=124438
267290,송 회장은 중동 사태 등 국제 정세 불확실성이 크지만 전국 34개 회원사와 함께 안정적인 도시가스 공급에 나서겠다고 밝혔습니다. 경동도시가스 송재호 회장이 한국도시가스협회장으로 연임됐습니다.,경동도시가스 송재호 회장이 한국도시가스협회장으로 연임됐습니다. 송재호 회장은 지난 임기 동안 미래혁신위원회를 발족해 산업의 미래 비전을 확립하는 등 업계 발전에 기여했다는 평가를 받았습니다. 송 회장은 중동 사태 등 국제 정세 불확실성이 크지만 전국 34개 회원사와 함께 안정적인 도시가스 공급에 나서겠다고 밝혔습니다.,1,267290|경동도시가스,https://www.usmbc.co.kr/NewsArticle/831097
006040,"다만 바이오는 직접 육성하기보다 인수를 통해 진입하는 편이 더 현실적인 산업으로 꼽힌다. 연구개발, 인허가, 생산 역량 확보까지 오랜 시간이 걸리는 만큼 후발 주자 입장에서는 내부 육성보다 M&A나 전략적 투자가 더 효율적이기 때문이다.","동원산업이 바이오 전문가를 경영전략 조직에 투입하며 바이오 신사업 재시동에 나섰다. 회사는 바이오 인수합병(M&A)과 관련해 “구체적으로 검토하거나 결정된 바 없다”고 선을 그었지만, 시장에서는 이번 인사를 단순 인력 보강이 아니라 향후 바이오 신사업이나 M&A를 염두에 둔 사전 포석으로 해석하는 분위기다. 8일 금융감독원 전자공시시스템에 따르면 동원산업은 2026년 1월1일 남택종 전 알에프바이오 대표를 경영전략담당 상무로 선임했다.",1,006040|동원산업,https://www.bloter.net/news/articleView.html?idxno=658958
006040,"그는 1973년생으로, 서울대학교 약학부 석사를 취득했으며 필러와 스킨부스터 등을 생산하는 알에프바이오 대표를 역임했다. 7일 금융감독원 전자공시시스템에 따르면 남 상무는 올해 1월 1일부로 동원산업 경영전략담당을 맡았다.","7일 금융감독원 전자공시시스템에 따르면 남 상무는 올해 1월 1일부로 동원산업 경영전략담당을 맡았다. 그는 1973년생으로, 서울대학교 약학부 석사를 취득했으며 필러와 스킨부스터 등을 생산하는 알에프바이오 대표를 역임했다. 남 상무는 동원그룹에서 신사업, M&A 등 미래 전략을 추진할 것으로 알려졌다. 다만 동원산업 측은 ""바이오 분야의 M&A와 관련해 구체적으로 검토하거나 결정된 바는 없다""고 설명했다.",1,006040|동원산업,https://news.einfomax.co.kr/news/articleView.html?idxno=4408192
006040,7일 업계에 따르면 동원산업은 올해 초 약사 출신의 남택종 전 알에프바이오 대표를 경영전략담당 상무로 선임했다. 남 상무는 서울대학교 약학부 석사를 취득했으며 필러와 스킨부스터 등을 생산하는 알에프바이오 대표를 역임하는 등 바이오 분야 경험을 보유하고 있다.,!AI가 자동 생성한 요약으로 정확하지 않을 수 있어요. 7일 업계에 따르면 동원산업은 올해 초 약사 출신의 남택종 전 알에프바이오 대표를 경영전략담당 상무로 선임했다. 남 상무는 서울대학교 약학부 석사를 취득했으며 필러와 스킨부스터 등을 생산하는 알에프바이오 대표를 역임하는 등 바이오 분야 경험을 보유하고 있다.,1,006040|동원산업,https://www.newspim.com/news/view/20260407001124
006040,7일 업계에 따르면 동원산업(006040)은 올해 초 약사 출신의 남택종 전 알에프바이오(RFBio) 대표를 신임 경영전략담당 상무로 선임하며 본격적인 바이오 기업 인수 검토에 착수했다. 남 상무는 서울대학교 약학부 석사를 취득하고 필러와 스킨부스터 등을 생산하는 알에프바이오의 대표를 역임하는 등 바이오 분야에서 풍부한 경험을 지닌 전문가다.,인수·합병(M&A) 시장의 큰 손으로 떠오른 동원그룹이 바이오 사업 진출에 시동을 걸고 있다. 보령바이오파마 인수가 무산된 지 약 3년 만에 바이오 전문가를 영입하며 미래 먹거리 발굴에 다시 눈독을 들이는 모양새다. 7일 업계에 따르면 동원산업(006040)은 올해 초 약사 출신의 남택종 전 알에프바이오(RFBio) 대표를 신임 경영전략담당 상무로 선임하며 본격적인 바이오 기업 인수 검토에 착수했다.,1,006040|동원산업,https://www.sedaily.com/article/20029415?ref=naver
032540,"TJ미디어(티제이미디어)는 신제품 A3, P3 반주기(이하 3시리즈)에 대해 실제 이용자 300명을 대상으로 설문조사를 실시한 결과, 사운드와 UI(사용자 환경), 주요 기능 전반에 걸쳐 응답자의 94.8%가 긍정적으로 평가했다고 19일...","TJ미디어(티제이미디어)는 신제품 A3, P3 반주기(이하 3시리즈)에 대해 실제 이용자 300명을 대상으로 설문조사를 실시한 결과, 사운드와 UI(사용자 환경), 주요 기능 전반에 걸쳐 응답자의 94.8%가 긍정적으로 평가했다고 19일...",1,032540|TJ미디어,http://www.beyondpost.co.kr/view.php?ud=20260319155003581346a9e4dd7f_30
032540,"컨슈머타임스=곽민구 기자 | TJ미디어(티제이미디어)는 신제품 A3, P3 반주기(이하 3시리즈)에 대해 실제 이용자 300명을 대상으로 설문 조사를 실시한 결과 사운드와 UI(사용자 환경), 주요 기능 전반에 걸쳐 응답자의 94.8%가...","컨슈머타임스=곽민구 기자 | TJ미디어(티제이미디어)는 신제품 A3, P3 반주기(이하 3시리즈)에 대해 실제 이용자 300명을 대상으로 설문 조사를 실시한 결과 사운드와 UI(사용자 환경), 주요 기능 전반에 걸쳐 응답자의 94.8%가...",1,032540|TJ미디어,https://www.cstimes.com/news/articleView.html?idxno=698404
032540,"아동가족 사회복지 전문기관 홀트아동복지회(회장 신미숙)는 지난 4월 6일(월), TJ미디어 윤나라 대표를 고액후원자 모임 ‘탑리더스’ 위원으로 위촉하고 보호대상아동 교육지원 사업 ‘꿈씨학교’ 지원을 위한 후원금 2...","아동가족 사회복지 전문기관 홀트아동복지회(회장 신미숙)는 지난 4월 6일(월), TJ미디어 윤나라 대표를 고액후원자 모임 ‘탑리더스’ 위원으로 위촉하고 보호대상아동 교육지원 사업 ‘꿈씨학교’ 지원을 위한 후원금 2...",1,032540|TJ미디어,http://www.globalepic.co.kr/view.php?ud=202604081438201006cf2d78c68_29
032540,"최근 실적(2024년 12월 연결 기준)에서 자산총계는 1247억원, 부채총계는 394억원, 자본총계는 853억원을 기록했다. 같은 기간 매출액은 919억원, 영업이익은 47억원, 당기순이익은 46억원이다.","이번 계획에서 TJ미디어는 배당액을 먼저 확정한 뒤 배당기준일을 지정하는 방식으로 배당절차를 개선하겠다고 밝혔다. 주주가치 제고를 위한 주주환원 확대도 함께 추진한다. 회사 측은 배당 예측가능성을 높이기 위한 정관 개정을 진행했으며, 2026년 3월 23일 제35기 정기주주총회에서 정관 변경을 완료했다고 설명했다.",2,032540|TJ미디어,https://www.digitaltoday.co.kr/news/articleView.html?idxno=644667
032540,"같은 기간 매출액은 831억1400만원, 영업이익은 53억2100만원, 당기순이익은 30억6600만원이며, 주당순이익은 220원이다. 매출액은 944억3500만원, 영업이익은 32억8800만원, 당기순이익은 39억8700만원이고, 주당순이익은 286원이다.","TJ미디어는 2026년 3월23일 열린 정기주주총회에서 제35기 재무제표와 손익계산서, 이익잉여금처분계산서 승인 안건을 가결했다. 회계감사인의견은 개별과 연결 모두 적정으로 제시됐다. 제35기 개별 기준으로 자산총계는 1139억1300만원, 부채총계는 386억5400만원, 자본총계는 752억5900만원으로 공시됐다.",1,032540|TJ미디어,https://www.digitaltoday.co.kr/news/articleView.html?idxno=644311
035600,KG이니시스는 26일 열린 2026년 정기 주주총회에서 사업목적 변경 세부 내용과 관련한 FETV 질의에 이같이 공식 답변했다. 한편 이날 주총은 약 20분 만에 종료됐으며 상정된 안건은 모두 원안대로 의결됐다.,KG이니시스는 26일 열린 2026년 정기 주주총회에서 사업목적 변경 세부 내용과 관련한 FETV 질의에 이같이 공식 답변했다. KG이니시스의 정기 주주총회는 서울 중구 통일로에 위치한 KG타워 본사 별관 지하 1층 하모니홀에서 개최됐다. 이번 주총에서 KG이니시스는 회순 및 의안 설명서를 준비해 배포했으며 해당 자료에는 이익잉여금처분계산서 승인의 건과 사업목적 변경의 건 등이 포함됐다.,1,035600|KG이니시스,https://www.fetv.co.kr/news/article.html?no=215755
035600,삼성페이의 핵심인 삼성전자는 갤럭시 S 시리즈의 견조한 판매와 페이 서비스의 글로벌 점유율 확대 기대감 속에 3.01% 상승한 19만 1800원을 기록하며 대장주로서 시장을 이끌고 있다. 정부의 모바일 신분증 도입 확대와 맞물려 삼성페이의 사용자 경험이 비약적으로 향상될 것이라는 전망이 나오자 관련 핵심 기술을 보유한 기업들을 중심으로 투자자들의 매수세가 집중 중이다.,"삼성전자가 삼성페이를 단순 결제 수단을 넘어 모바일 신분증, 디지털 키, 항공권 등을 통합한 '삼성 월렛'으로 고도화하면서 관련 보안 및 부품 테마주들이 6일 강한 탄력을 받고 있다. 정부의 모바일 신분증 도입 확대와 맞물려 삼성페이의 사용자 경험이 비약적으로 향상될 것이라는 전망이 나오자 관련 핵심 기술을 보유한 기업들을 중심으로 투자자들의 매수세가 집중 중이다. 가장 뜨거운 기세를 보이는 종목은 보안 솔루션 전문 기업 제이케이시냅스다.",1,035600|KG이니시스,https://www.pinpointnews.co.kr/news/articleView.html?idxno=443122
035600,케이카가 KG그룹에 경영권을 매각한다는 소식에 주가가 12% 급락세다. KG스틸은 지난달 31일 사모펀드 한앤코오토홀딩스와 케이카 보통주 3524만5670주(72.19%)를 5500억원에 매입하기로 계약했다.,케이카가 KG그룹에 경영권을 매각한다는 소식에 주가가 12% 급락세다. 1일 한국거래소에 따르면 이날 오전 10시16분 케이카 주가는 전 거래일 대비 1660원(12.08%) 내린 1만2080원에 거래된다. 장 중 최저 1만1630원까지 하락하기도 했다.,1,035600|KG이니시스,https://www.sidae.com/article/2026040110061923696
035600,"결국, 1년 만에 흑자전환에 성공하면서 M&A 전문가를 넘어 경영 전문가라는 인식을 각인시켰다. 기술력과 고용안정을 바탕으로 버스 라인업인 7M, 9M 등 전기버스를 생산해 국내 버스 업계에 조달 공급을 하고 있다.",2022년 대기업집단으로 첫 편입된 KG그룹의 성장 속도가 무섭다. 당시 재계 71위의 KG그룹은 3년 만에 순위를 54위까지 끌어올리며 대한민국 산업에서 존재감을 보이고 있다. KG그룹 역사 톺아보기를 통해 기업 경영이란 무엇인지 되짚어보고자 한다.,1,035600|KG이니시스,https://www.ebn.co.kr/news/articleView.html?idxno=1704059
139480,"이에 대형마트 2사인 이마트, 롯데마트가 소비자 부담을 덜고 물가 안정 기조를 이어가고자 일제히 봄맞이 할인행사를 진행하며 분위기 환기에 나섰다. 대표적으로 △참두릅(220g/팩) △남해땅두릅(200g/팩) △강원 명이나물(180g/팩) △실키핑크 토마토(1kg/박스) 등을 준비했으며 신세계 포인트 적립 시 할인하는 이벤트를 진행한다.","이에 대형마트 2사인 이마트, 롯데마트가 소비자 부담을 덜고 물가 안정 기조를 이어가고자 일제히 봄맞이 할인행사를 진행하며 분위기 환기에 나섰다. ◇ 이마트, 봄 제철 먹거리 할인전…최대 50% 할인 이마트는 제철 먹거리들과 필수 요리 채소들을 저렴하게 선보이는 봄맞이 먹거리 할인 행사에 나선다. 먼저 9일부터 15일까지 일주일간 두릅, 명이나물, 홍가리비 등 제철 먹거리들과 필수 요리채소들을 최대 50% 할인된 가격에 선보인다.",1,139480|이마트,https://www.pointdaily.co.kr/news/articleView.html?idxno=300326
139480,"[중앙이코노미뉴스 조용우] 8일 오후 1시 59분 기준, 네이버페이 증권에 따르면 이마트는 지난 종가 92,200원보다 1,500원 상승한 93,700원에 거래되고 있다. 동일업종 등락률은 2.41% 상승하여 이마트의 상승폭보다 높은 흐름을 보였다.","[중앙이코노미뉴스 조용우] 8일 오후 1시 59분 기준, 네이버페이 증권에 따르면 이마트는 지난 종가 92,200원보다 1,500원 상승한 93,700원에 거래되고 있다. 이는 1.63%의 상승률을 나타낸다. 주가는 94,400원으로 시작하여 95,500원까지 고가를 기록했으나 92,800원까지 저가를 형성하는 흐름을 보였다.",1,139480|이마트,https://www.joongangenews.com/news/articleView.html?idxno=509989
139480,"이마트는 봄 제철 농수산물과 채소를 중심으로 할인 행사를 진행한다고 8일 밝혔다. 이번 행사는 봄철 제철 먹거리 수요에 맞춰 기획됐다. 이마트는 오는 9일부터 15일까지 두릅, 명이나물, 홍가리비 등 제철 상품과 요리용...","이마트는 봄 제철 농수산물과 채소를 중심으로 할인 행사를 진행한다고 8일 밝혔다. 이번 행사는 봄철 제철 먹거리 수요에 맞춰 기획됐다. 이마트는 오는 9일부터 15일까지 두릅, 명이나물, 홍가리비 등 제철 상품과 요리용...",1,139480|이마트,http://www.fnnews.com/news/202604081408411714
139480,"이와 함께 대파, 애호박, 마늘 등 기본 채소류까지 포함해 장보기 수요 전반을 고려한 구성을 갖췄다는 게 사측 설명이다. 이런 가운데 유통업계에서도 제철 식재료 중심의 상품 전략을 강화하고 있다.","이마트는 봄 제철 농수산물을 중심으로 기획전을 진행한다고 9일 밝혔다. 특정 품목 중심이 아닌 채소·수산·과일을 아우르는 구성을 통해 봄철 식탁 전반을 겨냥했다. 대표적으로 참두릅과 남해 땅두릅, 강원 명이나물, ‘실키핑크 토마토’와 뉴질랜드산 루비레드 키위 등 시즌 과일까지 포함해 신선식품 선택 폭을 넓혔다.",1,139480|이마트,https://www.lcnews.co.kr/news/articleView.html?idxno=200397
139480,"실제 구매로 이어지는 전환율을 얼마나 끌어올릴 수 있을지도 향후 과제로 꼽힌다. 업계 관계자는 “이제 유통 경쟁은 얼마나 많은 상품을 보유하느냐보다, 고객이 원하는 것을 얼마나 빠르고 정확하게 이해해 제안하느냐에 달려 있다”며 “대화형 AI는 유통의 핵심 접점을 완전히 바꾸는 계기가 될 것”이라고 말했다.","국내 유통업계의 고객 접점과 경쟁 방식이 빠르게 변화하고 있다. 상품을 직접 찾아 비교하던 방식에서 벗어나, 인공지능(AI)과의 대화를 통해 추천부터 구매까지 이어지는 ‘대화형 커머스’가 새로운 표준으로 자리 잡는 모습이다. 8일 업계에 따르면 주요 유통사들은 ‘AI 대화형 쇼핑 경험’ 구축에 집중하고 있다.",1,139480|이마트,https://www.womentimes.co.kr/news/articleView.html?idxno=102012
335870,"매출액은 465억원, 영업이익은 19억원, 당기순이익은 12억원으로 집계됐다. 1월 30일 공시에 따르면, 모티바코리아는 2025년 3월 31일 전환사채(CB) 인수를 통해 799만3605주를 취득했다.","1월 30일 공시에 따르면, 모티바코리아는 2025년 3월 31일 전환사채(CB) 인수를 통해 799만3605주를 취득했다. 이어 2025년 6월 12일과 2026년 1월 28일 장외매수를 통해 각각 146만5828주와 38만9238주를 추가로 매수했다. 윙스풋의 2026년 1월 30일 기준 주가는 2155원으로 전일 대비 1.37% 하락했다.",1,335870|윙스풋,https://www.digitaltoday.co.kr/news/articleView.html?idxno=625615
335870,"1월 28일 장외매수를 통해 주식 수가 증가했으며, 취득 단가는 주당 3411원으로 보고됐다. 최근 실적은 2024년 12월 개별 기준으로 자산총계 484억원, 부채총계 172억원, 자본총계 311억원을 기록했다.","1월 28일 장외매수를 통해 주식 수가 증가했으며, 취득 단가는 주당 3411원으로 보고됐다. 이번 주식 매수는 인크레더블버즈와의 거래로 이루어졌다. 윙스풋의 2026년 1월 30일 장마감 기준 주가는 2155원으로, 전일 대비 30원(-1.37%) 하락했다.",1,335870|윙스풋,https://www.digitaltoday.co.kr/news/articleView.html?idxno=625602
335870,"이번 보고에서는 주식 수가 2만8112주 증가했으며, 지분율도 0.16%포인트 상승했다. 윙스풋의 최근 실적은 2024년 12월 기준으로, 자산 총계 484억원, 부채 총계 172억원, 자본 총계 311억원을 기록했다.","2026년 1월 19일 기준으로 임신영의 보유 주식 수는 148만3481주였으며, 지분율은 8.86%였다. 이번 보고에서는 주식 수가 2만8112주 증가했으며, 지분율도 0.16%포인트 상승했다. 세부 변동 내역에 따르면, 임신영은 2026년 1월 22일 장내매수를 통해 주식을 취득했다.",1,335870|윙스풋,https://www.digitaltoday.co.kr/news/articleView.html?idxno=625532
335870,"매출액은 465억원, 영업이익은 19억원, 당기순이익은 12억원으로 집계됐다. 2026년 1월 19일 기준 윙스풋의 주가는 전일 대비 11.58% 상승한 2120원에 거래를 마쳤다.","세부 변동 내역을 살펴보면, 2026년 1월 15일부터 1월 20일까지 네 차례에 걸쳐 장내매수를 진행했다. 1월 15일에는 4만8104주를 주당 2069원에 매수했고, 1월 16일에는 8만2983주를 주당 1700원에 매입했다. 이어 1월 19일에는 46만9430주를 주당 2004원에, 1월 20일에는 3만6530주를 주당 1900원에 매수했다.",1,335870|윙스풋,https://www.digitaltoday.co.kr/news/articleView.html?idxno=622279
335870,"한국거래소에 따르면 윙스풋(335870)이 2026년 1월 16일 하루 동안 투자주의종목으로 지정된다고 밝혔다.... 윙스풋의 경우 개인투자자의 순매수량이 469,430주(2.80%)에 달한 것으로 나타났으며, 이는 최근 5일간...","한국거래소에 따르면 윙스풋(335870)이 2026년 1월 16일 하루 동안 투자주의종목으로 지정된다고 밝혔다.... 윙스풋의 경우 개인투자자의 순매수량이 469,430주(2.80%)에 달한 것으로 나타났으며, 이는 최근 5일간...",0,335870|윙스풋,https://www.topstarnews.net/news/articleView.html?idxno=15935736
032190,이번 공시는 양일홍 감사의 신규 선임에 따른 주식 보유 상황을 보고한 것이다. 다우데이타는 1999년 12월 21일 코스닥 시장에 상장된 기업용 IT소프트웨어 공급 업체다.,"이번 공시는 양일홍 감사의 신규 선임에 따른 주식 보유 상황을 보고한 것이다. 양일홍 감사의 보유 주식은 기존 주식으로, 이번에 처음 보고됐다. 다우데이타는 1999년 12월 21일 코스닥 시장에 상장된 기업용 IT소프트웨어 공급 업체다. 임원ㆍ주요주주특정증권등소유상황보고서 ※ 교환대상이 주식인 교환사채권 및 기초자산이 주식인 증권예탁증권, 파생결합증권 등에 한하여 분모에서 제외하고 소유비율을 산정",1,032190|다우데이타,https://www.digitaltoday.co.kr/news/articleView.html?idxno=650066
032190,"이번 공시에서는 특별관계자 양일홍의 지분이 1만3500주, 0.04%포인트 증가한 것으로 기재됐다. 이 외 주요 내용으로 김동준은 한국증권금융과 담보계약을 2025년 11월 14일 체결했으며 대상 주식등의 수는 126만주다.","김익래와 특별관계자 7인의 3월 30일 기준 다우데이타 보유 주식등의 수는 2424만1287주, 보유 비율은 63.29%로 보고됐다. 주요 내역을 보면, 보고자 김익래는 881만960주, 23.01%, 특별관계자 김형주는 3만388주, 0.08%, 김동준은 250만주, 6.53%를 보유 중이다. 이번 공시에서는 특별관계자 양일홍의 지분이 1만3500주, 0.04%포인트 증가한 것으로 기재됐다.",1,032190|다우데이타,https://www.digitaltoday.co.kr/news/articleView.html?idxno=649954
032190,"양일홍의 지분은 2만2500주, 0.05%포인트 증가로 나타났다. 이 외 주요 내용으로 다우데이타는 우리은행과 담보계약을 3월 12일 체결했으며 대상 주식등의 수는 100만주다.","다우데이타와 특별관계자 8인의 3월 30일 기준 다우기술 보유 주식등의 수는 2121만7670주, 보유 비율은 47.29%로 보고됐다. 주요 내역을 보면, 보고자 다우데이타는 2027만8000주, 45.2%를 보유 중이다. 특별관계자 김익래는 50만2170주, 1.12%를 보유하고 있다.",1,032190|다우데이타,https://www.digitaltoday.co.kr/news/articleView.html?idxno=649921
032190,이 외 주요 내용으로 다우데이타는 우리은행과 담보계약을 3월 12일 체결했으며 대상 주식등의 수는 100만주다. NH농협은행과의 담보계약은 2025년 7월 1일 체결됐으며 대상 주식등의 수는 200만주다.,"다우데이타는 특별관계자 8인과 보유한 주식등의 수를 2121만5170주로 유지하고 있다. 보유 비율은 47.28%로 보고됐다. 주요 내역을 보면, 보고자 다우데이타는 2027만8000주, 45.2%, 특별관계자 김익래는 50만2170주, 1.12%, 김형주는 4만주, 0.09%를 보유 중이다.",1,032190|다우데이타,https://www.digitaltoday.co.kr/news/articleView.html?idxno=642110
032190,"이 외 주요 내용으로, 김동준은 한국증권금융과 담보계약을 2025년 11월 14일 체결했으며 대상 주식등의 수는 126만주다. 또한, 이머니는 한국산업은행과 담보계약을 2025년 5월 22일 체결했다.","주요 내역을 보면, 보고자 김익래는 881만960주, 23.01%를 보유 중이다. 특별관계자 김형주는 3만388주, 0.08%, 김동준은 250만주, 6.53%를 보유 중이다. 이 외 주요 내용으로, 김동준은 한국증권금융과 담보계약을 2025년 11월 14일 체결했으며 대상 주식등의 수는 126만주다.",1,032190|다우데이타,https://www.digitaltoday.co.kr/news/articleView.html?idxno=636367
041190,이 외 주요 내용으로 신성이엔지는 대신저축은행디비캐피탈인천저축은행과의 담보계약을 2026년 3월 26일 체결했으며 대상 주식등의 수는 206만주다. 이정훈은 NH농협은행과 담보계약을 2025년 7월 29일 체결했으며 대상 주식등의 수는 395만주다.,"이완근 신성이엔지 회장은 보유 주식등의 수를 2596만1047주로, 지분율을 30.91%로 유지했다. 이번 공시는 최대주주 및 특별관계자 보유주식 담보계약 추가에 따른 것이다. 주요 내역을 보면, 보고자 이완근은 84만주, 1%, 특별관계자 홍은희는 73만1047주, 0.87%, 이정훈은 1596만주, 19%를 보유 중이다.",1,041190|우리기술투자,https://www.digitaltoday.co.kr/news/articleView.html?idxno=652970
041190,"비록 업종 지수는 일부 대형 VC(벤처캐피털)의 숨 고르기에 0.10% 하락하며 거래 중이나, 개별 스팩주와 유망 투자처를 보유한 창투사를 중심으로 강한 매수세가 유입되는 양상이다. 교보20호스팩은 합병 대상 기업에 대한 기대감이 반영되며 78.00% 폭등한 3,560원을 기록하고 있다.","기업공개(IPO) 시장의 문턱이 높아지면서 우회 상장의 통로로 활용되는 스팩(SPAC·기업인수목적회사) 종목들이 2일 창업투자 업종의 분위기를 주도하고 있다. 비록 업종 지수는 일부 대형 VC(벤처캐피털)의 숨 고르기에 0.10% 하락하며 거래 중이나, 개별 스팩주와 유망 투자처를 보유한 창투사를 중심으로 강한 매수세가 유입되는 양상이다. 교보20호스팩의 기세가 압도적이다.",1,041190|우리기술투자,https://www.pinpointnews.co.kr/news/articleView.html?idxno=442155
041190,"같은 기간 개별 매출액은 1605억8000만원, 영업이익은 1367억2600만원, 당기순이익은 1095억8500만원이며, 주당순이익은 1407원이다. 연결 매출액은 1628억6700만원, 영업이익은 1380억7600만원, 당기순이익은 1105억4500만원이며, 주당순이익은 1420원이다.","제30기 재무제표 승인 안건은 의결권 있는 발행주식 총수 기준 찬성률 43.8%, 의결권 행사 주식수 기준 찬성률 98.5%로 통과됐다. 정관 일부 개정 안건도 의결권 있는 발행주식 총수 기준 찬성률 44.3%, 의결권 행사 주식수 기준 찬성률 99.7%로 가결됐다. 이사 선임 안건에서는 장동진 사외이사를 신규 선임했고, 최재웅 사내이사와 이정선 기타비상무이사는 재선임됐다.",1,041190|우리기술투자,https://www.digitaltoday.co.kr/news/articleView.html?idxno=646396
041190,우리기술투자는 정기 주주총회에서 배당이 어려운 상황을 설명하고 향후 투자자산의 이익이 실현될 경우 적극적인 배당정책을 수립하겠다는 방침을 공유했다고 26일 밝혔다. 상법 제462조에 따르면 배당가능이익은...,우리기술투자는 정기 주주총회에서 배당이 어려운 상황을 설명하고 향후 투자자산의 이익이 실현될 경우 적극적인 배당정책을 수립하겠다는 방침을 공유했다고 26일 밝혔다. 상법 제462조에 따르면 배당가능이익은...,2,041190|우리기술투자,https://www.thebell.co.kr/free/content/ArticleView.asp?key=202603261639026040106471
263770,"유에스티는 2025년 개별 잠정실적으로 매출액 563억 9,400만 원, 영업이익 22억 1,200만 원, 순이익 22억 7,200만 원을 달성했다고 밝혔다. 이에 유에스티의 영업이익률과 순이익률은 2025년 말 기준 4% 안팎을 기록했다.","스테인리스 강관사 유에스티가 지난해 매출 및 수익성 감소를 기록했다. 다만 철강 시황 악화에도 고부가가치재 비중 확대로 순수익을 유지했다. 유에스티는 2025년 개별 잠정실적으로 매출액 563억 9,400만 원, 영업이익 22억 1,200만 원, 순이익 22억 7,200만 원을 달성했다고 밝혔다.",0,263770|유에스티,http://www.snmnews.com/news/articleView.html?idxno=566307
263770,"같은 기간 영업이익은 22억1299만137원으로 67.9% 줄었고, 당기순이익은 22억7270만5247원으로 58.8% 감소했다. 유에스티의 2025년 매출액은 563억9437만22원으로, 2024년 747억7970만7939원 대비 24.6% 감소했다.","유에스티의 2025년 매출액은 563억9437만22원으로, 2024년 747억7970만7939원 대비 24.6% 감소했다. 같은 기간 영업이익은 22억1299만137원으로 67.9% 줄었고, 당기순이익은 22억7270만5247원으로 58.8% 감소했다. 회사 측은 매출액 또는 손익구조 변동의 주요 원인으로 판매단가 감소를 들었다.",0,263770|유에스티,https://www.digitaltoday.co.kr/news/articleView.html?idxno=638753
263770,"유에스티는 보통주식 1주당 기말배당금 60원의 현금배당을 결의했으며, 배당금 총액은 14억1075만9340원, 보통주식 기준 시가배당율은 3.1%로 제시됐다. 이준열의 임기는 3년이며, 주요 경력은 법무법인 로원 기업 컨설턴트로 기재됐다.","유에스티는 보통주식 1주당 기말배당금 60원의 현금배당을 결의했으며, 배당금 총액은 14억1075만9340원, 보통주식 기준 시가배당율은 3.1%로 제시됐다. 주주총회에서는 정관 일부 변경 승인 안건도 특별결의로 가결됐다. 회사는 사외이사 명칭 변경 및 비율 강화를 골자로 정관을 손질하는 안건을 통과시켰다.",2,263770|유에스티,https://www.digitaltoday.co.kr/news/articleView.html?idxno=651671
263770,"분리막 소재의 강자 대한유화와 원통형 배터리 캔을 생산하는 신흥에스이씨 역시 각각 11.09%, 10.82% 상승하며 테마의 상승 열기를 더하고 있다. 롯데에너지머티리얼즈가 독보적인 일렉포일 기술력을 바탕으로 2차전지와 인공지능(AI) 산업의 핵심 소재 공급망을 주도하고 있다.","전기차 수요 정체기인 '캐즘' 우려로 숨을 죽였던 2차전지 테마가 6일 다시금 뜨겁게 달아오르고 있다. 글로벌 완성차 업체들의 전기차 출시 계획이 구체화되고, 리튬 등 주요 원자재 가격이 하향 안정화되면서 수익성 개선에 대한 기대감이 투자심리를 자극하는 모습이다. 차세대 배터리 규격 확대와 북미 시장 선점 경쟁이 치열해지며 관련 공급망에 속한 기업들에 강력한 매수세가 유입 중이다.",1,263770|유에스티,https://www.pinpointnews.co.kr/news/articleView.html?idxno=443061
263770,AccessDeniedAccess DeniedR2V64J3FP64R0RHXXrpHfQr90wxcxFxrwOM/yo1FpAmzUuTGgvuhZxCpw5jOOxusg9vmGecgJjdraOL0NCRhl3Rhoy3c1ezkDIJKr4MYEy/vVHX0,AccessDeniedAccess DeniedR2V64J3FP64R0RHXXrpHfQr90wxcxFxrwOM/yo1FpAmzUuTGgvuhZxCpw5jOOxusg9vmGecgJjdraOL0NCRhl3Rhoy3c1ezkDIJKr4MYEy/vVHX0,1,263770|유에스티,https://biz.sbs.co.kr/article_hub/20000301802?division=NAVER
023160,8일 투자은행(IB) 업계에 따르면 TKG태광의 핵심 계열사인 TKG휴켐스는 제이앤PE에서 500억원 규모의 전략적 투자를 유치했다. 제이앤PE가 운용하는 블라인드펀드가 특수목적법인(SPC)을 통해 TKG휴켐스의 사모...,8일 투자은행(IB) 업계에 따르면 TKG태광의 핵심 계열사인 TKG휴켐스는 제이앤PE에서 500억원 규모의 전략적 투자를 유치했다. 제이앤PE가 운용하는 블라인드펀드가 특수목적법인(SPC)을 통해 TKG휴켐스의 사모...,1,023160|태광,https://www.mk.co.kr/article/12011764
023160,"흥국화재는 이번 후순위채 발행 관련 공시에서 ""지난해 3분기말 기준 킥스 비율 220.37%보다 6.77%포인트(P) 증가한 227.14%를 기록할 것으로 예상된다""고 설명했다. 기본자본 킥스가 50% 이하인 보험사는 경영개선권고 등 적기시정조치 대상이 되는데 흥국화재는 40% 수준으로 알려졌다.",흥국생명과 흥국화재가 지난달 나란히 수장을 교체하며 '뉴 흥국' 시대를 시작했다. 특히 흥국화재는 신임 대표 취임부터 영업력 강화를 통해 자본력을 키우겠다는 의지가 엿보인다. 반면 인수합병(M&A) 시장에 나섰던 흥국생명은 숨고르기에 들어간 모습이다.,1,023160|태광,https://www.mt.co.kr/finance/2026/04/08/2026040808343790427
023160,"만전"" 태광산업이 석유화학 중심의 사업 구조를 조선·소비재·헬스케어로 전격 재편한다. 총 1조 5000억원 규모의 인수·투자를 동시다발적으로 추진하면서다. 태광산업은풍부한 유동자금을 바탕으로 공급망 강화와...","만전"" 태광산업이 석유화학 중심의 사업 구조를 조선·소비재·헬스케어로 전격 재편한다. 총 1조 5000억원 규모의 인수·투자를 동시다발적으로 추진하면서다. 태광산업은풍부한 유동자금을 바탕으로 공급망 강화와...",1,023160|태광,https://www.asiatoday.co.kr/view.php?key=20260407010002107
023160,"2026년 4월 6일 오후 4시 10분 기준으로 동성제약의 주가는 973원으로 전일 대비 변동이 없었다. 동성제약은 전문 의약품 제조업체로, 코스피 시장에 상장되어 있으며, 1990년 1월 19일에 상장됐다.","4월 6일 공시에 따르면, 태광산업은 2026년 3월 31일 유상증자를 통해 보통주 3000만주를 새로 취득했다. 2026년 4월 6일 오후 4시 10분 기준으로 동성제약의 주가는 973원으로 전일 대비 변동이 없었다. 동성제약은 전문 의약품 제조업체로, 코스피 시장에 상장되어 있으며, 1990년 1월 19일에 상장됐다. 임원ㆍ주요주주특정증권등소유상황보고서 ※ 교환대상이 주식인 교환사채권 및 기초자산이 주식인 증권예탁증권, 파생결합증권 등에 한하여 분모에서 제외하고 소유비율을 산정",1,023160|태광,https://www.digitaltoday.co.kr/news/articleView.html?idxno=653974
023160,"해당 기사는 인수 가격 조정과 리콜 사태 등 악재 속에서 태광그룹과 애경산업이 ‘극적 합의’를 도출해내며 새로운 동반 성장의 길을 모색했다는 점을 심도 있게 취재했으며, 인수 후 양사가 만들어낼 시너지와 향후 행보를 전망했다는 점에서 높은 평가를 받았다. 이어 “해이해질 수 있는 요즈음 이렇게 상을 받음으로써 더 열심히 하라고 주신 것 같다”며 “모두에게 늘 새롭고 정확한 정보를 전달할 수 있도록 정진해 나가겠다”고 소감을 밝","해당 기사는 인수 가격 조정과 리콜 사태 등 악재 속에서 태광그룹과 애경산업이 ‘극적 합의’를 도출해내며 새로운 동반 성장의 길을 모색했다는 점을 심도 있게 취재했으며, 인수 후 양사가 만들어낼 시너지와 향후 행보를 전망했다는 점에서 높은 평가를 받았다. 이어 “해이해질 수 있는 요즈음 이렇게 상을 받음으로써 더 열심히 하라고 주신 것 같다”며 “모두에게 늘 새롭고 정확한 정보를 전달할 수 있도록 정진해 나가겠다”고 소감을 밝혔다.",1,023160|태광,https://www.kfenews.co.kr/news/articleView.html?idxno=656503
271830,"반도체장비 매출 41억원→85억원 확대 전체 매출 비중도 23%까지 상승 ""제2의 ETF 기대했건만""…반년 된 상장클래스, 시장 외면","반도체장비 매출 41억원→85억원 확대 전체 매출 비중도 23%까지 상승 ""제2의 ETF 기대했건만""…반년 된 상장클래스, 시장 외면",1,271830|팸텍,https://www.sentv.co.kr/article/view/sentv202603190164
271830,"별도 기준 반도체장비 매출은 2024년 41억원에서 2025년 85억원으로 2배 이상 증가했다. 팸텍 관계자는 “회사는 카메라모듈 외에 반도체, 모빌리티, 스마트팩토리까지 자동화장비 적용 영역을 넓히고 있다”며 “이러한 과도기적 과정에서 실적이 부진했지만, 2026년에는 반도체 및 모빌리티 장비 매출 성장을 바탕으로 재도약을 시작할 것”이라고 말했다.","자동화 장비 전문기업 팸텍은 18일 제출한 사업보고서를 통해 2025년 연결 기준 매출액 387억원, 영업손실 41억원을 기록했다고 밝혔다. 지난해 글로벌 경기 둔화와 인플레이션에 따른 소비 위축으로 장비에 대한 투자가 보수적으로 전환되며 전반적인 실적은 부진했으나 사업 포트폴리오 다변화는 숫자로 확인됐다. 별도 기준 반도체장비 매출은 2024년 41억원에서 2025년 85억원으로 2배 이상 증가했다.",0,271830|팸텍,https://www.ggilbo.com/news/articleView.html?idxno=1147600
271830,"별도 기준 반도체장비 매출은 지난 2024년 41억원에서 지난해 85억원으로 2배 이상 증가했다. 자동화 장비 전문기업 팸텍은 지난해 연결 기준 매출액 387억원, 영업손실 41억원을 기록했다고 19일 밝혔다.","자동화 장비 전문기업 팸텍은 지난해 연결 기준 매출액 387억원, 영업손실 41억원을 기록했다고 19일 밝혔다. 회사 측에 따르면 지난해 글로벌 경기 둔화와 인플레이션에 따른 소비 위축으로 장비에 대한 투자가 보수적으로 전환되며 전반적인 실적은 부진했으나 사업 포트폴리오 다변화는 숫자로 확인됐다. 별도 기준 반도체장비 매출은 지난 2024년 41억원에서 지난해 85억원으로 2배 이상 증가했다.",0,271830|팸텍,https://www.widedaily.com/news/articleView.html?idxno=290614
271830,별도 기준 반도체장비 매출은 지난 2024년 41억원에서 2025년 85억원으로 2배 이상 증가했다. 전체 매출에서 차지하는 비중도 같은 기간 9.8%에서 23.4%로 확대됐다.,!AI가 자동 생성한 요약으로 정확하지 않을 수 있어요. 회사에 따르면 2025년 글로벌 경기 둔화와 인플레이션에 따른 소비 위축으로 장비 투자가 보수적으로 전환되며 전반적인 실적은 부진했으나 사업 포트폴리오 다변화는 숫자로 확인됐다. 별도 기준 반도체장비 매출은 지난 2024년 41억원에서 2025년 85억원으로 2배 이상 증가했다.,1,271830|팸텍,https://www.newspim.com/news/view/20260319000159
271830,"등록 2026.03.19 08:25:47 꽃신에 감동받은 메릴 스트립-앤 헤서웨이 AMRO, 올해 한국 경제성장률 1.9% 전망 '구준엽 처제' 서희제, 방송 복귀서 오열·욕설 ""샤워 매번 같이""…김지영, 파격 '신혼 루틴' 고백 '방한' 트럼프 측근 ""올가을 북미 정상회담 가능성 높다"" 정부, 새만금 2호 투자진흥지구 지정…현대차 9조 투자 뒷받침 美민주, 트럼프 탄핵소추안 발의…'직무정지' 요구도 ""당연히 올 거라고 생각""","등록 2026.03.19 08:25:47 꽃신에 감동받은 메릴 스트립-앤 헤서웨이 AMRO, 올해 한국 경제성장률 1.9% 전망 '구준엽 처제' 서희제, 방송 복귀서 오열·욕설 ""샤워 매번 같이""…김지영, 파격 '신혼 루틴' 고백 '방한' 트럼프 측근 ""올가을 북미 정상회담 가능성 높다"" 정부, 새만금 2호 투자진흥지구 지정…현대차 9조 투자 뒷받침 美민주, 트럼프 탄핵소추안 발의…'직무정지' 요구도 ""당연히 올 거라고 생각"" 정선희, 안재환 실종 신고 지연 이유 故김창민 감독 가해자 ""죽을 죄 지었다…거듭 사죄드린다"" 이란 ""美, 이란 요구 10개항 전부 수용…호르",1,271830|팸텍,https://www.newsis.com/view/NISX20260319_0003554533
032980,코스닥 상장 기업 바이온이 감사보고서 제출 지연 끝에 '의견거절' 판정을 받으며 상장폐지 기로에 섰다. 8일 금융감독원 전자공시시스템에 따르면 바이온은 2025 사업연도 감사보고서에 대해 감사의견 거절을 통보받아...,코스닥 상장 기업 바이온이 감사보고서 제출 지연 끝에 '의견거절' 판정을 받으며 상장폐지 기로에 섰다. 8일 금융감독원 전자공시시스템에 따르면 바이온은 2025 사업연도 감사보고서에 대해 감사의견 거절을 통보받아...,0,032980|바이온,http://www.inews24.com/view/1958153
032980,"바이온의 최근 실적에 따르면, 2024년 12월 결산 기준으로 자산총계는 847억원, 부채총계는 576억원, 자본총계는 271억원이다. 매출액은 270억원, 영업손실은 33억원, 당기순손실은 102억원으로 집계됐다.","바이온의 최근 실적에 따르면, 2024년 12월 결산 기준으로 자산총계는 847억원, 부채총계는 576억원, 자본총계는 271억원이다. 매출액은 270억원, 영업손실은 33억원, 당기순손실은 102억원으로 집계됐다. 바이온은 1997년 8월 6일 코스닥 시장에 상장된 음·식료품 및 담배 도매업체다.",0,032980|바이온,https://www.digitaltoday.co.kr/news/articleView.html?idxno=634535
032980,"바이온(032980)이 내부결산 기준 관리종목 지정 및 형식적 상장폐지, 상장적격성 실질심사 사유가... 공시에 따르면 바이온(032980)의 2025사업연도 결산기준 매출액은 32억4,747만6792원으로 전기 대비 41.79% 감소했으며...","바이온(032980)이 내부결산 기준 관리종목 지정 및 형식적 상장폐지, 상장적격성 실질심사 사유가... 공시에 따르면 바이온(032980)의 2025사업연도 결산기준 매출액은 32억4,747만6792원으로 전기 대비 41.79% 감소했으며...",0,032980|바이온,https://www.topstarnews.net/news/articleView.html?idxno=15969049
032980,입력2025.12.16 13:35 수정2025.12.16 13:35 글자크기 조절 입력2025.12.16 13:35 수정2025.12.16 13:35,입력2025.12.16 13:35 수정2025.12.16 13:35 글자크기 조절 입력2025.12.16 13:35 수정2025.12.16 13:35,1,032980|바이온,https://www.hankyung.com/article/202512166449O
032980,"상장폐지 관련 안내 ▶신한글로벌액티브리츠, 매출액 50억원 미만 사실 발생. 상장폐지 관련 안내 ▶씨씨에스, 강○○ 외 20인이 주주총회결의 집행금지 가처분 소송 제기 ▶모아데이타, 68.04억원 규모 자기 전환사채 매도 결정 ▶바이온, 의견거절 감사보고서 제출.","▶삼성전자, 2026년1분기 연결기준 매출액 133조원(전년동기대비 +68.05%), 영업이익 57.20조원(전년동기대비 +755%) ▶디지털대성, 50억원 규모 자사주 취득 신탁계약 해지 결정(해지예정일:2026-04-07) ▶LG전자, 2026년1분기 연결기준 매출액 23.73조원(전년동기대비 +4.36%), 영업이익 1.67조원(전년동기대비 +32.92%) ▶디아이티, 보통주 45,018주(8.29억원) 규모 자사주 처분 결정(기간:2026-04-16~2026-04-17) ▶골드앤에스, 2026년1분기 별도기준 매출액 77.31억원(전년동기대비 +250.61%)",0,032980|바이온,https://www.catchnews.kr/news/articleView.html?idxno=122474
034220,지난 3일 금융정보업체 에프앤가이드에 따르면 LG디스플레이의 올해 1분기 영업이익은 2109억 원으로 전년 동기 대비 530% 증가할 것으로 추정된다. 호실적에도 불구하고 LG디스플레이는 오는 9일부터 근속조건을 충족한 직원들을 대상으로 대규모 희망퇴직을 실시한다.,"지난 3일 금융정보업체 에프앤가이드에 따르면 LG디스플레이의 올해 1분기 영업이익은 2109억 원으로 전년 동기 대비 530% 증가할 것으로 추정된다. 이는 전 분기 대비 25% 넘게 늘어난 수치로, 기존 시장 컨센서스(1369억 원)를 50% 이상 웃돈다. OLED 중심의 사업 구조 전환과 비용 효율화, 저수익 사업 축소 등이 이 같은 실적 반등의 핵심 요인으로 분석된다.",2,034220|LG디스플레이,http://www.koreastocknews.com/news/articleView.html?idxno=117816
034220,LG그룹 주요 계열사 전반에 실적 반등 기대감이 확산되는 가운데 LG디스플레이가 OLED 중심 체질 개선과 함께 대규모 희망퇴직을 병행한다. 증권가에 따르면 LG디스플레이의 올해 1분기 영업이익은 2109억원으로 전년 동기 대비 530% 증가하고 전분기 대비로도 25.2% 개선될 전망이다.,LG그룹 주요 계열사 전반에 실적 반등 기대감이 확산되는 가운데 LG디스플레이가 OLED 중심 체질 개선과 함께 대규모 희망퇴직을 병행한다. 증권가에 따르면 LG디스플레이의 올해 1분기 영업이익은 2109억원으로 전년 동기 대비 530% 증가하고 전분기 대비로도 25.2% 개선될 전망이다. 북미 고객사의 스마트폰 신모델 출시 효과로 모바일용 P-OLED 패널이 수익성을 견인하고 있으며 WOLED 등 고부가 제품 수요 확대도 긍정적으로 작용하고 있다.,2,034220|LG디스플레이,https://www.ezyeconomy.com/news/articleView.html?idxno=234538
034220,이번 희망퇴직은 기능직과 사무직의 급여 산정 방식 차이를 감안해 근속 연수별로 기능직과 사무직 각각 최대 3년 치 급여 수준에 달하는 퇴직 위로금을 지급한다. 자녀 학자금도 추가 지급할 예정이다.,"LG디스플레이가 노동조합과 합의를 통해 희망퇴직을 실시한다. 이번 희망퇴직은 기능직과 사무직의 급여 산정 방식 차이를 감안해 근속 연수별로 기능직과 사무직 각각 최대 3년 치 급여 수준에 달하는 퇴직 위로금을 지급한다. 자녀 학자금도 추가 지급할 예정이다. LG디스플레이는 다음 달 말까지 모든 희망퇴직 절차를 마무리할 것으로 보인다. 이번 희망퇴직은 장기적으로 인력 선순환 체계를 구축하고, 기술 중심회사로서 근본적 경쟁력을 확보하는 발판이 될 것이라는 게 회사 측 설명이다. 이에 50세 미만 기술 엔지니어는 희망퇴직 대상에서 제외됐다.",1,034220|LG디스플레이,https://www.smarttoday.co.kr/ko-kr/articles/106295
034220,"티엔마는 글로벌 OLED 시장에서 8~10% 점유율을 보유한 중국 중견 패널 업체로, 스마트폰과 차량용 디스플레이를 중심으로 LG디스플레이를 비롯해 삼성디스플레이, 중국의 BOE를 쫓고 있는 후발 업체다. ◆中 특허 흔들기 무산…LGD, 핵심 특허 지켜냈다 8일 디스플레이업계에 따르면 LG디스플레이는 지난해 중국 디스플레이업체 티엔마를 상대로 LCD·OLED 관련 특허 7건 침해를 주장하며 소송을 제기했다.","!AI가 자동 생성한 요약으로 정확하지 않을 수 있어요. ◆中 특허 흔들기 무산…LGD, 핵심 특허 지켜냈다 8일 디스플레이업계에 따르면 LG디스플레이는 지난해 중국 디스플레이업체 티엔마를 상대로 LCD·OLED 관련 특허 7건 침해를 주장하며 소송을 제기했다. 티엔마는 글로벌 OLED 시장에서 8~10% 점유율을 보유한 중국 중견 패널 업체로, 스마트폰과 차량용 디스플레이를 중심으로 LG디스플레이를 비롯해 삼성디스플레이, 중국의 BOE를 쫓고 있는 후발 업체다.",2,034220|LG디스플레이,https://www.newspim.com/news/view/20260408000485
034220,한편 LG디스플레이는 이날 오후 평균 3.7%(기본급 3% 일괄 인상)의 임금 인상과 복지제도 개편 등 임금·단체협상 결과를 공지했다. 고정 OT(연장근로) 시간을 기존 20시간에서 18시간으로 줄이는 등 처우 개선 방안도 포함됐다.,"LG디스플레이(12,110원 ▲840 +7.45%)가 노동조합과의 합의를 통해 희망퇴직을 실시한다. 근속 연수에 따라 최대 3년 치 급여에 해당하는 위로금과 자녀 학자금을 지급하는 역대 최대 규모의 보상이 이뤄질 예정이다. 8일 관련업계에 따르면 LG디스플레이는 이날부터 사무직과 기능직을 대상으로 희망퇴직 신청을 받는다.",2,034220|LG디스플레이,https://www.mt.co.kr/industry/2026/04/08/2026040816130139870
048530,"회사는 배당가능이익 범위 내에서 이사회 결의로 소각하는 건으로 자본금 감소는 없다고 설명했다. 소각예정금액은 29억9712만2918원이며, 1주당 액면가액은 500원이다.","소각예정금액은 29억9712만2918원이며, 1주당 액면가액은 500원이다. 발행주식총수는 보통주식 3161만3982주로 제시됐다. 소각예정일은 2026년 4월 10일이며, 이사회결의일은 2026년 4월 2일이다. 회사는 배당가능이익 범위 내에서 이사회 결의로 소각하는 건으로 자본금 감소는 없다고 설명했다. 종목 시세 정보에 따르면 인트론바이오의 주가는 4월 2일 16시 10분 기준 3715원이며, 전일 대비 345원(-8.50%) 하락했다. 인트론바이오는 2011년 1월 26일 코스닥시장에 상장된 기초 의약물질 제조업 업체다.",2,048530|인트론바이오,https://www.digitaltoday.co.kr/news/articleView.html?idxno=652988
048530,"주요사항보고서(자기주식취득신탁계약해지결정) - 본 해지 건은 2026년 1월 22일에 공시한 '자기주식취득 신탁계약 체결 결정' 에 대한 신탁계약의 해지에 관한 사항입니다.- 상기 신탁계약을 통해 취득한 자기주식 722,234주는 계약 해지 후 당사 법인계좌에 입고하여 직접 보유할 예정입니다. 신탁계약 해지 전 기준으로 배당가능범위 내 취득한 자기주식 보통주식은 72만2224주로, 발행주식 대비 비율은 2.28%로 제시됐다.","인트론바이오는 해당 신탁계약을 2026년 1월 23일부터 2027년 1월 22일까지로 설정했으나, 자기주식 취득이 완료되면서 중도 해지하기로 했다. 해지 예정일자는 2026년 4월 2일이며, 해지기관은 신한투자증권이다. 해지로 반환받는 신탁 재산은 현금 및 자사주 반환 방식이며, 해지 예정 주식은 보통주 72만2224주다.",0,048530|인트론바이오,https://www.digitaltoday.co.kr/news/articleView.html?idxno=652952
048530,"최근실적을 살펴보면, 인트론바이오는 최근 결산 기준으로 자산총계 864억원, 부채총계 26억원, 자본총계 838억원을 기록했다. 이번 보고 기준일인 2026년 3월 19일을 기준으로, 전수연 비등기임원의 보유 주식 수는 0주로 변경됐다.","이번 보고 기준일인 2026년 3월 19일을 기준으로, 전수연 비등기임원의 보유 주식 수는 0주로 변경됐다. 이는 퇴임에 따른 주식 소유상황의 변동으로, 보고 의무가 해제된 것이다. 종목시세정보에 따르면, 2026년 3월 19일 장마감 기준 인트론바이오의 주가는 전일 대비 5.34% 하락한 4610원에 거래를 마쳤다.",1,048530|인트론바이오,https://www.digitaltoday.co.kr/news/articleView.html?idxno=643055
048530,"인트론바이오(048530)가 주식소각에 따라 변경상장을 공시했다. 2026년 3월 20일자로 보통주 1,577,565주가 소각되며, 이에 따라 상장주식총수는 31,613,982주로 조정될 예정이다. 회사 측은 이번 소각이 이익소각임을 밝히며...","인트론바이오(048530)가 주식소각에 따라 변경상장을 공시했다. 2026년 3월 20일자로 보통주 1,577,565주가 소각되며, 이에 따라 상장주식총수는 31,613,982주로 조정될 예정이다. 회사 측은 이번 소각이 이익소각임을 밝히며...",1,048530|인트론바이오,https://www.topstarnews.net/news/articleView.html?idxno=16007562
473000,현재 연간 1억5000만셀의 초소형 2차전지를 생산하고 있다. 7일 코스닥시장에서 코칩(126730)은 공모가(1만8000원)보다 58.06% 뛴 2만8450원에 첫 거래를 마쳤다.,"초소형 2차전지를 만드는 ‘코칩’이 상장 첫날부터 상승했다. 7일 코스닥시장에서 코칩(126730)은 공모가(1만8000원)보다 58.06% 뛴 2만8450원에 첫 거래를 마쳤다. 또 이날 함께 상장한 ‘에스케이증권제12호스팩’(473000)은 공모가(2000원)보다 4.50% 오른 2090원에 장을 마감했다.1994년 세워진 코칩은 초소형 2차전지 전문 제조기업으로, 삼성전기 카본계 2차전지 사업을 포괄 인수하면서 사업 초석을 다졌다. 현재 연간 1억5000만셀의 초소형 2차전지를 생산하고 있다. 주력 제품인 ‘칩셀카본’은 삼성전",1,473000|에스케이증권제12호스팩,http://www.newswell.co.kr/news/articleView.html?idxno=9747
473000,"7일 한국거래소 코스닥시장본부에 따르면, 에스케이증권제12호기업인수목적㈜(에스케이증권제12호스팩·473000)이 이날 코스닥시장에 상장한다. 공모가는 2000원으로, 상장 당일에는 변동성 완화장치(VI)가 적용되지 않는다.해당 종목은 스팩(SPAC)이다.","7일 한국거래소 코스닥시장본부에 따르면, 에스케이증권제12호기업인수목적㈜(에스케이증권제12호스팩·473000)이 이날 코스닥시장에 상장한다. 공모가는 2000원으로, 상장 당일에는 변동성 완화장치(VI)가 적용되지 않는다.해당 종목은 스팩(SPAC)이다. 스팩은 기업의 인수와 합병만을 목적으로 설립한 명목상 회사로, 3년 안에 합병하지 않으면 상장이 폐지된다.에스케이증권제12호스팩의 합병 대상 업종은 소비재(의류, 화장품 등) 제조 및 판매, 바이오·제약·의료, 소프트웨어·서비스, 모바일(게임 산업 포함), 전자·통신, 신소재·나노",1,473000|에스케이증권제12호스팩,http://www.newswell.co.kr/news/articleView.html?idxno=9737
473000,"8일 한국거래소에 따르면 에케이증권제12호스팩 주가는 전 거래일 대비 0.48% 오른 2100원에 장을 마쳤다. 와이씨 주가는 전 거래일 보다 7.83% 하락한 1만4600원, 레이저쎌 주가는 전 거래일 대비 6.06% 내린 1만2100원에 거래를 마감했다.","8일 한국거래소에 따르면 에케이증권제12호스팩 주가는 전 거래일 대비 0.48% 오른 2100원에 장을 마쳤다. 와이씨 주가는 전 거래일 보다 7.83% 하락한 1만4600원, 레이저쎌 주가는 전 거래일 대비 6.06% 내린 1만2100원에 거래를 마감했다. 이외에 코스나인, LS에코에너지 등 약세다.",1,473000|에스케이증권제12호스팩,https://www.pointdaily.co.kr/news/articleView.html?idxno=200672
473000,총 3.5조 원 규모의 자산운용액(AUM)을 조성하며 국내외 벤처 생태계의 선순환 구조를 견인하고 있다. 정부의 벤처 투자 활성화 대책과 더불어 주요 투자 포트폴리오 기업들의 상장(IPO) 소식 및 호실적 전망이 잇따르며 업종 전반에 강력한 동력을 불어넣고 있다.,주식시장에서 창업투자 업종은 27일 전일 대비 5.62% 급등하며 시장의 관심을 한 몸에 받고 있다. 정부의 벤처 투자 활성화 대책과 더불어 주요 투자 포트폴리오 기업들의 상장(IPO) 소식 및 호실적 전망이 잇따르며 업종 전반에 강력한 동력을 불어넣고 있다. 대형 창투사들을 중심으로 기관과 외국인의 동반 매수세가 유입되고 있다.,1,473000|에스케이증권제12호스팩,https://www.pinpointnews.co.kr/news/articleView.html?idxno=432829
473000,"TIGER 2차전지소재Fn, SOL 2차전지소부장Fn, KIWOOM K-2차전지북미공급망, KODEX 에너지화학은 글로벌 전기차 시장의 속도 조절 국면 속에서도 중장기 공급망 재편과 북미 투자 기대가 기술적 신호로 이어졌다는 평가다. 단기 이동평균선이 장기 이동평균선을 상향 돌파하는 이른바 골든크로스가 다수 종목에서 동시에 포착되며, 시장 내부에서 조용한 순환매가 진행 중이라는 해석이 힘을 얻고 있다.","국내 증시에서 기술적 신호가 다시 힘을 얻고 있다. 단기 이동평균선이 장기 이동평균선을 상향 돌파하는 이른바 골든크로스가 다수 종목에서 동시에 포착되며, 시장 내부에서 조용한 순환매가 진행 중이라는 해석이 힘을 얻고 있다. 단기 지수 등락과 무관하게 실적 가시성, 산업 회복 기대, 정책·글로벌 테마가 맞물린 종목들이 기술적 전환점에 진입했다는 평가다.",1,473000|에스케이증권제12호스팩,https://www.pinpointnews.co.kr/news/articleView.html?idxno=422843
050960,키사이트테크놀로지스는 수산아이앤티와 네트워크 애플리케이션&시큐리티(NAS) 엑시드 기술 파트너 프로그램(Xceed Technology Partner Program) 계약을 체결했다고 밝혔다. 또한 양사는 시장 확대를 지원하기 위한 공동 기술 가이드 및 가치 제안을 수립하기로 했다.,키사이트테크놀로지스는 수산아이앤티와 네트워크 애플리케이션&시큐리티(NAS) 엑시드 기술 파트너 프로그램(Xceed Technology Partner Program) 계약을 체결했다고 밝혔다. 이번 파트너십을 통해 양사는 키사이트의 네트워크 가시성 및 보안 테스트 솔루션과 수산아이앤티의 보안 솔루션을 통합해 고객에게 포괄적인 고성능 솔루션을 제공하게 된다. 또한 양사는 시장 확대를 지원하기 위한 공동 기술 가이드 및 가치 제안을 수립하기로 했다.,2,050960|수산아이앤티,https://www.dailysecu.com/news/articleView.html?idxno=206128
050960,정은아 수산아이앤티 대표가 16일 인터뷰를 통해 기업의 생성형 AI 활용에 따른 새로운 보안 관리 체계 구축의 필요성을 강조하며 핵심 구성 요소 중 하나인 AI 보안 게이트웨이를 출시하고 국내 시장 공략에 나설 것을 표명했다. 정은아 대표는 “최근 기업에서 생성형 AI 기술을 도입해 생산성을 크게 높임과 동시에 새로운 보안 리스크를 만들어내고 있다”며 “직원들이 업무 수행 과정에서 생성형 AI에 민감한 개인 및 기밀 정보를 입,"정은아 수산아이앤티 대표가 16일 인터뷰를 통해 기업의 생성형 AI 활용에 따른 새로운 보안 관리 체계 구축의 필요성을 강조하며 핵심 구성 요소 중 하나인 AI 보안 게이트웨이를 출시하고 국내 시장 공략에 나설 것을 표명했다. 정은아 대표는 “최근 기업에서 생성형 AI 기술을 도입해 생산성을 크게 높임과 동시에 새로운 보안 리스크를 만들어내고 있다”며 “직원들이 업무 수행 과정에서 생성형 AI에 민감한 개인 및 기밀 정보를 입력해 의도치 않은 데이터 유출을 발생시키는 경우가 발생하고 있으며, AI 기반 피싱 공격과 악성코드 생성도 빠르게 고도화되는 상황”이라고 전했다",1,050960|수산아이앤티,https://www.epnc.co.kr/news/articleView.html?idxno=329926
050960,국내 PLM 전문 및 시스템 통합(SI) 기업 오상자이엘과 정보보안 솔루션 전문기업 수산아이앤티가 급성장하는 차세대 인공지능(AI) 보안 및 클라우드 보안 시장 공략을 위해 전략적 협력에 나선다. 오상자이엘은...,국내 PLM 전문 및 시스템 통합(SI) 기업 오상자이엘과 정보보안 솔루션 전문기업 수산아이앤티가 급성장하는 차세대 인공지능(AI) 보안 및 클라우드 보안 시장 공략을 위해 전략적 협력에 나선다. 오상자이엘은...,1,050960|수산아이앤티,https://www.etnews.com/20260203000206
050960,오상자이엘이 수산아이앤티와 손잡고 차세대 인공지능(AI) 및 클라우드 보안 시장 공략에 나선다고 밝혔다. 오상자이엘은 수산아이앤티와 ‘차세대 AI 보안 사업 선점을 위한 전략적 파트너 계약’을 체결했다고 3일...,오상자이엘이 수산아이앤티와 손잡고 차세대 인공지능(AI) 및 클라우드 보안 시장 공략에 나선다고 밝혔다. 오상자이엘은 수산아이앤티와 ‘차세대 AI 보안 사업 선점을 위한 전략적 파트너 계약’을 체결했다고 3일...,1,050960|수산아이앤티,http://www.fnnews.com/news/202602031126028679
050960,"정은아 수산아이앤티 대표는 ""이번 협력은 당사가 축적해 온 AI 기반 보안 기술과 공공 시장에서 검증된 경험을 제조·모빌리티 분야로 확장하는 중요한 전환점""이라며 ""KG ICT와의 전략적 파트너십을 통해 보안이 산업 혁신을 가속하는 핵심 기반으로 자리 잡을 수 있도록 지속적으로 협력해 나가겠다""고 밝혔다. 또한 AI 보안 기술 기반 제품의 공동 마케팅을 진행하고, 제조업 공장 자동화 및 AI 기반 생산 효율화 환경에 최적화된","양사는 단순 솔루션 공급을 넘어 그룹 차원의 보안 전략 수립부터 산업, 제조, 모빌리티, 전장 고객 대상 공동 사업까지 협력 범위를 단계적으로 확장할 계획이다. 이번 협약을 통해 양 그룹사 간 보안 정책과 중장기 보안 로드맵을 공동 수립한다. 또한 AI 보안 기술 기반 제품의 공동 마케팅을 진행하고, 제조업 공장 자동화 및 AI 기반 생산 효율화 환경에 최적화된 보안 기술을 적용한다.",1,050960|수산아이앤티,https://www.job-post.co.kr/news/articleView.html?idxno=200828
354320,알루미늄 압출 부품 전문사인 알멕 역시 리비안의 생산 확대 수혜주로 꼽히며 전일보다 2.69% 상승한 4만 7700원을 기록 중이다. 리비안에 고효율 자성 소재나 알루미늄 부품을 공급하는 기업들을 중심으로 실적 개선 기대감이 주가를 밀어 올리는 동력이 되고 있다.,미국 전기차 스타트업 리비안(RIVIAN)이 생산 공정 효율화와 비용 절감을 통해 시장 신뢰를 회복하면서 국내 주식시장의 관련 테마주들이 30일 장중 강한 변동성을 보이고 있다. 리비안에 고효율 자성 소재나 알루미늄 부품을 공급하는 기업들을 중심으로 실적 개선 기대감이 주가를 밀어 올리는 동력이 되고 있다. 가장 눈에 띄는 상승세를 기록 중인 종목은 고효율 자성 소재 전문 기업인 아모그린텍이다.,1,354320|알멕,https://www.pinpointnews.co.kr/news/articleView.html?idxno=441083
354320,"글로벌 완성차 기업의 협력사로 낙점받기 위해서는 품질 관리 체계와 생산 역량은 물론 재무 안정성, ESG(환경·사회·지배구조) 등 지속가능성 항목까지 까다로운 심사를 통과해야 한다. 전해액 시장의 강자 엔켐 역시 ESS 및 전기차용 수요 확대 기대감에 힘입어 29.88% 상승 상한가에 안착했다.",전기차 수요 둔화 우려를 딛고 2차전지 테마가 25일 주식시장에서 강력한 반등세를 연출하고 있다. 북미 시장 내 배터리 셀 업체들의 공장 가동 본격화와 전고체 배터리 등 차세대 기술 상용화에 대한 기대감이 맞물리며 소재와 장비 전반에 걸쳐 뜨거운 매수세가 유입되는 현재 상황이다. 가장 폭발적인 상승세를 보이는 종목은 배터리 보호회로 전문 아이티엠반도체다.,1,354320|알멕,https://www.pinpointnews.co.kr/news/articleView.html?idxno=439861
354320,"글로벌 완성차 기업의 협력사로 등록되기 위해서는 품질 관리 체계, 생산 역량, 재무 안정성, 지속가능성 등 다양한 항목에 대한 엄격한 심사를 통과해야 한다. 알멕 관계자는 “글로벌 완성차 기업들의 협력사 등록은 단순한 거래 관계를 넘어 장기적인 공급망 파트너십을 의미한다”며, “앞으로도 품질과 기술 경쟁력을 기반으로 글로벌 자동차 고객사를 지속적으로 확대해 나갈 계획”이라고 밝혔다.","글로벌 완성차 기업의 협력사로 등록되기 위해서는 품질 관리 체계, 생산 역량, 재무 안정성, 지속가능성 등 다양한 항목에 대한 엄격한 심사를 통과해야 한다. 알멕은 이러한 강도 높은 평가 절차를 통과하며 글로벌 자동차 산업에서 기술력과 공급 안정성을 인정받았다는 평가다. 알멕은 이번 협력사 등록을 통해 글로벌 선두 자동차 기업들의 공급망에 참여할 기회를 확대하게 되었다.",1,354320|알멕,https://www.the-stock.kr/news/articleView.html?idxno=32224
354320,알멕이 독일의 글로벌 선두 자동차 그룹의 협력사 등록 절차를 완료했다고 24일 밝혔다.알멕은 이번 협력사 등록을 통해 글로벌 선두 자동차 기업들의 공급망에 참여할 기회를 확대하게 됐다고 설명했다. 향후 차세대 차량용 알루미늄 부품 공급 확대에도 긍정적인 영향을 미칠 것으로 기대된다.최근 글로벌 자동차 산업은 전동화 전환과 공급망 안정화 전략에 따라 신뢰성 높은 소재 및 부품 공급업체 확보에 집중하고 있다.,알멕이 독일의 글로벌 선두 자동차 그룹의 협력사 등록 절차를 완료했다고 24일 밝혔다.알멕은 이번 협력사 등록을 통해 글로벌 선두 자동차 기업들의 공급망에 참여할 기회를 확대하게 됐다고 설명했다. 향후 차세대 차량용 알루미늄 부품 공급 확대에도 긍정적인 영향을 미칠 것으로 기대된다.최근 글로벌 자동차 산업은 전동화 전환과 공급망 안정화 전략에 따라 신뢰성 높은 소재 및 부품 공급업체 확보에 집중하고 있다. 알멕은 이러한 글로벌 공급망 재편 과정에서 기술 경쟁력을 기반으로 주요 완성차 업체들과의 협력을 확대하며 수혜를 받고 있다.알멕,1,354320|알멕,http://www.paxetv.com/news/articleView.html?idxno=266607
354320,"글로벌 완성차 기업의 협력사로 등록되기 위해서는 품질 관리 체계, 생산 역량, 재무 안정성, 지속가능성 등 다양한 항목에 대한 엄격한 심사를 통과해야 한다. 알멕 관계자는 “글로벌 완성차 기업들의 협력사 등록은 단순한 거래 관계를 넘어 장기적인 공급망 파트너십을 의미한다”며, “앞으로도 품질과 기술 경쟁력을 기반으로 글로벌 자동차 고객사를 지속적으로 확대해 나갈 계획”이라고 밝혔다.","글로벌 알루미늄 소재 및 자동차 부품 전문기업 알멕이 독일의 글로벌 선두 자동차 그룹의 협력사 등록 절차를 완료했다고 24일 밝혔다. 글로벌 완성차 기업의 협력사로 등록되기 위해서는 품질 관리 체계, 생산 역량, 재무 안정성, 지속가능성 등 다양한 항목에 대한 엄격한 심사를 통과해야 한다. 알멕은 이러한 강도 높은 평가 절차를 통과하며 글로벌 자동차 산업에서 기술력과 공급 안정성을 인정받았다는 평가다.",1,354320|알멕,https://www.pinpointnews.co.kr/news/articleView.html?idxno=439507
484130,이번 실적 변동과 관련해 회사는 사업기간 차이로 인한 이자수익 발생 차이를 주요 원인으로 제시했다. 매출액또는손익구조30%(대규모법인은15%)이상변동,"이번 실적 변동과 관련해 회사는 사업기간 차이로 인한 이자수익 발생 차이를 주요 원인으로 제시했다. 결산 기간은 당해사업연도가 2025년 1월 1일부터 2025년 12월 31일까지, 직전사업연도는 2024년 5월 16일부터 2024년 12월 31일까지다. 재무현황(개별 기준)으로는 자산총계 100억7037만1574원, 부채총계 14억762만6158원, 자본총계 86억6274만5416원, 자본금 4억5200만원을 기록했다.",1,484130|하나34호스팩,https://www.digitaltoday.co.kr/news/articleView.html?idxno=627705
484130,"스팩은 기업의 인수와 합병만을 목적으로 설립한 명목상 회사로, 3년 안에 합병하지 않으면 상장이 폐지된다.하나34호스팩의 합병 대상 업종은 제조, 전기·가스·증기 및 수도, 하수·폐기물 처리, 원료 재생 및 환경복원, 건설, 출판·영상·방송통신 및 정보서비스, 전문·과학 및 기술 서비스, 19일 한국거래소 코스닥시장본부에 따르면, ‘하나34호기업인수목적(주)’(하나34호스팩·484130)이 이날 코스닥시장에 상장한다.","19일 한국거래소 코스닥시장본부에 따르면, ‘하나34호기업인수목적(주)’(하나34호스팩·484130)이 이날 코스닥시장에 상장한다. 공모가는 2000원으로, 상장 당일에는 변동성 완화장치(VI)가 적용되지 않는다.해당 종목은 스팩(SPAC)이다. 스팩은 기업의 인수와 합병만을 목적으로 설립한 명목상 회사로, 3년 안에 합병하지 않으면 상장이 폐지된다.하나34호스팩의 합병 대상 업종은 제조, 전기·가스·증기 및 수도, 하수·폐기물 처리, 원료 재생 및 환경복원, 건설, 출판·영상·방송통신 및 정보서비스, 전문·과학 및 기술 서비스,",1,484130|하나34호스팩,http://www.newswell.co.kr/news/articleView.html?idxno=10545
484130,"25일 한국거래소 코스닥시장본부에 따르면, ▲심플랫폼 ▲하나34호기업인수목적(주)(하나34호스팩) ▲이녹스에코엠 등 3개사가 코스닥시장 상장 예비심사를 신청했다.KB증권이 상장을 주선하는 ‘심플랫폼’은 NUBISON AIoT(산업용 데이터 수집과 산업용 AI 서비스 운영) 등 소프트웨어 개발 및 공급업을 영위하고 있다. 지난해 매출 43억8900만원, 영업손실 15억4000만원, 순손실 97억3400만원을 기록했다.","25일 한국거래소 코스닥시장본부에 따르면, ▲심플랫폼 ▲하나34호기업인수목적(주)(하나34호스팩) ▲이녹스에코엠 등 3개사가 코스닥시장 상장 예비심사를 신청했다.KB증권이 상장을 주선하는 ‘심플랫폼’은 NUBISON AIoT(산업용 데이터 수집과 산업용 AI 서비스 운영) 등 소프트웨어 개발 및 공급업을 영위하고 있다. 지난해 매출 43억8900만원, 영업손실 15억4000만원, 순손실 97억3400만원을 기록했다. 현재 자본금은 25억9300만원이다.하나증권이 상장을 주선하는 ‘하나34호스팩’은 스팩(SPAC)이다. 스팩은 기업의",0,484130|하나34호스팩,http://www.newswell.co.kr/news/articleView.html?idxno=9930
484130,총 3.5조 원 규모의 자산운용액(AUM)을 조성하며 국내외 벤처 생태계의 선순환 구조를 견인하고 있다. 정부의 벤처 투자 활성화 대책과 더불어 주요 투자 포트폴리오 기업들의 상장(IPO) 소식 및 호실적 전망이 잇따르며 업종 전반에 강력한 동력을 불어넣고 있다.,주식시장에서 창업투자 업종은 27일 전일 대비 5.62% 급등하며 시장의 관심을 한 몸에 받고 있다. 정부의 벤처 투자 활성화 대책과 더불어 주요 투자 포트폴리오 기업들의 상장(IPO) 소식 및 호실적 전망이 잇따르며 업종 전반에 강력한 동력을 불어넣고 있다. 대형 창투사들을 중심으로 기관과 외국인의 동반 매수세가 유입되고 있다.,1,484130|하나34호스팩,https://www.pinpointnews.co.kr/news/articleView.html?idxno=432829
484130,"ISC, 하나34호스팩, HD현대중공업, 한올바이오파마 등이 뒤를 이었다. 이날 오후 3시 30분 기준 서울 외환시장에서 미국 달러 대비 원화 환율은 전 거래일 대비 4.3원 내린 1,390.9원이다. 이경민 대신증권...","ISC, 하나34호스팩, HD현대중공업, 한올바이오파마 등이 뒤를 이었다. 이날 오후 3시 30분 기준 서울 외환시장에서 미국 달러 대비 원화 환율은 전 거래일 대비 4.3원 내린 1,390.9원이다. 이경민 대신증권...",1,484130|하나34호스팩,https://www.topstarnews.net/news/articleView.html?idxno=15572708
365590,"4월 6일 공시에 따르면, 신현철 등기임원의 직전 보고 기준일인 1월 9일에는 보유 주식 수가 1만9268주였으나, 이번 보고 기준일에는 0주로 감소했다. 세부 변동 내역에 따르면, 신현철 등기임원은 3월 30일부터 4월 7일까지 여러 차례 장내 매도를 통해 주식을 처분했다.","4월 6일 공시에 따르면, 신현철 등기임원의 직전 보고 기준일인 1월 9일에는 보유 주식 수가 1만9268주였으나, 이번 보고 기준일에는 0주로 감소했다. 이에 따라 보유 지분율도 0.06%에서 0%로 줄어들었다. 세부 변동 내역에 따르면, 신현철 등기임원은 3월 30일부터 4월 7일까지 여러 차례 장내 매도를 통해 주식을 처분했다.",1,365590|하이딥,https://www.digitaltoday.co.kr/news/articleView.html?idxno=654120
365590,"지난 2022년 코스닥 상장 당시 하이딥은 2023년부터 스타일러스 매출이 발생할 것이라고 기대했지만 3년째 실현되지 않았다. 하이딥은 19일 홈페이지에서 ""2025년 연간 매출은 17억7000만원, 당기손실은 148억원""이라며 ""매출은 터치&스타일러스 통합 솔루션 채택 지연으로 전년비 70% 감소했다""고 밝혔다.","터치 IC 팹리스 하이딥이 지난해에도 스타일러스(S펜·애플펜슬 등) 매출을 올리지 못했다. 지난 2022년 코스닥 상장 당시 하이딥은 2023년부터 스타일러스 매출이 발생할 것이라고 기대했지만 3년째 실현되지 않았다. 하이딥은 19일 홈페이지에서 ""2025년 연간 매출은 17억7000만원, 당기손실은 148억원""이라며 ""매출은 터치&스타일러스 통합 솔루션 채택 지연으로 전년비 70% 감소했다""고 밝혔다.",0,365590|하이딥,https://zdnet.co.kr/view/?no=20260320123908
365590,"하이딥의 2025년 매출액은 17억6699만1674원으로, 2024년 58억8997만0051원 대비 70.00% 감소했다. 상장정보를 보면 하이딥은 2020년 12월 21일 코스닥시장에 상장된 반도체 제조업체다.","하이딥의 2025년 매출액은 17억6699만1674원으로, 2024년 58억8997만0051원 대비 70.00% 감소했다. 같은 기간 영업손실은 104억2175만2324원, 당기순손실은 125억3244만6784원으로 집계됐다. 회사는 고객사 및 협력사의 전략 변경 등으로 모바일 기기용 Touch IC, Touch&Stylus IC, Stylus Pen의 양산 진행 일정이 일부 조정되면서 예상했던 매출 확대가 지연됐다고 설명했다.",0,365590|하이딥,https://www.digitaltoday.co.kr/news/articleView.html?idxno=629098
365590,업계에 따르면 삼성전자는 인공지능(AI) 반도체의 핵심 부품으로 꼽히는 차세대 HBM4를 설 연휴 이후 세계 최초로 양산 출하할 계획인 것으로 전해졌다. 시장에서는 삼성전자가 HBM4를 세계 최초로 양산 출하하면서 AI 반도체 시장에서 주도권을 확보할 수 있을 것이라는 기대가 반도체 전반으로 확산되고 있다.,"9일 오전 9시20분 기준 하이딥과 레이저쎌은 각각 전 거래일 대비 29.93%, 29.90% 급등하며 상한가를 기록했다. 이 밖에 디아이 16.36%, 신성이엔지 13.61%, SFA반도체 9.58%, 제주반도체 9.48%, 파두 9.19% 등도 동반 상승했다. 업계에 따르면 삼성전자는 인공지능(AI) 반도체의 핵심 부품으로 꼽히는 차세대 HBM4를 설 연휴 이후 세계 최초로 양산 출하할 계획인 것으로 전해졌다.",1,365590|하이딥,http://www.seoulwire.com/news/articleView.html?idxno=705794
365590,"이번 매도로 인해 백 상무이사의 보유 주식 수는 4만2634주에서 3만2634주로 감소했으며, 지분율은 0.14%에서 0.11%로 줄었다. 최근 실적에 따르면, 하이딥은 2024년 12월 기준 개별 재무제표에서 자산총계 184억원, 부채총계 108억원, 자본총계 75억원을 기록했다.","이번 매도로 인해 백 상무이사의 보유 주식 수는 4만2634주에서 3만2634주로 감소했으며, 지분율은 0.14%에서 0.11%로 줄었다. 매도 단가는 3685원이었다. 하이딥의 2026년 1월 23일 종가는 2395원으로, 전일 대비 1.84% 하락했다.",0,365590|하이딥,https://www.digitaltoday.co.kr/news/articleView.html?idxno=623629
140670,리서치알음은 3일 알에스오토메이션에 대해 '한국형 장사정포 요격체계(K-아이언돔)' 구축 사업 가속화와 정부·대기업 중심의 휴머노이드 로봇 투자 확대 흐름 속에서 핵심 인프라 기업으로 부각될 가능성이 크다고...,리서치알음은 3일 알에스오토메이션에 대해 '한국형 장사정포 요격체계(K-아이언돔)' 구축 사업 가속화와 정부·대기업 중심의 휴머노이드 로봇 투자 확대 흐름 속에서 핵심 인프라 기업으로 부각될 가능성이 크다고...,1,140670|알에스오토메이션,https://www.greened.kr/news/articleView.html?idxno=337540
140670,알에스오토메이션은 2026년3월31일 열린 주주총회에서 정관 일부 개정안을 특별결의로 가결했다. 임원 선임과 관련해 사외이사 강석건의 재선임안도 보통결의로 통과됐다.,알에스오토메이션은 2026년3월31일 열린 주주총회에서 정관 일부 개정안을 특별결의로 가결했다. 해당 안건은 상법 개정 내용 반영을 위한 정관 정비라고 회사는 설명했다. 임원 선임과 관련해 사외이사 강석건의 재선임안도 보통결의로 통과됐다.,1,140670|알에스오토메이션,https://www.digitaltoday.co.kr/news/articleView.html?idxno=650672
140670,"알에스오토메이션이 ‘스마트공장·자동화산업전 2026(Automation World 2026, 이하 AW 2026)’에 참가해 다축 서보 드라이브 ‘D8 Series’를 선보였다. 이번 전시에서 소개된 ‘D8 Series’는 고정밀 제어가 가능한 전원 일체형 다축 서보 드라이브다.","알에스오토메이션이 ‘스마트공장·자동화산업전 2026(Automation World 2026, 이하 AW 2026)’에 참가해 다축 서보 드라이브 ‘D8 Series’를 선보였다. 스마트공장·자동화산업전 2026은 아시아 최대 규모 스마트공장 및 자동화 산업 전문 전시회다. 이번 전시회는 3월 4일부터 6일까지 총 3일간 코엑스 전시장 전관에서 개최됐으며 ‘자율화, 지속가능성을 이끄는 힘(Autonomy, the Driver of Sustainability)’을 슬로건으로 진행됐다.",1,140670|알에스오토메이션,https://www.hellot.net/news/article.html?no=111025
140670,"알에스오토메이션의 서보드라이브 및 MMC 시리즈 전시 (사진=김지윤 기자) '두뇌, 신경 모두 갖춘 팔방미인' 알에스오토메이션이 4일 AW2026(스마트공장·자동화산업전)' 전시에서 PLC, 모션 제어, 서보 시스템, 산업용 HMI...","알에스오토메이션의 서보드라이브 및 MMC 시리즈 전시 (사진=김지윤 기자) '두뇌, 신경 모두 갖춘 팔방미인' 알에스오토메이션이 4일 AW2026(스마트공장·자동화산업전)' 전시에서 PLC, 모션 제어, 서보 시스템, 산업용 HMI...",1,140670|알에스오토메이션,https://www.greened.kr/news/articleView.html?idxno=337585
140670,제조업 현장이 인공지능(AI)과 로봇이 결합한 지능형 공장으로 빠르게 탈바꿈하면서 스마트팩토리 관련 테마가 시장의 이목을 끌고 있다. 한국거래소에 따르면 자율주행 물류 로봇과 생산 관리 시스템(MES) 경쟁력을 갖춘 LS티라유텍은 이날 오후 2시 15분 현재 2.06% 상승한 6920원에 거래 중이다.,제조업 현장이 인공지능(AI)과 로봇이 결합한 지능형 공장으로 빠르게 탈바꿈하면서 스마트팩토리 관련 테마가 시장의 이목을 끌고 있다. 스마트팩토리 테마는 7일 단순 공정 자동화를 넘어 생산 전 과정을 통합 관리하는 소프트웨어와 정밀 제어 시스템을 보유한 기업들을 중심으로 매수세가 형성되는 중이다. 가장 견조한 탄력을 보이는 종목은 스마트 팩토리 구축에 필수적인 통합 솔루션을 공급하는 기업이다.,1,140670|알에스오토메이션,https://www.pinpointnews.co.kr/news/articleView.html?idxno=443529
009240,"▲ 지난 3일 한샘 임직원들이 경기도 시흥 거북섬에서 '행복의 숲' 조성 행사에 참가해 기념촬영을 하고 있다.(이미지 제공=한샘) 한샘, 식목일 기념 '행복의 숲' 조성 행사 참여…환경보전 실천 한샘이 식목일을 기념해...","▲ 지난 3일 한샘 임직원들이 경기도 시흥 거북섬에서 '행복의 숲' 조성 행사에 참가해 기념촬영을 하고 있다.(이미지 제공=한샘) 한샘, 식목일 기념 '행복의 숲' 조성 행사 참여…환경보전 실천 한샘이 식목일을 기념해...",1,009240|한샘,http://www.weeklytoday.com/news/articleView.html?idxno=769621
009240,"'행복의 숲' 조성 행사는 시흥 거북섬 일대 녹지 부족 문제를 개선하고 미세먼지를 저감하기 위해 마련됐으며, 한샘 임직원 30여명과 기업 관계자 등 약 500명이 참여해 해송 125그루를 약 180㎡ 규모 부지에 심었다. 또 행사 기간 장기 카드 무이자 할부 프로그램인 ‘N32 페이’를 이용하면 최대 24개월간 이자 없이 제품을 구매할 수 있고, 맞벌이 부부 등을 위한 수요일 ‘이브닝 배송 서비스’도 이용할 수 있다.","◇ 한샘, 시흥 거북섬 ‘행복의 숲’ 조성 행사 참여 한샘은 식목일을 기념해 경기도 시흥 거북섬에서 열린 ‘행복의 숲’ 조성 행사에 참여해 나무 심기 봉사활동을 진행했다고 7일 밝혔다. '행복의 숲' 조성 행사는 시흥 거북섬 일대 녹지 부족 문제를 개선하고 미세먼지를 저감하기 위해 마련됐으며, 한샘 임직원 30여명과 기업 관계자 등 약 500명이 참여해 해송 125그루를 약 180㎡ 규모 부지에 심었다. 한샘 관계자는 “이번 나무심기 봉사활동을 통해 생물다양성 증진과 탄소흡수 기능 확대에 기여하는 한편, 시민 참여를 기반으로 기후변화 대응과 환경보호에 대한 공감대를",1,009240|한샘,http://www.niceeconomy.co.kr/news/articleView.html?idxno=89603
009240,"행사는 간척사업으로 조성된 시흥 거북섬 일대의 녹지 부족 문제를 개선하고, 미세먼지 저감과 도시 환경 개선을 위한 완충녹지 조성을 목적으로 마련됐다. 이날 한샘 임직원들은 약 180㎡ 규모로 마련된 부지에 해송 125그루를 식재하며 행복의 숲 조성에 참여했다.","시흥시청이 지난 3일 주최한 이번 행사에는 한샘 임직원을 비롯해 임병택 시흥시장, 김재현 평화의숲 대표 등 주요 내빈과 기업 관계자 약 500명이 참가했다. 행사는 간척사업으로 조성된 시흥 거북섬 일대의 녹지 부족 문제를 개선하고, 미세먼지 저감과 도시 환경 개선을 위한 완충녹지 조성을 목적으로 마련됐다. 시흥·안산 지역은 제조시설이 밀집해 있어 대기오염 저감을 위한 녹지 확충 필요성이 높다.",1,009240|한샘,https://www.thepublic.kr/news/articleView.html?idxno=300274
009240,"■ 한샘, 식목일 기념 시흥 거북섬에 '행복의 숲' 조성 지난 3일 한샘 임직원들이 경기도 시흥 거북섬에서 '행복의 숲' 조성 행사에 참가해 기념촬영을 하고 있다.ㅣ한샘 한샘이 식목일을 기념해 경기도 시흥 거북섬...","■ 한샘, 식목일 기념 시흥 거북섬에 '행복의 숲' 조성 지난 3일 한샘 임직원들이 경기도 시흥 거북섬에서 '행복의 숲' 조성 행사에 참가해 기념촬영을 하고 있다.ㅣ한샘 한샘이 식목일을 기념해 경기도 시흥 거북섬...",1,009240|한샘,http://www.biztribune.co.kr/news/articleView.html?idxno=351989
009240,사진=한샘 종합 홈 인테리어 전문기업 한샘(대표이사 김유진)이 식목일을 기념해 경기도 시흥 거북섬에서 열린 '행복의 숲' 조성 행사에 임직원 30여 명이 참여해 나무 심기 봉사활동을 진행했다고 밝혔다. 시흥시청이 지난...,사진=한샘 종합 홈 인테리어 전문기업 한샘(대표이사 김유진)이 식목일을 기념해 경기도 시흥 거북섬에서 열린 '행복의 숲' 조성 행사에 임직원 30여 명이 참여해 나무 심기 봉사활동을 진행했다고 밝혔다. 시흥시청이 지난...,1,009240|한샘,http://www.thefirstmedia.net/news/articleView.html?idxno=197375
005300,"박윤기 롯데칠성음료 목표 실적 잇단 '영점 조절', 수익경영 기조 더 뚜렷해져","박윤기 롯데칠성음료 목표 실적 잇단 '영점 조절', 수익경영 기조 더 뚜렷해져",1,005300|롯데칠성,https://www.businesspost.co.kr/BP?command=article_view&num=435212
005300,"‘저당 스위트칠리소스’는 당을 95% 줄인(시장 매출 상위 3개 제품 대비) 제품으로, 국산 홍고추의 매콤함에 알룰로스와 과일의 달콤함을 더했다. 생산과정 상 가열 살균을 하지 않은 비열(非熱)처리 생(生) 라이트 맥주로 신선하고 청량한 맛을 살렸다.","농심은 오는 6월 러시아 모스크바에 현지 판매법인 ‘농심 러시아(Nongshim Rus LLC)’를 설립한다. 이는 지난해 3월 네덜란드에 유럽 법인을 설립한 지 1년 3개월 만의 신규 법인으로, 고성장하는 러시아 라면 시장을 본격 공략하고 나아가 CIS(독립국가연합) 지역 전체를 아우르는 ‘유라시아 라면 시장’ 공략 거점을 마련한다는 의미다.농심은 현지 라면 시장의 주류를 차지하는 중저가 제품(70~100루블, 한화 약 1300~1900원)과 차별화된 프리미엄 시장(200루블 이상)을 적극 공략하며 성과를 창출한다는 계획이다. 롯데칠성음료는 맥주 브랜드 ‘클라우드",1,005300|롯데칠성,https://www.goodkyung.com/news/articleView.html?idxno=285577
005300,신메뉴 2종은 함께 제공되는 말차샷을 활용해 말차의 농도를 조절할 수 있다. ◆코리안 디저트 카페 설빙이 신메뉴 ‘말차설빙’ 2종을 출시한다.,◆코리안 디저트 카페 설빙이 신메뉴 ‘말차설빙’ 2종을 출시한다. 설빙은 말차 특유의 쌉싸름한 풍미를 다양한 방식으로 즐길 수 있도록 옵션을 확장해 ▲팥절미말차설빙과 ▲초코말차설빙 총 2종을 선보인다. 신메뉴 2종은 함께 제공되는 말차샷을 활용해 말차의 농도를 조절할 수 있다.,1,005300|롯데칠성,https://www.getnews.co.kr/news/articleView.html?idxno=867227
005300,사진=롯데칠성음료 롯데칠성음료가 탄산에 건강함을 더한 프리바이오틱 소다 '해피즈(Happiz)'를 새롭게 선보인다. 롯데칠성음료는 최근 북미 시장을 중심으로 웰니스 탄산음료 시장 수요가 꾸준히 증가하고 있는 가운데...,사진=롯데칠성음료 롯데칠성음료가 탄산에 건강함을 더한 프리바이오틱 소다 '해피즈(Happiz)'를 새롭게 선보인다. 롯데칠성음료는 최근 북미 시장을 중심으로 웰니스 탄산음료 시장 수요가 꾸준히 증가하고 있는 가운데...,1,005300|롯데칠성,http://www.thefirstmedia.net/news/articleView.html?idxno=197373
005300,"해당 부지는 2021년 롯데건설이 청년임대주택 1천400여 가구를 건립하려다 주민들의 강력한 반대로 사업이 중단된 전례가 있다. 롯데물산 관계자는 ""매입 대금 2천805억원을 한 번에 납부하는 상황이 아니기에 자금이 부족하지 않으며 현금 창출 능력도 뛰어난 상황""이라며 ""상각전영업이익(EBITDA)이 2천312억원으로 현금 창출 능력이 매우 안정적이기에 유동비율 및 재무 지표에 미치는 영향은 미미하다""라고 강조했다.","【 청년일보 】 롯데물산이 지난달 31일 서울 영등포구 양평동 롯데칠성음료 부지를 2천804억5천630만원에 매입한다고 공시하며 부동산 개발 사업 복귀를 선언했다. 롯데물산은 이번 매입이 롯데월드타워 완공 이후 중단됐던 개발 기능을 되살려 부동산 전문 기업으로 도약한다는 방침이나, 회사가 보유한 현금이 매입 대금에 못 미치는 상황이라는 점에서 무리한 계열사 우회 지원이라는 지적이 나온다. 8일 금융감독원에 따르면 롯데물산이 매입한 부지는 서울 영등포구 양평동 5가 119번지 외 17필지 일원으로 총 2만1천217㎡ 규모다.",0,005300|롯데칠성,https://www.youthdaily.co.kr/news/article.html?no=216834
053050,지에스이는 2001년 10월 11일 코스닥시장에 상장된 연료용가스제조및배관공급업 업체다. 이번 선임으로 사외이사 선임·재선임 인원은 1명이다.,"이번 선임으로 사외이사 선임·재선임 인원은 1명이다. 김지석 사외이사의 임기는 2026년 3월 30일부터 3년이며, 사외이사 총 재직기간(현 임기 포함)은 3년으로 공시됐다. 사외이사 변경 전후 지에스이의 등기이사 총수는 4명으로 동일하다.",1,053050|지에스이,https://www.digitaltoday.co.kr/news/articleView.html?idxno=649580
053050,지에스이는 2001년10월11일 코스닥시장에 상장된 연료용 가스 제조 및 배관공급업 업체다. 지에스이는 보통주식에 대해 분기배당 1주당20원과 기말배당 1주당20원의 현금배당을 결의했다.,"지에스이는 보통주식에 대해 분기배당 1주당20원과 기말배당 1주당20원의 현금배당을 결의했다. 배당금총액은 11억9950만3880원이며, 중간배당을 포함한 보통주식 시가배당율은 1.6%다. 이사 선임 안건은 사내이사 유수언·유석형·김재헌 선임과 사외이사 김지석 신규선임이 모두 가결됐다.",2,053050|지에스이,https://www.digitaltoday.co.kr/news/articleView.html?idxno=649562
053050,"[중앙이코노미뉴스 조용우] 20일 KRX 마감 기준, 네이버페이 증권에 따르면 지에스이 주가가 지난 종가 대비 6.94% 하락한 3,085원으로 3월 20일 국내 증시를 마감했다. 동일업종 등락률이 +4.57% 상승한 것과 대조적으로, 지에스이 주가는 하락 마감하며 다른 흐름을 보였다.","[중앙이코노미뉴스 조용우] 20일 KRX 마감 기준, 네이버페이 증권에 따르면 지에스이 주가가 지난 종가 대비 6.94% 하락한 3,085원으로 3월 20일 국내 증시를 마감했다. 이는 지난 종가 3,315원보다 230원 내린 수치이다. 하루동안의 주가 흐름을 살펴보면, 시가는 3,380원으로 시작하여 고가는 3,455원, 저가는 3,070원을 기록하며 385원의 변동폭을 보였다.",1,053050|지에스이,https://www.joongangenews.com/news/articleView.html?idxno=504585
053050,"19일 오전 10시 37분 기준, 네이버페이 증권에 따르면 지에스이 주가가 지난 종가 대비 19.50% 상승한 3... 지에스이의 PER은 19.36배로, 동일 업종 PER 5.18배를 크게 웃도는 수준이다. 코스닥 시가총액 순위...","19일 오전 10시 37분 기준, 네이버페이 증권에 따르면 지에스이 주가가 지난 종가 대비 19.50% 상승한 3... 지에스이의 PER은 19.36배로, 동일 업종 PER 5.18배를 크게 웃도는 수준이다. 코스닥 시가총액 순위...",1,053050|지에스이,https://www.topstarnews.net/news/articleView.html?idxno=16009228
053050,"이어 이란의 주변국 에너지 시설 보복이 이어지며 공급 차질 우려가 커지고 있다.18일(현지시간) 국제 원유시장에서 브렌트 도시가스, LPG 관련주가 강세를 보이고 있다.19일 오전 9시 28분 기준 지에스이 주가는 24.37% 상승한 3445원에, 대성에너지는 21.29% 상승한 1만 1850원에 거래 중이다.흥구석유 10.22%, 중앙에너비스 8.36%, 극동유화 5.59%, 대성산업 4.48%, S-OIL 1.18% 각각","도시가스, LPG 관련주가 강세를 보이고 있다.19일 오전 9시 28분 기준 지에스이 주가는 24.37% 상승한 3445원에, 대성에너지는 21.29% 상승한 1만 1850원에 거래 중이다.흥구석유 10.22%, 중앙에너비스 8.36%, 극동유화 5.59%, 대성산업 4.48%, S-OIL 1.18% 각각 오르고 있다. 앞서 이스라엘은 이란 최대 가스전 사우스파르스와 연결된 아살루에 천연가스 정제시설을 타격했다. 이어 이란의 주변국 에너지 시설 보복이 이어지며 공급 차질 우려가 커지고 있다.18일(현지시간) 국제 원유시장에서 브렌트",1,053050|지에스이,https://www.gukjenews.com/news/articleView.html?idxno=3533410
367000,"2025년 매출액이 전년 대비 30.3% 증가한 389억원을 기록했다고 밝혔다. 기업의 디지털 전환(DX)을 책임져 온 경력을 바탕으로, AI 전환(AX) 기업으로의 발빠른 전환에 성공했습니다.” 플래티어(대표 이상훈)는 2020년 시스포유아이앤씨와 모우소프트의 구조적 합병을 통해 탄생했다.","“AI와 소프트웨어 기업 간의 경계는 점점 더 모호해지고 있습니다. 기업의 디지털 전환(DX)을 책임져 온 경력을 바탕으로, AI 전환(AX) 기업으로의 발빠른 전환에 성공했습니다.” 플래티어(대표 이상훈)는 2020년 시스포유아이앤씨와 모우소프트의 구조적 합병을 통해 탄생했다. 이후 이커머스 플랫폼 구축 역량과 데브 옵스 역량을 결합해 DX 솔루션을 강화해 왔다.",1,367000|플래티어,https://www.aitimes.com/news/articleView.html?idxno=208767
367000,"가계대출 다시 꿈틀…주담대 아닌 ‘기타대출’이 방향 바꿨다 금융/증권 금리 급등·증시 급락…중동 리스크에 금융시장 ‘출렁’ 금융/증권 2월 경상수지 231억 9000만 달러 ‘역대 최대’…반도체 호황에 흑자 질주 금융/증권 삼천당제약 FDA PRE-ANDA 미팅, 무엇을 봐야 하나 의학/건강 SK하이닉스, 321단 QLC cSSD 공급…AI PC 시장 주도권 ‘강화’ IT/과학 삼성전자 메모리 매출 504억달러 ‘역대 최대’…","가계대출 다시 꿈틀…주담대 아닌 ‘기타대출’이 방향 바꿨다 금융/증권 금리 급등·증시 급락…중동 리스크에 금융시장 ‘출렁’ 금융/증권 2월 경상수지 231억 9000만 달러 ‘역대 최대’…반도체 호황에 흑자 질주 금융/증권 삼천당제약 FDA PRE-ANDA 미팅, 무엇을 봐야 하나 의학/건강 SK하이닉스, 321단 QLC cSSD 공급…AI PC 시장 주도권 ‘강화’ IT/과학 삼성전자 메모리 매출 504억달러 ‘역대 최대’…D램·낸드 동시 신기록 IT/과학 농심, 모스크바 법인 설립…유라시아 판매거점 ‘확보’ 기업 하나 ‘먹깨비’ vs 신한 ‘땡겨요’…수수료 줄일까",1,367000|플래티어,https://www.nspna.com/news/?mode=view&newsid=808529
367000,기존 이커머스 환경에서 고객은 원하는 상품을 찾기 위해 수많은 체크박스와 필터를 설정하는 번거로움을 겪어왔다. 동시에 상품 데이터 파이프라인인 ‘데이터파운드리’가 통 이미지나 리뷰 등 비정형 상품 데이터를 AI가 즉시 이해할 수 있는 구조화 데이터로 자동 전환해 고객의 모호한 요구까지 반영한 정밀한 상품 매칭을 실현한다.,기존 이커머스 환경에서 고객은 원하는 상품을 찾기 위해 수많은 체크박스와 필터를 설정하는 번거로움을 겪어왔다. 젠서 디스커버리는 이러한 구조에서 벗어나 잡지를 넘기듯 직관적으로 상품을 훑어보며 취향을 발견하는 ‘시각적 탐색 UI/UX’와 ‘자연어 대화’를 새로운 쇼핑 동선으로 제시한다. 이를 통해 고객은 텍스트 필터에 의존하는 대신 이미지가 주는 영감을 따라가며 대화하듯이 자연스럽게 최적의 상품에 도달하는 몰입형 쇼핑을 경험할 수 있다.,1,367000|플래티어,https://www.ddaily.co.kr/page/view/2026032609432911973
367000,"젠서 디스커버리는 이러한 구조에서 벗어나, 잡지를 넘기듯 직관적으로 상품을 훑어보며 취향을 발견하는 ‘시각적 탐색 UI/UX’와 ‘자연어 대화’를 새로운 쇼핑 동선으로 제시한다. 예를 들어 “격식 있는 자리에 어울리는 단정한 스타일 추천해줘”와 같은 자연어 대화를 통해 자신의 취향을 설명하면, AI는 이를 이해해 가장 적합한 상품 후보를 즉시 제안하며 탐색의 몰입감을 극대화한다.","기존 이커머스 환경에서 고객은 원하는 상품을 찾기 위해 수많은 체크박스와 필터를 설정하는 번거로움을 겪어왔다. 젠서 디스커버리는 이러한 구조에서 벗어나, 잡지를 넘기듯 직관적으로 상품을 훑어보며 취향을 발견하는 ‘시각적 탐색 UI/UX’와 ‘자연어 대화’를 새로운 쇼핑 동선으로 제시한다. 이를 통해 고객은 텍스트 필터에 의존하는 대신, 이미지가 주는 영감을 따라가며 대화하듯이 자연스럽게 최적의 상품에 도달하는 몰입형 쇼핑을 경험할 수 있다.",1,367000|플래티어,https://www.the-stock.kr/news/articleView.html?idxno=32230
367000,버티컬 AI·DX 솔루션 전문기업 플래티어가 이커머스 자사몰에서 활용 가능한 B2B SaaS '젠서 디스커버리... 플래티어는 이번 솔루션 출시를 위해 sLM(소형언어모델) 기반 지능형 라우터 '스마트라우터(SmartRouter)를...,버티컬 AI·DX 솔루션 전문기업 플래티어가 이커머스 자사몰에서 활용 가능한 B2B SaaS '젠서 디스커버리... 플래티어는 이번 솔루션 출시를 위해 sLM(소형언어모델) 기반 지능형 라우터 '스마트라우터(SmartRouter)를...,1,367000|플래티어,https://byline.network/?p=9004111222596333
093240,최준호 형지엘리트 대표이사. 사진=형지엘리트 매일일보 = 민경식 기자 | 형지엘리트가 외형 확대에도 연구개발(R&D) 투자에는 여전히 소극적인 모습이다. 교복값은 꾸준히 인상한 반면 R&D 비중은 수년째 0%대...,최준호 형지엘리트 대표이사. 사진=형지엘리트 매일일보 = 민경식 기자 | 형지엘리트가 외형 확대에도 연구개발(R&D) 투자에는 여전히 소극적인 모습이다. 교복값은 꾸준히 인상한 반면 R&D 비중은 수년째 0%대...,1,093240|형지엘리트,https://www.m-i.kr/news/articleView.html?idxno=1346421
093240,이에 따라 형지엘리트는 올해 체질 개선과 사업 다각화에 속도를 내 교복 사업의 매출 공백을 최소화하겠다는 생각이다.엎친 데 덮쳤다 최근 국내 인구 구조는 '저출산→학생 수 감소'로 고착화하고 있다. 교복은 통상 중·고등학교 배정 발표 시점인 매년 1~2월에 그해 생산 물량이 결정되는 구조다.,형지엘리트의 핵심이던 학생복(교복) 사업이 이중고에 직면했다. 학령 인구 감소에 정부의 교복 제도 개편 움직임까지 더해지면서 업황 불확실성이 커졌기 때문이다. 이에 따라 형지엘리트는 올해 체질 개선과 사업 다각화에 속도를 내 교복 사업의 매출 공백을 최소화하겠다는 생각이다.엎친 데 덮쳤다 최근 국내 인구 구조는 '저출산→학생 수 감소'로 고착화하고 있다.,1,093240|형지엘리트,https://news.bizwatch.co.kr/article/consumer/2026/03/06/0034
093240,"[중앙이코노미뉴스 조용우] 7일 오후 2시 21분 기준, 네이버페이 증권에 따르면 형지엘리트 주가는 지난 종가 대비 상승세를 보이며 1,042원에 거래되고 있다. 이는 지난 종가인 948원 대비 94원 상승한 수치로, 9.92%의 오름세를 나타낸다.","[중앙이코노미뉴스 조용우] 7일 오후 2시 21분 기준, 네이버페이 증권에 따르면 형지엘리트 주가는 지난 종가 대비 상승세를 보이며 1,042원에 거래되고 있다. 이는 지난 종가인 948원 대비 94원 상승한 수치로, 9.92%의 오름세를 나타낸다. 주가는 953원으로 시작하여 현재까지 1,162원의 고가와 950원의 저가를 기록하며 212원의 변동폭을 형성했다.",1,093240|형지엘리트,https://www.joongangenews.com/news/articleView.html?idxno=509597
093240,"7일 오전 10시 45분 기준, 네이버페이 증권에 따르면 형지엘리트의 주가가 지난 종가 대비 크게 상승한 수준을 보였다. 1,075원에 거래 중인 형지엘리트 주가는 지난 종가 948원 대비 127원 오르며 현재까지 13.39...","7일 오전 10시 45분 기준, 네이버페이 증권에 따르면 형지엘리트의 주가가 지난 종가 대비 크게 상승한 수준을 보였다. 1,075원에 거래 중인 형지엘리트 주가는 지난 종가 948원 대비 127원 오르며 현재까지 13.39...",1,093240|형지엘리트,https://www.topstarnews.net/news/articleView.html?idxno=16027623
093240,"【 청년일보 】 형지엘리트가 스포츠 상품화 사업 호조와 MRO(유지·보수·운영 자재) 사업 확대를 바탕으로 외형 성장을 이어가고 있지만, 계열사 거래 확대에 따른 매출채권 증가와 차입금 부담이 동시에 커지며 재무 안정성에 대한 우려가 제기되고 있다. 형지엘리트는 ""당사는 이번 유상증자 납입금 중 일부를 채무상환 자금으로 활용할 예정""이라며 ""상환 예정 차입금 가운데 만기가 먼저 도래하는 순서로 우선 상환해 부채비율 개선과 금융","【 청년일보 】 형지엘리트가 스포츠 상품화 사업 호조와 MRO(유지·보수·운영 자재) 사업 확대를 바탕으로 외형 성장을 이어가고 있지만, 계열사 거래 확대에 따른 매출채권 증가와 차입금 부담이 동시에 커지며 재무 안정성에 대한 우려가 제기되고 있다. 24일 금융감독원 전자공시시스템에 따르면 형지엘리트의 지난해 7∼12월(제25기 반기) 연결 기준 영업이익은 73억원으로 전년 동기 대비 346% 증가했다. 같은 기간 매출액은 19% 늘어난 881억원을 기록하며 외형과 수익성 모두 개선된 모습이다.",0,093240|형지엘리트,https://www.youthdaily.co.kr/news/article.html?no=215989
001790,"이상민 상무의 주식 매수 단가는 각각 2952원, 2927원, 2945원, 2970원으로 나타났다. 2026년 4월 1일 공시에 따르면, 이상민 상무는 2026년 3월 25일부터 3월 30일까지 장내매수를 통해 주식을 취득했다.","2026년 4월 1일 공시에 따르면, 이상민 상무는 2026년 3월 25일부터 3월 30일까지 장내매수를 통해 주식을 취득했다. 3월 25일에는 보통주 1만주를 매수했으며, 3월 26일에는 2000주, 3월 27일에는 3000주, 3월 30일에는 1927주를 추가로 매수했다. 이상민 상무의 주식 매수 단가는 각각 2952원, 2927원, 2945원, 2970원으로 나타났다.",1,001790|대한제당,https://www.digitaltoday.co.kr/news/articleView.html?idxno=651829
001790,"임원ㆍ주요주주특정증권등소유상황보고서 ※ 교환대상이 주식인 교환사채권 및 기초자산이 주식인 증권예탁증권, 파생결합증권 등에 한하여 분모에서 제외하고 소유비율을 산정 4월 1일 공시에 따르면, 김용환 상무는 2026년 3월 25일부터 3월 30일까지 여러 차례 장내매수를 통해 주식 수를 늘렸다.","4월 1일 공시에 따르면, 김용환 상무는 2026년 3월 25일부터 3월 30일까지 여러 차례 장내매수를 통해 주식 수를 늘렸다. 3월 25일에는 보통주 1만4608주를 매수했고, 3월 26일에는 추가로 4700주를 매수한 후 같은 날 7000주를 매도했다. 이어 3월 27일에는 1660주를, 3월 30일에는 3078주를 매수했다.",1,001790|대한제당,https://www.digitaltoday.co.kr/news/articleView.html?idxno=651824
001790,"이 기간 동안 주식 수는 5000주에서 시작해 1만7012주로 증가했다. 3월 31일 공시에 따르면, 김 상무는 2026년 3월 25일부터 3월 31일까지 장내 매수를 통해 총 1만7012주의 주식을 취득했다.","3월 31일 공시에 따르면, 김 상무는 2026년 3월 25일부터 3월 31일까지 장내 매수를 통해 총 1만7012주의 주식을 취득했다. 이 기간 동안 주식 수는 5000주에서 시작해 1만7012주로 증가했다. 김 상무는 3월 25일 5000주를, 3월 26일 6000주를, 3월 27일 2547주를, 3월 30일 2000주를, 3월 31일 1465주를 각각 매수했다.",1,001790|대한제당,https://www.digitaltoday.co.kr/news/articleView.html?idxno=651804
001790,"이번 보고 기준으로 주식 수는 1만7112주 증가하여 4만4412주가 되었고, 지분율은 0.05%로 상승했다. 세부변동내역에 따르면, 홍현호 전무는 2026년 3월 25일부터 27일까지 장내매수를 통해 총 1만7112주의 주식을 매수했다.","2021년 5월 4일 기준으로 홍현호 전무는 2만7300주의 주식을 보유하고 있었으며, 지분율은 0.03%였다. 이번 보고 기준으로 주식 수는 1만7112주 증가하여 4만4412주가 되었고, 지분율은 0.05%로 상승했다. 세부변동내역에 따르면, 홍현호 전무는 2026년 3월 25일부터 27일까지 장내매수를 통해 총 1만7112주의 주식을 매수했다.",1,001790|대한제당,https://www.digitaltoday.co.kr/news/articleView.html?idxno=651806
001790,"이번 보고서 기준일인 2026년 3월 31일 현재, 손영태 상무가 보유한 대한제당 주식 수는 1만6819주로, 소유 비율은 0.02%다. 세부 변동 내역에 따르면, 주식의 변동일은 2026년 3월 25일이며, 보통주 1만6819주를 장내매수했다.","이번 보고서 기준일인 2026년 3월 31일 현재, 손영태 상무가 보유한 대한제당 주식 수는 1만6819주로, 소유 비율은 0.02%다. 세부 변동 내역에 따르면, 주식의 변동일은 2026년 3월 25일이며, 보통주 1만6819주를 장내매수했다. 취득 단가는 2972.29원으로 보고됐다. 대한제당은 1968년 12월 27일 코스피에 상장된 곡물가공품 전분 및 전분제품 제조업체다. 임원ㆍ주요주주특정증권등소유상황보고서 ※ 교환대상이 주식인 교환사채권 및 기초자산이 주식인 증권예탁증권, 파생결합증권 등에 한하여 분모에서 제외하고 소유비율을 산정",1,001790|대한제당,https://www.digitaltoday.co.kr/news/articleView.html?idxno=651805
240600,이차전지 정밀 금형 및 자동화 장비 전문기업 ㈜유진테크놀로지가 국내 대형 축전지 제조사와 첫 납품 계약을 체결하며 장비사업 확대에 본격 시동을 걸었다. 유진테크놀로지는 최근 국내 대표 배터리 제조 S사와 배터리 워싱(Battery Washing) 및 이송장비 공급 계약을 체결했다고 18일 밝혔다.,이차전지 정밀 금형 및 자동화 장비 전문기업 ㈜유진테크놀로지가 국내 대형 축전지 제조사와 첫 납품 계약을 체결하며 장비사업 확대에 본격 시동을 걸었다. 유진테크놀로지는 최근 국내 대표 배터리 제조 S사와 배터리 워싱(Battery Washing) 및 이송장비 공급 계약을 체결했다고 18일 밝혔다. 이번 계약은 화성 YJ Tech Campus를 중심으로 추진해 온 장비사업 확대 전략이 가시적인 성과로 이어졌다는 점에서 의미가 크다.,2,240600|유진테크놀로지,https://www.ccdailynews.com/news/articleView.html?idxno=2404128
240600,"이차전지 정밀 금형 및 자동화 장비 전문기업 유진테크놀로지(대표 여현국, 이미연)는 국내 대형 배터리 제조사 S사와 배터리 워싱 및 이송장비 공급 계약을 체결했다고 18일 밝혔다. 이번 계약은 장비 사업 확대 전략 성과로서 의미가 있다고 강조했다.","이차전지 정밀 금형 및 자동화 장비 전문기업 유진테크놀로지(대표 여현국, 이미연)는 국내 대형 배터리 제조사 S사와 배터리 워싱 및 이송장비 공급 계약을 체결했다고 18일 밝혔다. 이번 계약은 장비 사업 확대 전략 성과로서 의미가 있다고 강조했다. 회사는 배터리 전극 가공 공정에서 축적된 정밀 금형 기술과 자동화 설계 역량을 통해 공정 장비 영역으로 사업을 확장하고 있다.",2,240600|유진테크놀로지,https://zdnet.co.kr/view/?no=20260318163006
240600,"[이투뉴스] 유진테크놀로지(대표이사 여현국·이미연)는 국내 대형 배터리 제조사인 S사와 배터리 워싱(Battery Washing) 및 이송장비 공급 계약을 체결했다고 18일 밝혔다. 배터리 워싱 장비는 표면 처리 기술이 적용된 설비로, 배터리 단자의 용접 특성 안정화와 생산성 향상에 기여한다.",[이투뉴스] 유진테크놀로지(대표이사 여현국·이미연)는 국내 대형 배터리 제조사인 S사와 배터리 워싱(Battery Washing) 및 이송장비 공급 계약을 체결했다고 18일 밝혔다. 이번 계약은 화성 YJ Tech 캠퍼스를 중심으로 추진해 온 장비사업 확대 전략의 성과다. 배터리 전극 가공 공정에서 축적한 정밀 금형 기술과 자동화 설계 역량을 공정 장비로 확장하고 있다.,2,240600|유진테크놀로지,http://www.e2news.com/news/articleView.html?idxno=328780
240600,"또 배터리 제조사 외 다양한 글로벌 산업 고객 대상으로 장비 프로젝트 협의가 이어지고 있어, 장비 사업 포트폴리오 확대를 기대하고 있다. 이번에 공급한 배터리 워싱 장비는 표먼 처리 기술이 적용된 설비다.",유진테크놀로지는 배터리 노칭 금형 전문 제조 기업이다. 정밀 금형 기술과 자동화 설계 역량을 바탕으로 공정 장비 사업에 진출하고 있다. 이번 계약은 화성 YJ 테크 캠퍼스를 중심으로 추진한 장비 사업 확대 전략의 성과다.,2,240600|유진테크놀로지,https://www.ddaily.co.kr/page/view/2026031814363077691
214420,특히 지난밤 110달러 대에서 등락하던 국제유가는 아시아시장에서 90달러 중반대로 폭락했고 원-달러 환율도 30원 넘게 떨어지면서 외국인들의 매수세를 자극했다. 원-달러 환율이 33.6원 급락한 1470.6원에 마감한 가운데 외국인들이 2.4조원어치를 사들이며 지수 폭등세를 이끌었다.,"특히 지난밤 110달러 대에서 등락하던 국제유가는 아시아시장에서 90달러 중반대로 폭락했고 원-달러 환율도 30원 넘게 떨어지면서 외국인들의 매수세를 자극했다. 강진혁 신한투자증권 애널리스트는 ""악재는 가격에 반영되고 호재에 민감한 상황에서 2주 휴전 합의와 호르무즈 개방 소식으로 대기 매수세가 폭발했다""면서 ""호르무즈 봉쇄 최대 피해국으로 꼽힌 한국증시의 반등폭이 아시아 시장에서 가장 크게 나타났다""고 전했다. 이날 장초반 코스피200 선물지수 폭등으로 매수 사이드카(프로그램 매수호가 일시 효력정지)가 발동되기도 했다.",1,214420|토니모리,http://www.choicenews.co.kr/news/articleView.html?idxno=163524
214420,2009년 설립되어 지난 2018년 코스닥 시장에 입성한 본느는 독보적인 연구개발(R&D) 역량을 바탕으로 ODM(제조자개발생산) 사업과 자체 브랜드 사업을 병행하고 있다. 북미와 유럽에서의 성공 경험을 바탕으로 까다로운 일본 시장까지 공략해 해외 매출 비중을 더욱 끌어올릴 전망이다.,"국내 화장품 업종은 거래를 마친 6일 상승과 하락이 엇갈리는 혼조 흐름을 보였다. 업종 지수는 소폭 상승했지만, 종목별로는 실적 기대감과 차익실현 매물이 동시에 반영되며 방향성이 뚜렷하게 갈렸다. 중국 소비 회복 기대와 글로벌 K-뷰티 수출 확대 기대감이 여전히 유효했지만, 단기 상승 부담에 따른 매물 출회가 상단을 제한한 것으로 풀이됐다.",1,214420|토니모리,https://www.pinpointnews.co.kr/news/articleView.html?idxno=443280
214420,2026.04.05 오전 06:40 가 2026.04.05 오전 06:40,2026.04.05 오전 06:40 가 2026.04.05 오전 06:40,1,214420|토니모리,https://www.news1.kr/industry/general-industry/6123642
214420,자신이 할 수 있는 최대한의 세리머니였다는 말도 인상적이었습니다. 그는 불안을 완전히 없애겠다는 생각 자체가 현실적이지 않다고 받아들이게 됐다고 했습니다.,"‘남달라’ 박성현(33)은 학창 시절 한때 ‘박카스 소녀’로 불린 적이 있습니다. 현일중 2학년이던 2007년 제주 오라CC에서 열린 박카스배 전국시도학생골프팀선수권대회에 출전해 홀인원을 기록했고, 당시 부상으로 받은 박카스 2000병을 전교생에게 돌린 사연 덕분이었습니다. 그로부터 19년이 흘러 박성현이 다시 홀인원 이야기의 중심에 섰습니다.",1,214420|토니모리,https://www.tennis.co.kr/news/articleView.html?idxno=52314
214420,KLPGA투어 국내 개막전서 시즌 1호 주인공 정규대회 생애 첫 홀인원 158m·8번 아이언 대회창설+의류협찬 지원한 더시에나 뭇웃음 “우승 좋지만 경기력 향상이 올해 최대목표” 한국여자프로골프(KLPGA)투어 국내 개막전 무빙데이가 펼쳐진 4일 더 시에나벨루토 컨트리클럽(파72·6586) 4번홀. 3번홀에서 이날 첫 버디를 낚고 기세 등등하게 4번홀 티잉그라운드에 올랐다.,KLPGA투어 국내 개막전서 시즌 1호 주인공 정규대회 생애 첫 홀인원 158m·8번 아이언 대회창설+의류협찬 지원한 더시에나 뭇웃음 “우승 좋지만 경기력 향상이 올해 최대목표” 한국여자프로골프(KLPGA)투어 국내 개막전 무빙데이가 펼쳐진 4일 더 시에나벨루토 컨트리클럽(파72·6586) 4번홀. 초초한 눈빛으로 타구를 바라보던 갤러리가 일제히 환호를 질렀다. “홀인원!”이라는 외침이 곳곳에서 터져나왔다.,1,214420|토니모리,https://www.sportsseoul.com/news/read/1599793?ref=naver
007720,소노스퀘어가 대규모 신주인수권부사채(BW)를 전량 조기상환하며 주가 하락의 원인으로 지목되던 오버행(대량 대기 물량) 우려를 씻어냈다고 4일 밝혔다. 소노스퀘어는 4일 공시를 통해 제26회차 무기명식 사모 비분리형 신주인수권부사채(BW) 사채권자의 조기상환청구권(Put Option) 행사에 따라 원금 300억원과 이자를 포함한 총 344억원을 지급하고 사채 전량을 취득했다고 밝혔다.,소노스퀘어가 대규모 신주인수권부사채(BW)를 전량 조기상환하며 주가 하락의 원인으로 지목되던 오버행(대량 대기 물량) 우려를 씻어냈다고 4일 밝혔다. 소노스퀘어는 4일 공시를 통해 제26회차 무기명식 사모 비분리형 신주인수권부사채(BW) 사채권자의 조기상환청구권(Put Option) 행사에 따라 원금 300억원과 이자를 포함한 총 344억원을 지급하고 사채 전량을 취득했다고 밝혔다. 회사는 취득한 사채를 즉시 소각할 예정이다.,1,007720|소노스퀘어,http://www.ftoday.co.kr/news/articleView.html?idxno=355967
007720,"연간 실적 성장은 소노호텔앤리조트 사업장 확장에 따른 MRO(유지·보수·운영) 사업 외형 확대가 주요 요인으로 작용했다. 소노스퀘어는 2025년 연결 기준 매출액 1628억7141만원, 영업이익 13억9694만원을 기록했다고 2일 밝혔다.","소노스퀘어는 2025년 연결 기준 매출액 1628억7141만원, 영업이익 13억9694만원을 기록했다고 2일 밝혔다. 매출은 전년 대비 22.0%, 영업이익은 112.9% 각각 늘었다. 소노스퀘어 측은 “영업 구조상 이익률이 낮은 사업 특성이 있지만, 사업 포트폴리오 재편과 비용 구조 효율화를 통해 점진적인 수익 개선 성과를 내고 있다”고 전했다.",1,007720|소노스퀘어,https://www.thereport.co.kr/news/articleView.html?idxno=83449
007720,"이번 실적 반등은 호텔·리조트 공급망을 기반으로 한 MRO 사업 확대와 사업 포트폴리오 재편에 따른 결과로 분석된다. 소노스퀘어 관계자는 ""지난해는 외형 성장과 함께 사업 구조 개선 성과가 실적으로 확인된 한 해였다""며 ""올해는 각 사업부의 경쟁력을 기반으로 외부 영업 확대와 상품·브랜드 고도화를 통해 매출 성장을 이어가며, 하스피탈리티 산업 MRO에 특화된 물류유통 사업과 생활위생·공간케어를 포함한 프리미엄 라이프스타일 브랜","소노스퀘어는 지난해 연결기준 매출 1629억원, 영업이익 14억원을 기록했다고 2일 잠정 공시했다. 전년 대비 매출은 22%, 영업이익은 112.9% 급증한 금액이다. 이번 실적 반등은 호텔·리조트 공급망을 기반으로 한 MRO 사업 확대와 사업 포트폴리오 재편에 따른 결과로 분석된다.",2,007720|소노스퀘어,https://news.dealsitetv.com/articles/164917
007720,"소노스퀘어는 2025년 연결 기준 매출액 1628억원, 영업이익 14억원을 기록했다고 2일 밝혔다. 이는 전년 대비 매출은 22.0%, 영업이익은 무려 112.9% 성장한 수치다.","대명소노그룹의 유통 전문 기업 소노스퀘어가 2025년 한 해 동안 외형 성장과 내실 경영이라는 두 마리 토끼를 모두 잡았다. 소노스퀘어는 2025년 연결 기준 매출액 1628억원, 영업이익 14억원을 기록했다고 2일 밝혔다. 이는 전년 대비 매출은 22.0%, 영업이익은 무려 112.9% 성장한 수치다.",1,007720|소노스퀘어,http://www.ftoday.co.kr/news/articleView.html?idxno=354479
007720,"사진=소노스퀘어 ㈜소노스퀘어는 2025년 연결 기준 매출액 1628억7141만 원을 기록하며 전년 대비 22.0% 성장했다고 2일 밝혔다. 영업이익은 13억9694만 원으로 전년 대비 112.9% 증가했으며, 영업구조의 특성상 영업이익률이...","사진=소노스퀘어 ㈜소노스퀘어는 2025년 연결 기준 매출액 1628억7141만 원을 기록하며 전년 대비 22.0% 성장했다고 2일 밝혔다. 영업이익은 13억9694만 원으로 전년 대비 112.9% 증가했으며, 영업구조의 특성상 영업이익률이...",1,007720|소노스퀘어,http://www.sisacast.kr/news/articleView.html?idxno=91093
101390,"한편 금융당국은 2026년 사업연도부터 기술특례 상장 기업에 적용되는 코스닥 상장폐지 요건(매출액 기준)을 기존 30억 원에서 50억 원으로 상향 조정했다. 특히 2026년부터 강화되는 '매출 50억 원' 상장 유지 요건을 고려할 때, 아이엠바이오로직스가 보여준 마일스톤 수령은 일회성 수익을 넘어 '지속 가능한 R&D 비즈니스 모델'의 가능성을 시사한다.",글로벌 빅파마들이 독점해온 MRI 조영제 시장에 '철분 기반 나노 입자'라는 혁신 기술을 앞세워 도전장을 내민 인벤테라가 성공적인 코스닥 시장 안착을 발판 삼아 본격적인 기업 가치 제고에 나선다. 인벤테라는 기존 가돌리늄 조영제의 안전성 한계를 극복하고 글로벌 시장의 세대교체를 이끌 수 있을지 시험대에 올랐다. 지난 4월 2일 코스닥 시장에 화려하게 입성한 인벤테라는 상장 첫날 공모가 대비 150% 급등하며 시장의 뜨거운 관심을 입증했다.,0,101390|아이엠,https://www.apsk.co.kr/news/articleView.html?idxno=539057
101390,이 외 주요 내용으로 중앙피앤아이는 엔에이치투자증권과 담보계약을 2025년 6월 23일 체결했으며 대상 주식등의 수는 240만1920주다. 중앙피앤아이는 아이엠증권과 담보계약을 2026년 3월 23일 체결했으며 대상 주식등의 수는 87만6524주다.,"주요 내역을 보면, 보고자 중앙피앤아이는 744만1217주, 38.63%를 보유 중이다. 특별관계자 홍정도는 22만5100주, 1.17%를 보유 중이며, 중앙일보는 46만9816주, 2.44%를 보유 중이다. 이 외 주요 내용으로 중앙피앤아이는 엔에이치투자증권과 담보계약을 2025년 6월 23일 체결했으며 대상 주식등의 수는 240만1920주다.",1,101390|아이엠,https://www.digitaltoday.co.kr/news/articleView.html?idxno=654921
101390,"35억원), 아이엠증권 곽석태 영업상무대우 31.89억원(상여 31.48억원) 등이다. 30억원대 이상 고액 보수 수령자들 전부가 증권사 임직원들이었다. 현역 금융사 임직원 작년 보수 20억원대도 지금까지 확인된 것만 모두...","35억원), 아이엠증권 곽석태 영업상무대우 31.89억원(상여 31.48억원) 등이다. 30억원대 이상 고액 보수 수령자들 전부가 증권사 임직원들이었다. 현역 금융사 임직원 작년 보수 20억원대도 지금까지 확인된 것만 모두...",1,101390|아이엠,http://www.newsfc.co.kr/news/articleView.html?idxno=77955
101390,"국내 증시의 핵심 섹터 중 하나인 제약 업종이 8일 글로벌 금리 인하 기대감과 주요 파이프라인의 임상 진척 소식에 힘입어 강한 반등을 하고 있다. 제약·바이오 섹터는 대표적인 금리 민감주로, 조달 금리 하락이 기업의 연구개발(R&D) 비용 부담을 덜어줄 것이라는 분석이 지배적이다.","국내 증시의 핵심 섹터 중 하나인 제약 업종이 8일 글로벌 금리 인하 기대감과 주요 파이프라인의 임상 진척 소식에 힘입어 강한 반등을 하고 있다. 제약·바이오 섹터는 대표적인 금리 민감주로, 조달 금리 하락이 기업의 연구개발(R&D) 비용 부담을 덜어줄 것이라는 분석이 지배적이다. 대형 바이오시밀러 기업부터 혁신 신약 기술력을 보유한 강소기업까지 고른 상승세를 보이며 업종 지수는 2.13% 상승 중이다.",1,101390|아이엠,https://www.pinpointnews.co.kr/news/articleView.html?idxno=443739
101390,"상장폐지 관련 안내 ▶신한글로벌액티브리츠, 매출액 50억원 미만 사실 발생. 상장폐지 관련 안내 ▶씨씨에스, 강○○ 외 20인이 주주총회결의 집행금지 가처분 소송 제기 ▶모아데이타, 68.04억원 규모 자기 전환사채 매도 결정 ▶바이온, 의견거절 감사보고서 제출.","▶삼성전자, 2026년1분기 연결기준 매출액 133조원(전년동기대비 +68.05%), 영업이익 57.20조원(전년동기대비 +755%) ▶디지털대성, 50억원 규모 자사주 취득 신탁계약 해지 결정(해지예정일:2026-04-07) ▶LG전자, 2026년1분기 연결기준 매출액 23.73조원(전년동기대비 +4.36%), 영업이익 1.67조원(전년동기대비 +32.92%) ▶디아이티, 보통주 45,018주(8.29억원) 규모 자사주 처분 결정(기간:2026-04-16~2026-04-17) ▶골드앤에스, 2026년1분기 별도기준 매출액 77.31억원(전년동기대비 +250.61%)",1,101390|아이엠,https://www.catchnews.kr/news/articleView.html?idxno=122474
139050,"BF랩스의 2025년 연결 기준 매출액은 148억5621만4250원으로, 직전사업연도 283억5541만6058원 대비 47.6% 감소했다. 당기순손실은 25억4190만9003원으로, 직전사업연도 당기순손실 193억578만6057원 대비 개선됐다.","BF랩스의 2025년 연결 기준 매출액은 148억5621만4250원으로, 직전사업연도 283억5541만6058원 대비 47.6% 감소했다. 같은 기간 영업손실은 22억5323만7749원으로, 직전사업연도 영업손실 60억7323만8028원 대비 손실 폭이 줄었다. 당기순손실은 25억4190만9003원으로, 직전사업연도 당기순손실 193억578만6057원 대비 개선됐다.",0,139050|BF랩스,https://www.digitaltoday.co.kr/news/articleView.html?idxno=641681
139050,"2024년 감사보고서 의견거절과 2년 연속 적자, 상장폐지 예고 등 연이은 악재 속에서 경영진 불법행위 의혹까지 더해졌다. 2025년 6월 16일부터 정리매매, 6월 25일 상장폐지 집행이 확정되었고, 이 과정에서 법원의 효력정지, 회사의 소송, 주주단체의 항의까지 법적·제도적 혼돈이 이어졌다.","국내 코스닥 시장에도 4차 산업혁명 물결이 한창일 때, BF랩스(한상우,조영중 공동대표)는 IT 솔루션, 부동산기술, 게임 등 융복합사업을 내세우며 급성장하여 스타트업에서 미래가치주로 화려하게 부상했다. 무수한 기술기업이 성공과 실패 사이에서 오른내림을 경험했지만 BF랩스의 행보는 특히나 극적이다. 사업 포트폴리오만 보면 성장기업의 모습이지만, 그 이면엔 사업다각화의 비용 부담과 현금흐름 불안, 그리고 모험적 인수·매각이 반복되어왔다.",0,139050|BF랩스,http://www.newsworker.co.kr/news/articleView.html?idxno=407104
139050,"리셀몬코리아는 최근 결산 기준으로 자산총계 8억800만원, 매출액 4억9800만원, 당기순손익 4억7500만원을 기록했다. 1) 본 유상증자는 운영 자금 조달을 위함입니다.2) 본 유상증자는 전액 현금 납입 방식으로 이루어질 예정이며, 본 유상증자 납입이 완료되면 제3자배정 대상자로 최대주주 변경이 이루어질 예정입니다3) 금번 유상증자로 발행될 주식은 한국예탁결제원에 전량 1년간 보호예수 예정입니다.4) 당사의 유상증자 발행가","자금 조달 목적은 운영자금으로, 2026년 18억원, 2027년 10억원, 2028년 이후 10억원이 사용될 계획이다. 신주의 납입일은 2026년 4월 30일이며, 상장 예정일은 2026년 5월 14일이다. 이번 유상증자의 제3자배정 대상자는 주식회사 리셀몬코리아로, 회사와 최대주주와의 특별한 관계는 없다.",0,139050|BF랩스,https://www.digitaltoday.co.kr/news/articleView.html?idxno=653091
139050,BF랩스는 2일 공시를 통해 운영자금 38억원을 조달하고자 제3자배정 유상증자를 결정했다고 밝혔다. 제3자배정 대상자는 주식회사 리셀몬코리아(250만주)다.,BF랩스는 2일 공시를 통해 운영자금 38억원을 조달하고자 제3자배정 유상증자를 결정했다고 밝혔다. 주당 1천520원에 신주 250만주(보통주)가 발행된다. 제3자배정 대상자는 주식회사 리셀몬코리아(250만주)다.,0,139050|BF랩스,https://www.tfmedia.co.kr/news/article.html?no=203348
139050,"코스닥 상장사 BF랩스가 38억원 규모의 제3자배정 유상증자를 결정했다.2일 금융감독원 전자공시시스템에 따르면 조달 자금 전액은 운영자금으로 사용할 예정이다.신주 발행가액은 액면가와 동일한 주당 1520원이며, 신주 250만주(보통주)가 발행된다. 제3자배정 대상자는 주식회사 리셀몬코리","코스닥 상장사 BF랩스가 38억원 규모의 제3자배정 유상증자를 결정했다.2일 금융감독원 전자공시시스템에 따르면 조달 자금 전액은 운영자금으로 사용할 예정이다.신주 발행가액은 액면가와 동일한 주당 1520원이며, 신주 250만주(보통주)가 발행된다. 제3자배정 대상자는 주식회사 리셀몬코리",0,139050|BF랩스,https://www.g-enews.com/view.php?ud=202604021841099401056c162803_1
138930,[프레스나인] 한화투자증권은 BNK금융지주에 대해 1분기 실적이 전년 대비 증가세를 보이지만 자산 평가손 영향으로 시장 기대치를 하회할 것으로 전망하며 투자의견 ‘매수(Buy)’와 목표주가 2만4000원을 유지했다. 리포트에 따르면 BNK금융의 1분기 지배주주순이익은 약 1943억원으로 전년 동기 대비 17% 증가할 것으로 예상된다.,"[프레스나인] 한화투자증권은 BNK금융지주에 대해 1분기 실적이 전년 대비 증가세를 보이지만 자산 평가손 영향으로 시장 기대치를 하회할 것으로 전망하며 투자의견 ‘매수(Buy)’와 목표주가 2만4000원을 유지했다. 리포트에 따르면 BNK금융의 1분기 지배주주순이익은 약 1943억원으로 전년 동기 대비 17% 증가할 것으로 예상된다. 다만 이는 전년 동기 대규모 충당금 반영에 따른 기저효과 영향이 크며, 금리 상승에 따른 채권 평가손이 반영되면서 시장 컨센서스는 약 21% 하회할 것으로 분석됐다.",1,138930|BNK금융지주,http://www.press9.kr/news/articleView.html?idxno=74781
138930,"빈대인 회장 ""PBR 1배 수준으로 회복시키겠다"" BNK금융이 밸류업에 나선 배경은 분명하다. 그는 비용 구조 개선과 자본 효율성 강화를 통해 ROE를 10% 수준까지 끌어올리는 동시에, 주가순자산비율(PBR) 역시 1배 수준으로 회복시키겠다는 목표를 제시했다.","BNK금융지주는 2026년 컨센서스 기준 PBR 0.48배에 거래되고 있다. ROE 10%대가 예상되는 KB금융지주는 같은 기준에서 PBR 0.84배 수준이다. 이를 감안하면 BNK금융지주가 ROE 10%를 달성해 KB금융과 유사한 밸류에이션을 적용받을 경우, 현재 주가 대비 약 75%의 상승 여력이 있는 것으로 해석된다.",1,138930|BNK금융지주,http://www.press9.kr/news/articleView.html?idxno=74631
138930,◇BNK금융지주 <신임> △그룹소비자보호·내부통제부문장(부사장) 홍명종 △그룹AI전략부문장(전무) 이동렬 <승진> △그룹재무부문장(부사장) 박성욱 ◇일동헬스케어 <부사장 승진> △한정수 ◇일동제약 <전무이사 승진> △박문수 <상무이사 승진> △김종규 △정진석 △김건우 ◇한양증권 <상무대우 승진> △안산프리미어센터 조은영 △송파RM센터 정희진 △트레이딩센터 김원동 △기업금융실 홍종민 △주식파생2부 민동욱 △종합금융부 박동희 ◇보,◇BNK금융지주 <신임> △그룹소비자보호·내부통제부문장(부사장) 홍명종 △그룹AI전략부문장(전무) 이동렬 <승진> △그룹재무부문장(부사장) 박성욱 ◇일동헬스케어 <부사장 승진> △한정수 ◇일동제약 <전무이사 승진> △박문수 <상무이사 승진> △김종규 △정진석 △김건우 ◇한양증권 <상무대우 승진> △안산프리미어센터 조은영 △송파RM센터 정희진 △트레이딩센터 김원동 △기업금융실 홍종민 △주식파생2부 민동욱 △종합금융부 박동희 ◇보건복지부 <3급 승진>△장관비서관 신재형 △기획조정담당관 오상윤 △복지정책과장 이현주 △통합돌봄정책과장 장영진 △한의약정책과장 왕형진 △건강보험,1,138930|BNK금융지주,https://www.sedaily.com/article/20027204?ref=naver
138930,"입력2026.04.08 17:41 수정2026.04.08 17:42 지면A18 글자크기 조절 입력2026.04.08 17:41 수정2026.04.08 17:42 지면A18 KRX 은행지수, 하루새 5% 상승 롤러코스터 장세 속 방어력 탄탄","입력2026.04.08 17:41 수정2026.04.08 17:42 지면A18 글자크기 조절 입력2026.04.08 17:41 수정2026.04.08 17:42 지면A18 KRX 은행지수, 하루새 5% 상승 롤러코스터 장세 속 방어력 탄탄",1,138930|BNK금융지주,https://www.hankyung.com/article/2026040878991
138930,아이티엠반도체는 가격제한폭까지 치솟으며 상한가를 기록했고 로보티즈와 오늘이엔엠 등도 7~9%대의 높은 수익률을 기록하며 기술주 반등의 선봉에 섰다. 금융권에서는 카카오뱅크가 전년 대비 30% 성장이 점쳐지는 압도적인 실적 전망에 힘입어 4% 넘게 올랐고 BNK금융지주 역시 견조한 상승세를 유지하며 지수 방어에 힘을 보탰다.,"이날 시장의 상승 엔진을 가장 뜨겁게 달군 주인공은 증권주다. 1분기 실적이 시장의 예상을 크게 뛰어넘는 '어닝 서프라이즈'를 기록할 것이라는 분석이 잇따르며 업종 전반이 불기둥을 세웠다. 미래에셋증권은 전장 대비 7.6% 이상 치솟으며 6만 6,000원 선을 뚫어냈고 NH투자증권 역시 8%가 넘는 급등세를 보이며 3만 3,000원을 돌파했다.",1,138930|BNK금융지주,https://www.thefairnews.co.kr/news/articleView.html?idxno=73787
054780,"크레이지픽스는 앞서 매물로 나왔던 연예기획사 키이스트 인수도 추진했으나, 가격 문제로 결국 무산됐던 것으로 알려졌다. 캔버스엔 유상증자 자금은 140억원으로 크지는 않지만, 이번에도 자금 조달이 쉽지 않을...","크레이지픽스는 앞서 매물로 나왔던 연예기획사 키이스트 인수도 추진했으나, 가격 문제로 결국 무산됐던 것으로 알려졌다. 캔버스엔 유상증자 자금은 140억원으로 크지는 않지만, 이번에도 자금 조달이 쉽지 않을...",1,054780|키이스트,https://biz.chosun.com/stock/market_trend/2026/03/18/CMPNUESGE5AYJCUOGJZ46H4E3I/?utm_source=naver&utm_medium=original&utm_campaign=biz
054780,"보일러도 들어오지 않는 월세방 청년에서 어떻게 2000억원대 자산을 일궈내며 ‘진짜 인생’을 찾았는지, 그 베일에 싸인 냉철한 승부의 기록을 추적했다. 최근 문화 콘텐츠 기업 블리츠웨이의 주식 42만 주를 추가 매입, 지분율을 8%대까지 끌어올리며 사실상 ‘자본 시장의 포식자’로 등판했다는 분석이다.","13년 전 돌연 자취를 감췄던 ‘아시아의 왕’ 배용준이 다시 나타났다. 그런데 이번엔 차기작 대본 대신 모두를 놀라게 한 뜻밖의 ‘투자 리포트’를 들었다. 최근 문화 콘텐츠 기업 블리츠웨이의 주식 42만 주를 추가 매입, 지분율을 8%대까지 끌어올리며 사실상 ‘자본 시장의 포식자’로 등판했다는 분석이다.",1,054780|키이스트,https://www.segye.com/newsView/20260312513306?OutUrl=naver
054780,"배용준, 주지훈 소속사 주식 42만주 추가 매수…약 5억 규모 2026.03.11. 글자크기설정 글자 크기 설정 닫기 가 가 가 가 가 인쇄하기 2026.03.11.","배용준, 주지훈 소속사 주식 42만주 추가 매수…약 5억 규모 2026.03.11. 오후 5:03. 글자크기설정 글자 크기 설정 닫기 가 가 가 가 가 인쇄하기 2026.03.11. 오후 5:03. 글자크기설정 글자 크기 설정 닫기 가 가 가 가 가 인쇄하기 2026.03.11. 오후 5:03. 글자크기설정 글자 크기 설정 닫기 가 가 가 가 가 인쇄하기 글자크기설정 글자 크기 설정 닫기 가 가 가 가 가 글자 크기 설정 닫기 가 가 가 가 가",1,054780|키이스트,https://star.ytn.co.kr/_sn/0117_202603111703006109
054780,당시 배용준은 350억 원 규모의 SM엔터테인먼트 주식과 150억 원 현금을 받았다. 11일 금융감독원 전자공시시스템에 따르면 배용준은 최근 블리츠웨이 보통주 42만2556주를 취득하며 기존 387만9320주에서 430만1876주로 확대했다.,"11일 금융감독원 전자공시시스템에 따르면 배용준은 최근 블리츠웨이 보통주 42만2556주를 취득하며 기존 387만9320주에서 430만1876주로 확대했다. 배용준의 블리츠웨이 지분율은 8.63%가 됐다. 블리츠웨이는 주지훈을 필두로 정려원, 천우희, 레드벨벳 예리, 엑소 도경수 등이 소속돼 있다.",1,054780|키이스트,http://www.atstar1.com/news/articleView.html?idxno=6032996
054780,"배용준은 본인이 운영하던 연예기획사 키이스트의 경영권을 2018년 SM엔터테인먼트에 넘긴 뒤 연예계 활동을 중단했다. 이후 그는 다양한 스타트업에 투자한 것으로 알려졌으며 '보유 재산 1,000억 원'설에 휩싸이기도...","배용준은 본인이 운영하던 연예기획사 키이스트의 경영권을 2018년 SM엔터테인먼트에 넘긴 뒤 연예계 활동을 중단했다. 이후 그는 다양한 스타트업에 투자한 것으로 알려졌으며 '보유 재산 1,000억 원'설에 휩싸이기도...",0,054780|키이스트,https://www.tvreport.co.kr/entertainment/article/1011229/
331920,"▷15일간 상승종목 중 소수계좌 매수관여 과다 : THE E&M(089230), 비투엔(307870), 삼일씨엔에스(004440), 애드바이오텍(179530), 코셈(360350) ▷소수계좌 거래집중 : LB세미콘(061970), 금호에이치티(214330), 디지틀조선(033130), 비케이홀딩스(050090), 코아스(071950), 퓨쳐메디신(341170), 피엠티(147760) ▷단일계좌 거래량 상위 : 휴림로봇(0907","한국거래소가 31일 공시를 통해 주가 급변 및 소수 계좌 거래 집중 등의 사유로 다수의 종목을 투자유의종목으로 지정했다. 해당 종목들은 투자주의, 경고, 위험 등으로 분류되어 관리될 예정으로, 투자자들의 각별한 주의가 요구된다. 거래소는 다음 종목들을 4월 1일 하루 동안 투자주의종목으로 지정했다.",1,331920|셀레믹스,http://www.newstnt.com/news/articleView.html?idxno=602513
331920,"지정일부터 10일째 이후에는 일정 조건을 모두 충족하지 않을 경우 투자경고종목 지정이 해제될 수 있으며, 해제 시 ‘투자경고종목 지정해제 및 재지정 예고’ 사유로 투자주의종목으로 지정될 예정이라고 공시했다. 또한, 투자경고종목으로 지정된 경우 위탁증거금 100% 납부, 신용융자 매수 불가, 대용증권 불인정 등 투자자 유의사항이 부과된다며 각별한 주의를 당부했다.","한국거래소 공시에 따르면 셀레믹스의 2026년 3월 31일 종가는 최근 15일 중 최고가를 기록했으며, 투자경고종목 지정예고 후에도 강한 상승세가 지속된 것으로 나타났다. 거래소는 “해당 종목은 투자경고종목 지정일 이후 2일 동안 40% 이상 상승하고, 투자경고종목 지정 전일 종가보다 높게 형성될 경우 매매거래가 정지될 수 있다”고 설명했다. 지정일부터 10일째 이후에는 일정 조건을 모두 충족하지 않을 경우 투자경고종목 지정이 해제될 수 있으며, 해제 시 ‘투자경고종목 지정해제 및 재지정 예고’ 사유로 투자주의종목으로 지정될 예정이라고 공시했다.",0,331920|셀레믹스,https://www.topstarnews.net/news/articleView.html?idxno=16021727
331920,"또 거래소는 “주가가 일정기간 급등하는 등 투자유의가 필요한 종목은 ‘투자주의종목→투자경고종목→투자위험종목’ 단계로 시장경보종목으로 지정되며, 투자경고·위험종목 단계에서 매매거래가 정지될 수 있다”고 설명했다. 한국거래소 공시에 따르면 셀레믹스는 2026년 3월 31일(1일간) 투자주의종목으로 지정되며, 지정예고일부터 계산해 10일째 되는 날 이내에 판단일(T) 기준으로 단기급등 및 중장기급등 요건 중 어느 하나에 해당하는 경","한국거래소 공시에 따르면 셀레믹스는 2026년 3월 31일(1일간) 투자주의종목으로 지정되며, 지정예고일부터 계산해 10일째 되는 날 이내에 판단일(T) 기준으로 단기급등 및 중장기급등 요건 중 어느 하나에 해당하는 경우 투자경고종목으로 지정될 수 있다고 밝혔다. 또 거래소는 “주가가 일정기간 급등하는 등 투자유의가 필요한 종목은 ‘투자주의종목→투자경고종목→투자위험종목’ 단계로 시장경보종목으로 지정되며, 투자경고·위험종목 단계에서 매매거래가 정지될 수 있다”고 설명했다. 투자자들은 시장 경보제도에 따른 매매거래 관련 일정을 확인할 필요가 있다.",0,331920|셀레믹스,https://www.topstarnews.net/news/articleView.html?idxno=16020515
331920,"한국거래소 공시에 따르면 셀레믹스의 최근 15일간 주가상승률은 100.37%로, 상위 20개 계좌의 당일 매수관여율은 33.06%, 상위 3개 계좌 매수관여율은 6.84%, 3.71%, 3.42% 등 각각 기록했다. 당일의 종가가 15일 전날의 종가보다 75% 이상 상승하고, 당일 상위 20개 계좌의 매수관여율이 30% 이상이며, 같은 사유로 5일간 또는 15일간 지정횟수가 각각 2회임이 지정요건으로 공시됐다.","한국거래소 공시에 따르면 셀레믹스의 최근 15일간 주가상승률은 100.37%로, 상위 20개 계좌의 당일 매수관여율은 33.06%, 상위 3개 계좌 매수관여율은 6.84%, 3.71%, 3.42% 등 각각 기록했다. 당일의 종가가 15일 전날의 종가보다 75% 이상 상승하고, 당일 상위 20개 계좌의 매수관여율이 30% 이상이며, 같은 사유로 5일간 또는 15일간 지정횟수가 각각 2회임이 지정요건으로 공시됐다. 시장경보제도 안내에 따르면 주가가 일정기간 급등하거나 특정 계좌의 거래 집중도가 높은 종목의 경우 ‘투자주의종목’에서 ‘투자경고종목’, ‘투자위험종목’, 매매",0,331920|셀레믹스,https://www.topstarnews.net/news/articleView.html?idxno=16020507
331920,한국거래소에 따르면 셀레믹스(331920)가 2026년 3월 26일 1일간 투자주의종목으로 지정됐다고 밝혔다. 회사는... 셀레믹스의 투자 경고 단계 지정 여부 등 향후 공시에도 이목이 집중되고 있다. [톱스타뉴스=],한국거래소에 따르면 셀레믹스(331920)가 2026년 3월 26일 1일간 투자주의종목으로 지정됐다고 밝혔다. 회사는... 셀레믹스의 투자 경고 단계 지정 여부 등 향후 공시에도 이목이 집중되고 있다. [톱스타뉴스=],0,331920|셀레믹스,https://www.topstarnews.net/news/articleView.html?idxno=16016259
051370,인터플렉스(051370)가 투자주의종목으로 지정됐다. 한국거래소에 따르면 인터플렉스는 2026년 3월 13일(1일간) 특정계좌(군) 매매관여 과다로 인해 투자주의종목으로 지정됐다고 밝혔다. 거래소는 이번 지정의 요건에 대해...,인터플렉스(051370)가 투자주의종목으로 지정됐다. 한국거래소에 따르면 인터플렉스는 2026년 3월 13일(1일간) 특정계좌(군) 매매관여 과다로 인해 투자주의종목으로 지정됐다고 밝혔다. 거래소는 이번 지정의 요건에 대해...,0,051370|인터플렉스,https://www.topstarnews.net/news/articleView.html?idxno=16002258
051370,인터플렉스(051370)가 소수계좌의 매수 관여율 상승으로 인해 투자주의종목으로 지정됐다. 한국거래소에 따르면 해당 종목은 2026년 3월 13일(1일간) 소수계좌 거래집중 종목으로 지정됐다. 인터플렉스는 최근 3일간...,인터플렉스(051370)가 소수계좌의 매수 관여율 상승으로 인해 투자주의종목으로 지정됐다. 한국거래소에 따르면 해당 종목은 2026년 3월 13일(1일간) 소수계좌 거래집중 종목으로 지정됐다. 인터플렉스는 최근 3일간...,0,051370|인터플렉스,https://www.topstarnews.net/news/articleView.html?idxno=16002249
051370,"대신증권이 인터플렉스(12,140원 ▲520 +4.48%)에 대해 영업이익 증가와 원가절감이 기대된다며 목표주가를 1만5000원으로 상향한다고 3일 밝혔다. 인터플렉스의 지난해 4분기 영업이익은 전년동기대비 47.1% 증가한 125억원을 기록했다.","대신증권이 인터플렉스(12,140원 ▲520 +4.48%)에 대해 영업이익 증가와 원가절감이 기대된다며 목표주가를 1만5000원으로 상향한다고 3일 밝혔다. 기존 목표가는 1만2500원. 인터플렉스의 지난해 4분기 영업이익은 전년동기대비 47.1% 증가한 125억원을 기록했다.",1,051370|인터플렉스,https://www.mt.co.kr/stock/2026/03/03/2026030308022580634
051370,"""올해 하반기 베트남으로 생산 이전 완료 시 하반기 및 내년에 원가절감 진행"" 대신증권은 3일 인터플렉스... 대신증권에 따르면 인터플렉스의 지난해 4분기 매출액과 영업이익은 전년 동기 대비 각각 43.2% 늘어난...","""올해 하반기 베트남으로 생산 이전 완료 시 하반기 및 내년에 원가절감 진행"" 대신증권은 3일 인터플렉스... 대신증권에 따르면 인터플렉스의 지난해 4분기 매출액과 영업이익은 전년 동기 대비 각각 43.2% 늘어난...",1,051370|인터플렉스,http://www.newsprime.co.kr/news/article.html?no=725763
051370,회사는 이번 손익구조 변동과 관련해 전년 동기 대비 환율 변동성 축소로 외환차익이 감소하면서 30% 이상 변동이 발생했다고 설명했다. 매출액또는손익구조30%(대규모법인은15%)이상변동,"회사는 이번 손익구조 변동과 관련해 전년 동기 대비 환율 변동성 축소로 외환차익이 감소하면서 30% 이상 변동이 발생했다고 설명했다. 재무현황을 보면 2025년 연결 기준 자산총계는 4017억6626만8236원, 부채총계는 838억5868만632원, 자본총계는 3179억758만7604원으로 집계됐다. 자본금은 116억6373만6000원이다.",1,051370|인터플렉스,https://www.digitaltoday.co.kr/news/articleView.html?idxno=632558
123330,"미래에셋자산운용의 3월 31일 기준 보유 제닉 주식등의 수는 54만3084주, 보유 비율은 6.82%로 보고됐다. 세부 변동 내역에 따르면, 3월 30일 미래에셋자산운용은 ETF 환매로 2950주를 감소시켰으며, 같은 날 장내 매수로 4만4376주를 늘렸다.","미래에셋자산운용의 3월 31일 기준 보유 제닉 주식등의 수는 54만3084주, 보유 비율은 6.82%로 보고됐다. 주요 내역을 보면, 보고자 미래에셋자산운용은 53만9189주, 6.77%를 보유 중이다. 특별관계자 미래에셋드림타겟증권투자회사는 3895주, 0.05%를 보유 중이다.",1,123330|제닉,https://www.digitaltoday.co.kr/news/articleView.html?idxno=653018
123330,"미래에셋자산운용과 특별관계자 1인의 3월 27일 기준 제닉 보유 주식등의 수는 44만4654주, 보유 비율은 5.58%로 보고됐다. 미래에셋드림타겟증권투자회사(주식) (2) 집합투자업자에 대한 구체적인 사항 * 보고자 소유분에는 투자일임계약에 의한 소유분 69,384주(0.87%) 포함.","미래에셋자산운용과 특별관계자 1인의 3월 27일 기준 제닉 보유 주식등의 수는 44만4654주, 보유 비율은 5.58%로 보고됐다. 주요 내역을 보면, 보고자 미래에셋자산운용은 44만759주, 5.53%를 보유 중이다. 특별관계자 미래에셋드림타겟증권투자회사는 3895주, 0.05%를 보유 중이다.",1,123330|제닉,https://www.digitaltoday.co.kr/news/articleView.html?idxno=650945
123330,마스크팩 부문의 글로벌 수요 회복이 주가를 견인하고 있다는 분석이다. 글로벌 화장품 플랫폼으로서의 입지와 중국 시장 회복 기대감이 매수세를 불러일으키고 있다.,"화장품 테마가 0.10%의 상승세를 기록하며 27일 견조한 흐름을 나타내고 있다. 미국과 일본 등 글로벌 시장에서 K-뷰티 인디 브랜드들의 약진이 이어지고, 수출 데이터가 역대 최고치를 경신하면서 업종 전반에 긍정적인 온기가 확산되는 모습이다. 가장 강력한 탄력을 보이는 종목은 케이엠제약이다.",1,123330|제닉,https://www.pinpointnews.co.kr/news/articleView.html?idxno=440457
123330,"화장품신문이 금융감독원 공시 2025년 11월 분기보고서(연결기준) 분석 결과, 상장 코스메틱 뷰티 기업 90개사(코스피 19개사, 코스닥 71개사)의 3분기 지배지분순이익 평균은 59억원으로 나타났다. 2025년 3분기 기준 지배지분순이익률(이하 순익률)이 가장 높은 기업은 케어젠으로 59.4%를 기록했다.","화장품신문이 금융감독원 공시 2025년 11월 분기보고서(연결기준) 분석 결과, 상장 코스메틱 뷰티 기업 90개사(코스피 19개사, 코스닥 71개사)의 3분기 지배지분순이익 평균은 59억원으로 나타났다. 전기 대비 13.5%, 전년동기 대비 28.7% 각각 증가했다. 지배지분순이익률은 6.0%, 연결순이익 비중은 86.4%다.",1,123330|제닉,https://www.yakup.com/news/index.html?mode=view&cat=12&nid=321510
123330,"에스엠씨지는 1989년부터 유리 용기를 생산해온 전문성과 ODM 방식의 맞춤형 솔루션을 통해 국내외 화장품 브랜드에 공급하고 있다. 제대혈 기반의 고순도 분리·대량배양 기술을 바탕으로 아토피 피부염, 류마티스 관절염, 크론병, 골관절염 치료제를 개발하고 있으며, 2019년 완공된 줄기세포 GMP센터를 통해 연간 3만6,000바이알의 생산 설비를 갖추고 있다.","30일 한국거래소에 따르면 애경산업, 넥스트아이, 인스코비, 프롬바이오는 상승했다. 애경산업과 넥스트아이는 전 거래일 대비 각각 1620원, 18원 오른 1만6920원과 265원에 거래를 마쳤다. 애경산업과 넥스트아이의 주가 상승률은 각각 10.59%, 7.29%다.",1,123330|제닉,http://www.finomy.com/news/articleView.html?idxno=252340
064480,"브리지텍은 이번 처분을 통해 유통주식 수가 증가하지만, 시간외 대량매매를 통해 그 영향은 제한적일 것으로 판단하고 있다. 최근실적을 보면, 브리지텍의 자산총계는 679억원, 부채총계는 211억원, 자본총계는 468억원이다.","공시에 따르면, 처분 대상 주식은 보통주식이며, 주당 가격은 5640원이다. 처분 예정 금액은 총 20억4193만9440원이다. 처분은 2026년 2월 26일에 시간외대량매매 방식으로 진행되며, 메리디안원 자산운용과 FOX CAPITAL MANAGEMENT LTD가 처분 상대방으로 선정됐다.",1,064480|브리지텍,https://www.digitaltoday.co.kr/news/articleView.html?idxno=634398
064480,"11일 한국거래소에 따르면 이날 오후 2시14분 현재 브리지텍은 콜센터 솔루션과 AI 음성 플랫폼을 공급하는 기업으로, AI 상담 자동화 수요 증가 기대가 반영되며 9% 넘게 올라 7530원에 거래되고 있다. 다만 실적 가시성이 확인되지 않은 종목은 변동성이 확대되는 양상이다.",음성인식 테마가 상승 흐름을 보이고 있다. 생성형 인공지능(AI) 확산과 함께 음성 인터페이스 수요가 빠르게 늘어나면서 관련 기업에 매수세가 유입되고 있다. 다만 일부 종목은 단기 급등 부담으로 차익 매물이 출회되며 종목별 차별화가 나타난다.,1,064480|브리지텍,https://www.pinpointnews.co.kr/news/articleView.html?idxno=428525
064480,실행 계획으로는 주주환원 정책 및 배당 안정성 유지와 함께 매출액 대비 R&D 투자비중을 지속적으로 유지해 제품 경쟁력을 강화하겠다고 밝혔다. 전전 사업연도 대비 직전 사업연도 이익배당금액 증가율은 20%다.,"브리지텍은 목표로 배당 등 주주환원 정책을 통한 기업가치 제고 추진, R&D 투자 지속, 무차입경영 지속을 제시했다. 실행 계획으로는 주주환원 정책 및 배당 안정성 유지와 함께 매출액 대비 R&D 투자비중을 지속적으로 유지해 제품 경쟁력을 강화하겠다고 밝혔다. 재무 측면에서는 원활한 현금흐름 관리를 통해 안정적인 재무구조를 유지하고, 지속 성장을 위한 투자와 안정적인 수익 창출을 위한 전사적 노력을 병행하겠다는 방침을 내놨다.",2,064480|브리지텍,https://www.digitaltoday.co.kr/news/articleView.html?idxno=647534
064480,"같은 기간 매출액은 49조6770억원, 영업이익은 3100억원, 당기순이익은 5130억원이며, 회계감사인의견은 개별 기준 적정이다. 최근 실적(2024년12월 개별 기준)에서 자산총계는 679억원, 부채총계는 211억원, 자본총계는 468억원이다.","이번 주총에서 제31기 재무제표 승인 안건은 가결됐다. 개별 기준으로 자산총계는 62조1590억원, 부채총계는 15조4800억원, 자본총계는 46조6790억원으로 기재됐다. 같은 기간 매출액은 49조6770억원, 영업이익은 3100억원, 당기순이익은 5130억원이며, 회계감사인의견은 개별 기준 적정이다.",1,064480|브리지텍,https://www.digitaltoday.co.kr/news/articleView.html?idxno=646167
446190,미래에셋비전스팩2호(446190)에 대해 SPAC 소멸합병을 사유로 주권매매거래정지가 예고됐다. 한국거래소에 따르면 미래에셋비전스팩2호의 보통주에 대한 매매거래는 소멸합병에 따라 정지될 예정이다. 정지일시는 2025년...,미래에셋비전스팩2호(446190)에 대해 SPAC 소멸합병을 사유로 주권매매거래정지가 예고됐다. 한국거래소에 따르면 미래에셋비전스팩2호의 보통주에 대한 매매거래는 소멸합병에 따라 정지될 예정이다. 정지일시는 2025년...,0,446190|미래에셋비전스팩2호,https://www.topstarnews.net/news/articleView.html?idxno=15765899
446190,"실적은 안정적인 우상향 곡선을 그리고 있으며, 2022년 매출은 742억원, 2023년에는 889억원, 2024년에는 969억원을 기록했다. 이에 따라 2025년 실적은 기존 예측치를 상회할 가능성이 크다.","오아는 D2C 채널과 SNS 기반 마케팅을 통해 소비자 반응 속도를 높이고 있으며, 1인 가구 및 2030 세대를 겨냥한 직관적 브랜딩 전략으로 브랜드 충성도를 강화해오고 있다. 특히 오아는 오는 9월 미래에셋비전스팩2호와의 합병을 통해 코스닥 시장 상장을 앞두고 있다. 실적은 안정적인 우상향 곡선을 그리고 있으며, 2022년 매출은 742억원, 2023년에는 889억원, 2024년에는 969억원을 기록했다.",1,446190|미래에셋비전스팩2호,https://daily.hankooki.com/news/articleView.html?idxno=1254893
446190,"18일 금융감독원 전자공시시스템에 따르면, LS증권은 전날 공시를 통해 미래에셋비전스팩2호 보통주 45만주를 보유 중이라고 밝혔다. 이는 의결권 있는 발행주식 총수 495만주 대비 9.09%에 해당한다.","18일 금융감독원 전자공시시스템에 따르면, LS증권은 전날 공시를 통해 미래에셋비전스팩2호 보통주 45만주를 보유 중이라고 밝혔다. 이는 의결권 있는 발행주식 총수 495만주 대비 9.09%에 해당한다. 이번 보고는 5% 이상 지분 보유에 따른 신규 보고의무 발생에 따른 것이며, 보유 목적은 단순 투자다.",1,446190|미래에셋비전스팩2호,https://www.digitaltoday.co.kr/news/articleView.html?idxno=578223
446190,"주주총회 승인 후 8월 5일까지 주식매수청구권 행사 기간을 거쳐 9월 코스닥 시장에 상장될 예정이다. 합병기일은 8월 19일, 신주 상장 예정일은 9월 9일이다.다양한 중소형가전 및 건강기능식품 라인업을 판매하는 오아는 자체 개발한 ERP 시스템을 통한 실시간 재","[데이터넷] 라이프케어 기업 오아(대표 김상무)와 미래에셋비전스팩2호는 합병 상장을 위한 주주총회를 각각 열고 합병 안건이 승인됐다고 밝혔다.오아와 미래에셋비전스팩2호는 지난 4월 29일 상장예비심사 승인을 받고 5월 30일 증권신고서 제출을 거쳐 합병 절차를 진행해왔다. 주주총회 승인 후 8월 5일까지 주식매수청구권 행사 기간을 거쳐 9월 코스닥 시장에 상장될 예정이다. 합병기일은 8월 19일, 신주 상장 예정일은 9월 9일이다.다양한 중소형가전 및 건강기능식품 라인업을 판매하는 오아는 자체 개발한 ERP 시스템을 통한 실시간 재",2,446190|미래에셋비전스팩2호,https://www.datanet.co.kr/news/articleView.html?idxno=203732
446190,"오아의 매출은 2022년 742억원, 2023년 889억원, 2024년 969억원으로, 최근 3개년 간 연평균 14% 수준의 매출 성장세를 이어가며 꾸준히 외형을 확대하고 있다. 다양한 중소형가전 및 건강기능식품 라인업을 판매하는 오아는 자체 개발한 ERP 시스템을 통한 실시간 재고·매출 관리가 핵심역량이다.","오아와 미래에셋비전스팩2호는 지난 4월 29일 상장예비심사 승인을 받고 5월 30일 증권신고서 제출을 거쳐 합병 절차를 진행해왔다. 주주총회 승인 후 8월 5일까지 주식매수청구권 행사 기간을 거쳐 9월 코스닥 시장에 상장할 예정이다. 합병기일은 8월 19일, 신주 상장 예정일은 9월 9일이다.",1,446190|미래에셋비전스팩2호,https://daily.hankooki.com/news/articleView.html?idxno=1244330
065170,"26일 금융감독원 전자공시시스템에 따르면 비엘팜텍은 지난해 별도 기준 매출액 53억원을 기록했다. 지난해 기준 건기식 사업 매출 비중이 65.7%고 식품, 진단키트, 여성용 생리대 등 기타 매출 비중이 34.3%다.",26일 금융감독원 전자공시시스템에 따르면 비엘팜텍은 지난해 별도 기준 매출액 53억원을 기록했다. 전년 대비 약 31% 감소한 수준이다. 영업손실도 16억원을 내면서 6년 연속 적자를 기록했다.,0,065170|비엘팜텍,https://view.asiae.co.kr/article/2026032515022396759
065170,"이는 직전 보고일 대비 주식등의 비율은 2.61%포인트 감소했지만, 주권 주식수의 비율은 2.20%포인트 증가한 수치다. 상상콘텐츠투자조합은 3월 20일 기준 보유하고 있는 비엘팜텍의 주식등의 수가 184만1799주(6.60%), 주권 주식수는 61만5384주(2.20%)라고 밝혔다.","상상콘텐츠투자조합은 3월 20일 기준 보유하고 있는 비엘팜텍의 주식등의 수가 184만1799주(6.60%), 주권 주식수는 61만5384주(2.20%)라고 밝혔다. 이는 직전 보고일 대비 주식등의 비율은 2.61%포인트 감소했지만, 주권 주식수의 비율은 2.20%포인트 증가한 수치다. 상상콘텐츠투자조합과 특별관계자인 넥스트지지역혁신산업펀드는 나란히 보유 중인 전환사채권 30만7692주에 대한 권리를 행사, 보통주로 전환했다.",1,065170|비엘팜텍,https://www.digitaltoday.co.kr/news/articleView.html?idxno=644052
065170,"종목 시세 정보에 따르면 비엘팜텍의 주가는 3월 17일 16시 10분 기준 4745원이며, 전일 대비 685원(16.87%) 상승했다. 비엘팜텍은 2002년 11월 19일 코스닥 시장에 상장된 건강기능식품·진단키트 업체다.","주요 내역을 보면, 보고자 상상콘텐츠투자조합은 184만1799주, 6.9%를 보유 중이다. 특별관계자 넥스트지 지역혁신산업펀드는 61만5384주, 2.31%를 보유 중이다. 종목 시세 정보에 따르면 비엘팜텍의 주가는 3월 17일 16시 10분 기준 4745원이며, 전일 대비 685원(16.87%) 상승했다.",1,065170|비엘팜텍,https://www.digitaltoday.co.kr/news/articleView.html?idxno=642061
065170,"비엘팜텍(065170)이 투자경고종목 지정이 해제되고 2026년 3월 16일부터 1일간 투자주의종목으로 지정된다고... 한국거래소에 따르면 비엘팜텍(065170)은 ""투자경고종목 지정일(2026년 2월 27일)부터 계산해 10일째 이후...","비엘팜텍(065170)이 투자경고종목 지정이 해제되고 2026년 3월 16일부터 1일간 투자주의종목으로 지정된다고... 한국거래소에 따르면 비엘팜텍(065170)은 ""투자경고종목 지정일(2026년 2월 27일)부터 계산해 10일째 이후...",0,065170|비엘팜텍,https://www.topstarnews.net/news/articleView.html?idxno=16003371
065170,"비엘팜텍(065170)이 투자위험종목에서 해제됨과 동시에 투자경고종목으로 지정됐다고 한국거래소에 따르면 밝혀졌다. 지정일은 2026년 2월 27일로, 투자자들은 이번 지정에 각별한 주의가 요구되는 상황이다. 한국거래소는...","비엘팜텍(065170)이 투자위험종목에서 해제됨과 동시에 투자경고종목으로 지정됐다고 한국거래소에 따르면 밝혀졌다. 지정일은 2026년 2월 27일로, 투자자들은 이번 지정에 각별한 주의가 요구되는 상황이다. 한국거래소는...",0,065170|비엘팜텍,https://www.topstarnews.net/news/articleView.html?idxno=15985631
225430,"사내이사 이준균 신규선임 안건은 보통결의로 가결됐으며, 의결권 있는 발행주식총수 기준 찬성률은 39.4%, 의결권 행사 주식수 기준 찬성률은 99.6%였다. 정관 일부 변경의 건은 특별결의로 처리돼 가결됐으며, 의결권 있는 발행주식총수 기준 찬성률은 39.5%, 의결권 행사 주식수 기준 찬성률은 99.7%였다.","정관 일부 변경의 건은 특별결의로 처리돼 가결됐으며, 의결권 있는 발행주식총수 기준 찬성률은 39.5%, 의결권 행사 주식수 기준 찬성률은 99.7%였다. 주식(액면) 병합 승인 안건도 특별결의로 통과됐고, 의결권 있는 발행주식총수 기준 찬성률 39.5%, 의결권 행사 주식수 기준 찬성률 99.7%로 집계됐다. 사내이사 이준균 신규선임 안건은 보통결의로 가결됐으며, 의결권 있는 발행주식총수 기준 찬성률은 39.4%, 의결권 행사 주식수 기준 찬성률은 99.6%였다.",1,225430|케이엠제약,https://www.digitaltoday.co.kr/news/articleView.html?idxno=650762
225430,"한국거래소 공시에 따르면 케이엠제약은 투자경고종목 지정예고 후 2026년 3월 30일의 종가가 5일 전의 종가보다 60% 이상 상승하고, 최근 15일 종가 중 최고가를 기록했으며, 5일간의 주가상승률이 같은 기간 종합주가지수 상승률의 5배 이상일 때 지정 사유에 해당한다고 밝혔다. 해당 종목의 투기적 거래 및 추가 가격 급등 시에는 매매거래가 정지될 수 있으며, 투자경고종목 매수 시 위탁증거금 100% 납부, 신용융자 불가,","한국거래소 공시에 따르면 케이엠제약은 투자경고종목 지정예고 후 2026년 3월 30일의 종가가 5일 전의 종가보다 60% 이상 상승하고, 최근 15일 종가 중 최고가를 기록했으며, 5일간의 주가상승률이 같은 기간 종합주가지수 상승률의 5배 이상일 때 지정 사유에 해당한다고 밝혔다. 또한 15일 전의 종가보다 100% 이상 상승하고, 최근 15일 종가 중 최고가를 기록했으며, 15일간의 주가상승률이 동일 기간 종합주가지수 상승률의 3배 이상이어도 지정 사유에 포함된다고 공시했다. 해당 종목의 투기적 거래 및 추가 가격 급등 시에는 매매거래가 정지될 수 있으며, 투자경고",0,225430|케이엠제약,https://www.topstarnews.net/news/articleView.html?idxno=16020512
225430,"2019년 203억원으로 200억원대에 진입해 2020년 229억원, 2021년 227억원을 기록했던 연간 매출액이 2022년 156억원으로 꺾이더니 정체된 모습을 보이고 있다. 2023년 178억원, 2024년 145억원에 이어 지난해 160억원의 매출액을 기록했다.","◇ 코스닥 시장 퇴출 위기였는데… 3연속 상한가로 ‘반전’ 케이엠제약은 사명과 달리 일반적인 정통 제약사와는 다소 거리가 있다. 구강용품과 화장품 등 의약품이 아닌 생활용품을 주력으로 삼고 있다. 가장 널리 알려진 주력 제품은 ‘뽀로로 치약’ 등 유아 구강용품이고, 마스크와 손소독제, 각티슈 등도 판매한다.",1,225430|케이엠제약,https://www.sisaweek.com/news/articleView.html?idxno=234566
225430,"투자주의종목 지정 요건으로는 당일 종가가 15일 전날 종가 대비 75% 이상 상승하고, 상위 20개 계좌 매수관여율이 30%를 이상이어야 한다고 설명했다. 한국거래소 공시에 따르면, 15일간 케이엠제약은 당일 상위 3개 계좌 각각의 매수관여율이 17.82%, 5.06%, 4.97%를 기록해 투자주의 지정요건을 충족시켰다.","한국거래소 공시에 따르면, 15일간 케이엠제약은 당일 상위 3개 계좌 각각의 매수관여율이 17.82%, 5.06%, 4.97%를 기록해 투자주의 지정요건을 충족시켰다. 투자주의종목 지정 요건으로는 당일 종가가 15일 전날 종가 대비 75% 이상 상승하고, 상위 20개 계좌 매수관여율이 30%를 이상이어야 한다고 설명했다. 투자주의종목 지정은 최근 주가가 단기간 급등하거나 소수계좌의 매수 비율이 높아 투자위험이 높을 때 부여되며, 해당 종목의 매매 시 투자자들의 주의가 필요하다고 한국거래소가 밝혔다.",0,225430|케이엠제약,https://www.topstarnews.net/news/articleView.html?idxno=16018104
225430,"한국거래소 공시에 따르면 이번 지정은 2026년 03월 30일 하루 동안 적용되며, 지정예고일부터 계산해 10일(매매거래일 기준)째 되는 날 중 판단일에 단기급등 또는 중장기급등 요건 중 하나라도 충족할 경우, 그 다음 날에 투자경고종목으로 지정된다고 밝혔다. 단기급등은 5일 전 대비 60% 이상, 중장기급등은 15일 전 대비 100% 이상 상승 등 구체적인 요건을 명시했다.","한국거래소 공시에 따르면 이번 지정은 2026년 03월 30일 하루 동안 적용되며, 지정예고일부터 계산해 10일(매매거래일 기준)째 되는 날 중 판단일에 단기급등 또는 중장기급등 요건 중 하나라도 충족할 경우, 그 다음 날에 투자경고종목으로 지정된다고 밝혔다. 단기급등은 5일 전 대비 60% 이상, 중장기급등은 15일 전 대비 100% 이상 상승 등 구체적인 요건을 명시했다. 시장경보제도는 ‘투자주의종목 → 투자경고종목 → 투자위험종목’의 단계로 운영되며, 투자경고·위험 단계에서 매매거래가 정지될 수 있다고 설명했다.",1,225430|케이엠제약,https://www.topstarnews.net/news/articleView.html?idxno=16018090
005945,"증시가 견조한 우상향 흐름을 보이면서 증권 업종이 1일 강력한 동반 상승세를 나타내고 있다. 시장 거래대금이 눈에 띄게 증가하며 증권사들의 위탁매매(브로커리지) 수익 개선 기대감이 커진 데다, 정부의 밸류업 프로그램에 발맞춘 적극적인 주주환원 정책이 투자자들의 발길을 끌어모으고 있기 때문이다.","증시가 견조한 우상향 흐름을 보이면서 증권 업종이 1일 강력한 동반 상승세를 나타내고 있다. 시장 거래대금이 눈에 띄게 증가하며 증권사들의 위탁매매(브로커리지) 수익 개선 기대감이 커진 데다, 정부의 밸류업 프로그램에 발맞춘 적극적인 주주환원 정책이 투자자들의 발길을 끌어모으고 있기 때문이다. 가장 가파른 오름세를 보이는 종목은 SK증권이다.",1,005945|NH투자증권우,https://www.pinpointnews.co.kr/news/articleView.html?idxno=441782
005945,"이와 함께 엠케이전자(033160)(19.63%)와 큐알티(405100)(17.58%), 엠디바이스(226590)(17.14%), 예스티(122640)(14.76%), APS(054620)(13.81%), 젬백스(082270)(12.84%), 사피엔반도체(452430)(11.27%) 등이 10%대 상승세를 나타내고 있다. 아이티엠반도체(084850)(29.97%)와 앤씨앤(092600)(29.92%)은 상한가를 기록했으며, 소",■ 삼성전자 ‘어닝 서프’…반도체 소부장까지 줄줄이 급등 삼성전자(005930)의 사상 최대 실적 발표를 계기로 반도체주 전반에 강한 매수세가 유입되고 있다. 메모리 업황 턴어라운드 기대가 확산되며 ‘빅2’를 중심으로 소부장까지 상승 흐름이 이어지는 모습이다. 8일 한국거래소에 따르면 삼성전자는 이날 오전 10시 11분 현재 코스피시장에서 전장 대비 1만3250원(6.74%) 오른 20만9750원에 거래되고 있다.,1,005945|NH투자증권우,https://www.news2day.co.kr/article/20260408500137
005945,"미국 연방준비제도(Fed)의 금리 인하 기대감이 가시화되면서 국내 증권 업종이 8일 강력한 상승 모멘텀을 확보했다. 시중 금리 하락은 증권사가 보유한 채권의 평가 이익을 높일 뿐 아니라, 증시 활성화를 통한 거래대금 증가로 이어져 수익 구조 전반에 호재로 작용한다.","미국 연방준비제도(Fed)의 금리 인하 기대감이 가시화되면서 국내 증권 업종이 8일 강력한 상승 모멘텀을 확보했다. 시중 금리 하락은 증권사가 보유한 채권의 평가 이익을 높일 뿐 아니라, 증시 활성화를 통한 거래대금 증가로 이어져 수익 구조 전반에 호재로 작용한다. 이러한 우호적인 매크로 환경 속에 증권주들은 일제히 상승 마감했다.",1,005945|NH투자증권우,https://www.pinpointnews.co.kr/news/articleView.html?idxno=443729
005945,"서울 외환시장에서 달러 대비 원화 환율은 전장보다 2.4원 오른 1,508.7원에 거래를 시작했다. 나정환 NH투자증권 연구원은 ""미 3월 ISM 서비스지수 둔화와 가격지수 급등으로 금리 인하 기대가 약화되며 동결 확률이 우세해졌다""며 ""전쟁 측면에서는 2단계 휴전안 논의와 호르무즈 해협 통과 선박 증가로 긴장 완화 신호가 포착되며 시장은 긍정적으로 반응했다""고 분석했다.","이날 오전 9시 54분 현재 코스피는 전 거래일보다 115.71포인트(2.12%) 오른 5,566.04를 기록하고 있다. 지수는 전장보다 101.86포인트(1.87%) 높은 5,552.19로 출발해 장 중 상승 폭을 꾸준히 확대하는 모습이다. 유가증권시장에서 기관과 외국인은 각각 233만 원과 636억 원어치를 사들이며 지수 상승을 이끌고 있는 반면, 개인은 1468억 원을 순매도하며 차익실현에 나서고 있다.",1,005945|NH투자증권우,https://www.news2day.co.kr/article/20260407500110
005945,"우 연구원은 ""내수 개선에 힘입어 성장률 전망치가 상향되면 하반기 금리 인상 가능성이 있다""면서도 ""공급... 강승원 NH투자증권 연구원은 ""신 후보자가 첫 금통위를 주재하는 5월까지 전쟁이 이어진다면 물가 상승률이...","우 연구원은 ""내수 개선에 힘입어 성장률 전망치가 상향되면 하반기 금리 인상 가능성이 있다""면서도 ""공급... 강승원 NH투자증권 연구원은 ""신 후보자가 첫 금통위를 주재하는 5월까지 전쟁이 이어진다면 물가 상승률이...",1,005945|NH투자증권우,https://www.ajunews.com/view/20260406134108858
006360,"강성묵 하나금융지주 부회장 겸 하나증권 대표이사는 ""이번 업무협약을 통해 생산적 금융으로의 자금 전환을 확대하고, AI 데이터센터 등 첨단 전략산업을 적극 지원함으로써 국가 산업 경쟁력 제고에 기여하겠다""고 밝혔다. 하나금융그룹은 8일 하나은행과 하나증권이 GS건설, 지베스코자산운용, 디씨브릿지, 자이C&A와 함께 생산적 금융 대전환 추진을 위한 업무협약을 체결했다고 밝혔다.","금융과 산업의 결합을 통해 첨단 전략산업 투자 확대와 실물경제 성장 기반을 강화하겠다는 계획이다. 하나금융그룹은 8일 하나은행과 하나증권이 GS건설, 지베스코자산운용, 디씨브릿지, 자이C&A와 함께 생산적 금융 대전환 추진을 위한 업무협약을 체결했다고 밝혔다. 서울 종로구 GS건설 본사에서 열린 협약식에는 강성묵 하나금융지주 부회장 겸 하나증권 대표이사, 이호성 하나은행장, 허윤홍 GS건설 대표 등 주요 관계자들이 참석했다.",1,006360|GS건설,https://www.eroun.net/news/articleView.html?idxno=77694
006360,"하나금융그룹은 8일 하나은행·하나증권이 GS건설, 지베스코자산운용, 디씨브릿지, 자이C&A와 함께 '생산적 금융 대전환 추진'을 위한 업무협약을 체결했다고 밝혔다. 구체적으로는 ▲생산적 금융 활성화를 위한 자금 지원 ▲투자 및 펀드 조성 ▲AI 데이터센터 개발을 위한 사업 기회 발굴 및 공동투자 개발 등 사업 전 단계에 걸쳐 협업할 예정이다.","하나금융그룹은 8일 하나은행·하나증권이 GS건설, 지베스코자산운용, 디씨브릿지, 자이C&A와 함께 '생산적 금융 대전환 추진'을 위한 업무협약을 체결했다고 밝혔다. 이번 협약식은 서울 종로구 GS건설 본사에서 열렸으며, 강성묵 하나금융지주 부회장 겸 하나증권 대표이사, 이호성 하나은행장, 허윤홍 GS건설 대표 등 주요 관계자들이 참석했다. 이번 협약에 따라 하나금융그룹과 참여사는 상호 신뢰를 바탕으로 신성장 동력 창출과 첨단전략산업 경쟁력 강화를 위해 협력을 확대한다.",1,006360|GS건설,https://www.econovill.com/news/articleView.html?idxno=736569
006360,"GS건설, 하나금융과 '생산적 금융 대전환' 맞손 GS건설이 하나금융그룹과 손잡고 데이터센터를 비롯한 첨단전략산업 투자 확대에 나선다. 이번 협약은 정부가 추진 중인 '생산적 금융 대전환' 정책 기조를 기업 차원에서 구체화하는 데 의미가 있다는 게 회사 측 설명이다.","GS건설, 하나금융과 '생산적 금융 대전환' 맞손 GS건설이 하나금융그룹과 손잡고 데이터센터를 비롯한 첨단전략산업 투자 확대에 나선다. GS건설은 8일 서울 종로구 그랑서울 본사에서 하나금융그룹 하나증권, 하나은행과 첨단전략산업 투자 확대를 위한 업무협약(MOU)을 체결했다고 밝혔다. 이번 협약은 정부가 추진 중인 '생산적 금융 대전환' 정책 기조를 기업 차원에서 구체화하는 데 의미가 있다는 게 회사 측 설명이다.",1,006360|GS건설,https://www.ebn.co.kr/news/articleView.html?idxno=1704823
006360,"하나금융그룹은 8일 하나은행, 하나증권과 함께 GS건설, 지베스코자산운용, 디씨브릿지, 자이C&A 등과 ‘생산적 금융 대전환 추진’을 위한 업무협약(MOU)을 체결했다고 밝혔다. 강성묵 부회장은 “AI 데이터센터 등 첨단 전략산업에 대한 적극적인 금융 지원을 통해 국가 산업 경쟁력 제고에 기여하겠다”며 “자금이 생산적 영역으로 흐르는 구조를 확대해 나가겠다”고 밝혔다.","하나금융그룹은 8일 하나은행, 하나증권과 함께 GS건설, 지베스코자산운용, 디씨브릿지, 자이C&A 등과 ‘생산적 금융 대전환 추진’을 위한 업무협약(MOU)을 체결했다고 밝혔다. 이번 협약은 단순 금융 지원을 넘어, 첨단 전략산업 투자와 실물경제 성장까지 연결하는 구조를 구축하는 데 초점이 맞춰졌다. 협약식은 서울 종로구 GS건설 본사에서 열렸으며, 강성묵 하나금융지주 부회장 겸 하나증권 대표, 이호성 하나은행장, 허윤홍 GS건설 대표 등 주요 관계자들이 참석했다.",1,006360|GS건설,https://www.ppss.kr/news/articleView.html?idxno=291990
006360,"이란 전쟁이 지난 2월 28일 발발해 3월에는 각 업체가 보유하고 있던 비축분을 사용했는데, 2분기가 시작되는 4월 이후부터는 전쟁으로 인해 오른 물류비와 원자재 가격 상승분이 가공식품에도 반영될 것으로 전망되기 때문이다. 식품업계의 원재료 비용 중 약 10~20%가 포장재에 해당하는데, 최근 국제 나프타 가격이 연초 대비 2배 이상 급증하면서 포장재값 부담도 늘어나고 있는 실정이다.","8일 유엔 식량농업기구(FAO)에 따르면 지난달 세계식량지수는 128.5포인트로 전월(125.5포인트)대비 2.4% 상승했다. 최근 식량가격지수는 하락세를 보이다가 2월과 3월 상승으로 돌아선 것이다. 미국과 이란의 전쟁이 길어지며 호르무즈 해협이 막히자 국제 원유 가격이 상승하고, 무역이 원활하지 못할 것이라는 우려 때문이다.",1,006360|GS건설,https://www.asiatime.co.kr/article/20260408500393
129920,대구시가 지난 7일 산격청사에서 초정밀부품 제조 전문기업인 대성하이텍과 ‘AI 자율제조 시스템 기반 메디컬 팩토리’ 건립을 위한 투자협약을 체결했다. 대성하이텍은 대구테크노폴리스 본사 부지에 300억 원을 투입해 의료기기 전용 생산 거점을 신설하고 제조 경쟁력을 확보할 것으로 기대된다.,대구시가 지난 7일 산격청사에서 초정밀부품 제조 전문기업인 대성하이텍과 ‘AI 자율제조 시스템 기반 메디컬 팩토리’ 건립을 위한 투자협약을 체결했다. 대성하이텍은 대구테크노폴리스 본사 부지에 300억 원을 투입해 의료기기 전용 생산 거점을 신설하고 제조 경쟁력을 확보할 것으로 기대된다. 이번 프로젝트는 산업통상부의 ‘AI 자율제조 선도 프로젝트’를 통해 확보한 정부 지원금 120억 원이 투입돼 기술 고도화를 병행한다.,2,129920|대성하이텍,https://www.cnbnews.com/news/article.html?no=788080
129920,대구시는 7일 시청 산격청사에서 초정밀부품 제조 전문기업인 대성하이텍과 ‘인공지능(AI) 자율제조 시스템 기반 메디컬 팩토리’ 건립을 위한 투자협약을 체결했다. ▲ 대구시는 7일 시청 산격청사에서 초정밀부품 제조 전문기업인 대성하이텍과 ‘인공지능(AI) 자율제조 시스템 기반 메디컬 팩토리’ 건립을 위한 투자협약을 체결했다.ⓒ대구시 대구의 정밀가공 강소기업이 인공지능(AI) 기반의 자율제조 기술을 앞세워 고부가가치 의료기기 시장,국내 수입 의존 ‘인트로듀서 카테터’ 양산… 글로벌 의료 시장 정조준대구테크노폴리스에 300억 투입… 의료기기 국산화 및 제조 혁신 선도 ▲ 대구시는 7일 시청 산격청사에서 초정밀부품 제조 전문기업인 대성하이텍과 ‘인공지능(AI) 자율제조 시스템 기반 메디컬 팩토리’ 건립을 위한 투자협약을 체결했다.ⓒ대구시 대구의 정밀가공 강소기업이 인공지능(AI) 기반의 자율제조 기술을 앞세워 고부가가치 의료기기 시장 선점에 나선다. 대구시는 7일 시청 산격청사에서 초정밀부품 제조 전문기업인 대성하이텍과 ‘인공지능(AI) 자율제조 시스템 기반 메디컬 팩토리’ 건립을 위한 투자협약을,2,129920|대성하이텍,https://tk.newdaily.co.kr/site/data/html/2026/04/07/2026040700426.html
129920,초정밀 부품 제조 전문 기업인 ㈜대성하이텍이 350억원을 투자해 대구테크노폴리스에 의료기기 전용 생산 거점인 ‘인공지능(AI) 메디컬 팩토리’를 건립한다. 오는 9월 가동을 목표로 2029년까지 양산 라인을 단계적으로 확충할 계획으로 산업통상부 ‘AI 자율 제조 선도 프로젝트’를 통해 확보한 정부 지원금 120억원을 연구개발(R&D)에 투입해 기술 고도화를 병행 추진한다.,초정밀 부품 제조 전문 기업인 ㈜대성하이텍이 350억원을 투자해 대구테크노폴리스에 의료기기 전용 생산 거점인 ‘인공지능(AI) 메디컬 팩토리’를 건립한다. 오는 9월 가동을 목표로 2029년까지 양산 라인을 단계적으로 확충할 계획으로 산업통상부 ‘AI 자율 제조 선도 프로젝트’를 통해 확보한 정부 지원금 120억원을 연구개발(R&D)에 투입해 기술 고도화를 병행 추진한다. 대구시는 7일 산격청사에서 대성하이텍과 이런 내용을 골자로 하는 투자 협약을 체결했다.,1,129920|대성하이텍,https://www.idaegu.co.kr/news/articleView.html?idxno=544346
129920,"본사 부지 내 300억 원 투자 AI·로봇 융합 제조혁신으로 중재시술용 의료기기 국산화 선도 대구광역시는 7일 시청 산격청사에서 초정밀부품 제조 전문기업인 대성하이텍(대표 최우각, 최호형)과 ‘인공지능(AI)...","본사 부지 내 300억 원 투자 AI·로봇 융합 제조혁신으로 중재시술용 의료기기 국산화 선도 대구광역시는 7일 시청 산격청사에서 초정밀부품 제조 전문기업인 대성하이텍(대표 최우각, 최호형)과 ‘인공지능(AI)...",1,129920|대성하이텍,https://www.nspna.com/news/?mode=view&newsid=809056
073490,통신장비업체 이노와이어리스가 사명을 'LIG아큐버'로 바꾸고 사업 재편에 나선다. LIG 그룹 정체성을 강화하고 인공지능(AI)·위성·방산·모빌리티 등으로 포트폴리오를 넓혀 재도약에 속도를 낸다는 구상이다....,통신장비업체 이노와이어리스가 사명을 'LIG아큐버'로 바꾸고 사업 재편에 나선다. LIG 그룹 정체성을 강화하고 인공지능(AI)·위성·방산·모빌리티 등으로 포트폴리오를 넓혀 재도약에 속도를 낸다는 구상이다....,1,073490|이노와이어리스,https://www.etnews.com/20260326000278
073490,"[중앙이코노미뉴스 조용우] 7일 오전 10시 56분 기준, 네이버페이 증권에 따르면 이노와이어리스는 현재 40,000원에 거래되며 지난 종가 41,200원 대비 1,200원(2.91%) 하락한 상태를 보이고 있다. 동일 업종의 등락률이 -1.78%를 기록한 것을 감안할 때, 이노와이어리스의 2.91% 하락은 업종 평균보다 더 큰 폭의 조정을 받고 있다.","[중앙이코노미뉴스 조용우] 7일 오전 10시 56분 기준, 네이버페이 증권에 따르면 이노와이어리스는 현재 40,000원에 거래되며 지난 종가 41,200원 대비 1,200원(2.91%) 하락한 상태를 보이고 있다. 주가는 42,150원으로 시작하여 42,200원의 고가와 39,850원의 저가를 기록하며 40,000원 수준에서 움직이고 있다. 현재까지의 변동폭은 2,350원이다.",1,073490|이노와이어리스,https://www.joongangenews.com/news/articleView.html?idxno=509492
073490,"통신 투자 재개에 방산·우주 확장까지 '겹호재'…""절대 빠질 수 없는 지상 플레이어"" 대신증권은 24일 이노와이어리스(073490)에 대해 위성통신 확대에 따른 시험·검증·커버리지가 필연적으로 증가하는 스페이스붐의...","통신 투자 재개에 방산·우주 확장까지 '겹호재'…""절대 빠질 수 없는 지상 플레이어"" 대신증권은 24일 이노와이어리스(073490)에 대해 위성통신 확대에 따른 시험·검증·커버리지가 필연적으로 증가하는 스페이스붐의...",1,073490|이노와이어리스,http://www.newsprime.co.kr/news/article.html?no=727905
073490,"중소형주에서는 쎄트렉아이, 이노스페이스, 이노와이어리스, 제노코, 인텔리안테크, 루미르, 컨텍, AP위성, 큐알티 등이 꼽힌다. 스페이스X의 상장은 단일 기업의 상장을 넘어 경쟁사에도 산업 전반의 가치 평가 기준...","중소형주에서는 쎄트렉아이, 이노스페이스, 이노와이어리스, 제노코, 인텔리안테크, 루미르, 컨텍, AP위성, 큐알티 등이 꼽힌다. 스페이스X의 상장은 단일 기업의 상장을 넘어 경쟁사에도 산업 전반의 가치 평가 기준...",1,073490|이노와이어리스,https://magazine.hankyung.com/business/article/202604023082b
073490,AccessDeniedAccess Denied7C4049BE2DJ2QM2SZr1IAqskDfOvgXfasnGhrdYrhiZobnQ62TZJ4PdH+47fhKlF451YnL0hvUXwQGtTahVqv7b4ouQN21tGEspNmzCXOG1kvzDd,AccessDeniedAccess Denied7C4049BE2DJ2QM2SZr1IAqskDfOvgXfasnGhrdYrhiZobnQ62TZJ4PdH+47fhKlF451YnL0hvUXwQGtTahVqv7b4ouQN21tGEspNmzCXOG1kvzDd,1,073490|이노와이어리스,https://biz.sbs.co.kr/article_hub/20000301799?division=NAVER
054050,"국내 대표 종자기업 NH농우바이오(대표이사 양현구)는 2026년 4월 2일(목), 서울대학교 농업생명과학대학에서 미래 농업 인재 육성을 위한 장학금 전달식을 개최했다고 밝혔다.이날 전달식에는 NH농우바이오 양현구 대표이사를 비롯해 조병중 R&D본부장, 채원기 여주육종연구소장, 황인서 기획조정실장과 서울대 농업생명과학대학 강병철 학장 등 주요 인사들이 참석했다.NH농우바이오는 지난 2012년 5,000만 원의 발전기금을 기부한","국내 대표 종자기업 NH농우바이오(대표이사 양현구)는 2026년 4월 2일(목), 서울대학교 농업생명과학대학에서 미래 농업 인재 육성을 위한 장학금 전달식을 개최했다고 밝혔다.이날 전달식에는 NH농우바이오 양현구 대표이사를 비롯해 조병중 R&D본부장, 채원기 여주육종연구소장, 황인서 기획조정실장과 서울대 농업생명과학대학 강병철 학장 등 주요 인사들이 참석했다.NH농우바이오는 지난 2012년 5,000만 원의 발전기금을 기부한 것을 시작으로, 매년 1,000만 원씩 서울대학교 발전기금을 꾸준히 출연해 오고 있다. 이에 따라 2026년",1,054050|농우바이오,http://www.nongup.net/news/articleView.html?idxno=32840
054050,"�����̿��� 4�� ��� �ñ⿡ ������ ��õ ǰ������ ��, ����, �丶�� �� 3�� �۸��� �����ϸ� �������� ������ ���� ǰ�� ���� ������ �����ߴ�. ��� �ñ�� ��ź�� ���� 5�� ���� �� 7�� �� ��Ȯ, ���������� 5�� �� ���� �� 8�� ��Ȯ�� �����ϴ�.","���� �������� Ŀ���� ��� ���� ������ ��Ȳ�� �¿��ϴ� �ٽ� ������ �������� �ִ�. �ֿ� ä�� ǰ�� ���� ‘��� ������’�� ‘ȯ�� ������’�� �߽����� ��ȭ�ϴ� �帧�̴�. �����̿��� 4�� ��� �ñ⿡ ������ ��õ ǰ������ ��, ����, �丶�� �� 3�� �۸��� �����ϸ� �������� ������ ���� ǰ�� ���� ������ �����ߴ�.",1,054050|농우바이오,http://www.youngnong.co.kr/news/articleView.html?idxno=58482
054050,기후위기 대응한 온실가스 저감 생물 다양성 보전에 앞장 모든 협력업체와 '청렴이행각서' 의무화 상호 신뢰 기반 동반성장 모델 제시 NH농우바이오는 종자 안전성 위협에 대응하기 위해 생물다양성을 보전하고 농가소득...,기후위기 대응한 온실가스 저감 생물 다양성 보전에 앞장 모든 협력업체와 '청렴이행각서' 의무화 상호 신뢰 기반 동반성장 모델 제시 NH농우바이오는 종자 안전성 위협에 대응하기 위해 생물다양성을 보전하고 농가소득...,1,054050|농우바이오,http://www.aflnews.co.kr/news/articleView.html?idxno=317520
054050,"농우바이오는 고부가가치 우수품종 개발 정책을 추진하고, 재무구조 개선을 통해 자본구조 최적화와 자본효율성 제고에 나선다고 밝혔다. 전전 사업연도 대비 직전 사업연도 이익배당금액 증가율은 13.64%로 제시됐다.","농우바이오는 고부가가치 우수품종 개발 정책을 추진하고, 재무구조 개선을 통해 자본구조 최적화와 자본효율성 제고에 나선다고 밝혔다. 안정적인 현금흐름 확보를 바탕으로 지속가능한 배당 정책도 유지한다는 방침이다. 조세특례제한법 제104조의27에 따른 고배당기업 여부는 해당으로 제시됐다.",2,054050|농우바이오,https://www.digitaltoday.co.kr/news/articleView.html?idxno=640325
319660,"주력 제품의 점유율 확대와 견조한 이익 체력은 향후 주가 상승의 핵심 동력으로 작용하며, 투자자들에게 장기적 투자 매력을 제공한다. 대신증권은 최근 보고서에서, 피에스케이의 글로벌 시장 점유율과 이익 구조를 분석하며, 향후 주가 상승 가능성을 제시했다.","피에스케이가 조용하지만 강력한 성장세로 투자자들의 주목을 받고 있다. 대신증권은 최근 보고서에서, 피에스케이의 글로벌 시장 점유율과 이익 구조를 분석하며, 향후 주가 상승 가능성을 제시했다. 주력 장비인 Dry Strip의 글로벌 점유율 상승이 향후 2년간 한국 메모리반도체 전공정 Capex 증가율을 상회하는 성장세를 견인할 것으로 예상된다.",1,319660|피에스케이,https://www.pinpointnews.co.kr/news/articleView.html?idxno=442778
319660,"미래에셋자산운용과 특별관계자 1인의 3월 31일 기준 피에스케이 보유 주식등의 수는 153만4442주, 보유 비율은 5.3%로 보고됐다. 미래에셋드림타겟증권투자회사(주식) (2) 집합투자업자에 대한 구체적인 사항 * 보고자 소유분에는 투자일임계약에 의한 소유분 574,317주(1.98%) 포함.","미래에셋자산운용과 특별관계자 1인의 3월 31일 기준 피에스케이 보유 주식등의 수는 153만4442주, 보유 비율은 5.3%로 보고됐다. 주요 내역을 보면, 보고자 미래에셋자산운용은 153만1501주, 5.29%를 보유 중이다. 특별관계자인 미래에셋드림타겟증권투자회사는 2941주, 0.01%를 보유 중이다.",1,319660|피에스케이,https://www.digitaltoday.co.kr/news/articleView.html?idxno=652583
319660,"국민연금공단과 특별관계자 1인의 2026년 3월 3일 기준 피에스케이홀딩스 보유 주식등의 수는 110만6700주, 보유 비율은 5.13%로 보고됐다. 종목 시세 정보에 따르면 피에스케이홀딩스의 주가는 4월 1일 16시 10분 기준 11만600원이며, 전일 대비 1만5400원(16.18%) 상승했다.","국민연금공단과 특별관계자 1인의 2026년 3월 3일 기준 피에스케이홀딩스 보유 주식등의 수는 110만6700주, 보유 비율은 5.13%로 보고됐다. 주요 내역을 보면, 특별관계자 국민연금기금은 110만6700주, 5.13%를 보유 중이다. 이번 주식 변동은 장내매수/매도로 인한 단순추가취득/처분으로 인한 것이다.",1,319660|피에스케이,https://www.digitaltoday.co.kr/news/articleView.html?idxno=652222
319660,"피에스케이는 2025년 4분기 역대 최대 매출 달성과 더불어, 국내외 장비 수요 증가와 고객사 투자 확대라는 긍정적 요인으로 인해 2026년 실적 성장에 대한 기대감을 높이고 있다. 또한, 피에스케이의 4분기 실적을 보면, 매출 상위 고객사들의 수요 확대와 함께 파운드리 장비 공급 지연 해소가 동시에 작용했다.","피에스케이는 2025년 4분기 분기 최대 매출액을 달성하며 2026년 실적에 대한 시장의 기대감을 높였다. 하나증권은 최근 보고서에서 매출과 영업이익 성장세가 2026년에도 지속될 수 있다고 평가했다. 4분기 피에스케이의 매출액은 1427억 원으로 전년 동기 대비 36%, 전분기 대비 37% 증가했다.",2,319660|피에스케이,https://www.pinpointnews.co.kr/news/articleView.html?idxno=440757
319660,"박경수와 특별관계자 21인의 2026년 3월 27일 기준 피에스케이홀딩스 보유 주식등의 수는 1446만8211주, 보유 비율은 67.09%로 보고됐다. (2) 보고자에 대한 구체적인 사항(법인, 기타단체, 법령상조합, 민법상 조합의 경우 기재) (2) 특별관계자에 대한 구체적인 사항(법인, 기타단체, 법령상조합, 민법상 조합의 경우 기재) (2) 집합투자업자에 대한 구체적인 사항 ※ 교환대상이 주식인 교환사채권, 기초자산이 주","박경수와 특별관계자 21인의 2026년 3월 27일 기준 피에스케이홀딩스 보유 주식등의 수는 1446만8211주, 보유 비율은 67.09%로 보고됐다. 주요 내역을 보면, 보고자 박경수는 647만8940주, 30.05%, 특별관계자 박은영은 325만6381주, 15.1%, 박준수는 6381주, 0.03%를 보유 중이다. 강사윤은 2026년 3월 24일 장내매도로 의결권 있는 주식 250주를 매도해 보유분 전액을 매도했다.",1,319660|피에스케이,https://www.digitaltoday.co.kr/news/articleView.html?idxno=646911
010140,동성화인텍은 삼성중공업과 878억1630만 원 규모의 LNG운반선용 초저온 보냉자재 공급계약을 체결했다고 공시했다. 계약 규모는 2025년 연결 기준 매출액 7421억8600만 원의 11.8%에 해당한다. 한국거래소 공시시스템에...,동성화인텍은 삼성중공업과 878억1630만 원 규모의 LNG운반선용 초저온 보냉자재 공급계약을 체결했다고 공시했다. 계약 규모는 2025년 연결 기준 매출액 7421억8600만 원의 11.8%에 해당한다. 한국거래소 공시시스템에...,2,010140|삼성중공업,https://www.tokenpost.kr/news/economy/347473
010140,"동성화인텍(033500)은 삼성중공업과 LNG운반선용 초저온 보냉자재 공급계약을 체결했다고 8일 공시했다. 한국거래소 공시시스템에 따르면 이번 계약의 확정 계약금액은 878억 1,630만 원 규모다.","동성화인텍(033500)은 삼성중공업과 LNG운반선용 초저온 보냉자재 공급계약을 체결했다고 8일 공시했다. 한국거래소 공시시스템에 따르면 이번 계약의 확정 계약금액은 878억 1,630만 원 규모다. 이는 2025년 연결 재무제표 기준 매출액인 7,421억 8,600만 원 대비 약 11.8%에 해당한다.",2,010140|삼성중공업,http://www.newstnt.com/news/articleView.html?idxno=605628
010140,"[CBC뉴스] 동성화인텍이 삼성중공업과 대규모 LNG선 관련 공급계약을 체결했다.8일 공시에 따르면 동성화인텍은 삼성중공업 주식회사와 LNG 운반선용 초저온 보냉자재 공급계약을 체결했다. 계약금액은 878억1,630만4,000원으로, 이는 2025년 연결재무제표 기준 매출액 7,421억8,600만8,411원 대비 11.8%에 해당한다.계약기간은 2026년 4월 8일부터 2028년 5월 9일까지이며, 공급지역은 계약상대방이 지정","[CBC뉴스] 동성화인텍이 삼성중공업과 대규모 LNG선 관련 공급계약을 체결했다.8일 공시에 따르면 동성화인텍은 삼성중공업 주식회사와 LNG 운반선용 초저온 보냉자재 공급계약을 체결했다. 계약금액은 878억1,630만4,000원으로, 이는 2025년 연결재무제표 기준 매출액 7,421억8,600만8,411원 대비 11.8%에 해당한다.계약기간은 2026년 4월 8일부터 2028년 5월 9일까지이며, 공급지역은 계약상대방이 지정하는 장소다. 생산방식은 자체생산이다.대금은 구매확인서(외화) 납품 후 지급되는 조건이며, 계약금 및 선급금",2,010140|삼성중공업,https://www.cbci.co.kr/news/articleView.html?idxno=566474
010140,삼성중공업은 1분기 실적이 시장 기대치를 소폭 밑돌 것으로 전망됐다. 매출은 안정적으로 유지됐지만 상선 부문의 수익성 반영이 제한되며 영업이익이 컨센서스를 약 10% 하회할 것으로 분석된다. 한국투자증권은 이를...,삼성중공업은 1분기 실적이 시장 기대치를 소폭 밑돌 것으로 전망됐다. 매출은 안정적으로 유지됐지만 상선 부문의 수익성 반영이 제한되며 영업이익이 컨센서스를 약 10% 하회할 것으로 분석된다. 한국투자증권은 이를...,1,010140|삼성중공업,http://www.kdfnews.com/news/articleView.html?idxno=181525
010140,"[서울 = 경인방송] 삼성중공업이 1분기 숨고르기를 거친 뒤 2분기부터 본격적인 실적 성장 구간에 진입할 것이란 전망이 나왔습니다. 오늘(8일) 한국투자증권은 삼성중공업의 1분기 연결 기준 매출액을 2조8천218억원, 영업이익을 3천123억원으로 추정했습니다.","[서울 = 경인방송] 삼성중공업이 1분기 숨고르기를 거친 뒤 2분기부터 본격적인 실적 성장 구간에 진입할 것이란 전망이 나왔습니다. 상선 부문의 안정적 수익성에 더해 해양 프로젝트와 토건 매출 확대 가능성까지 겹치면서 중장기 기업가치 재평가 기대도 커지는 모습입니다. 오늘(8일) 한국투자증권은 삼성중공업의 1분기 연결 기준 매출액을 2조8천218억원, 영업이익을 3천123억원으로 추정했습니다.",1,010140|삼성중공업,https://news.ifm.kr/news/articleView.html?idxno=468522
214680,"행사가격 및 수량의 조정주식매수선택권부여일 이후 준비금의 자본전입(무상증자), 주식분할, 주식병합, 자본감소, 이익소각 등을 하는 경우, 행사가액 및 수량은 주식매수선택권부여 계약 및 관계법령에 따라 조정할 수 있음.바. 부여근거(정관 제10조의2)① 당 회사는 주주총회의 특별결의로 발행주식총수의 100분의 15 범위 내에서 주식매수선택권을 부여할 수 있다.","부여 대상자는 임직원 77명이며, 이번에 부여하는 주식매수선택권 수량은 보통주 289만6000주다. 이번 부여 이후 총 부여 현황은 보통주 457만8010주로 제시됐다. 행사기간은 2028년 3월 31일부터 2033년 3월 30일까지이며, 보통주 행사가격은 1859원으로 정했다.",1,214680|디알텍,https://www.digitaltoday.co.kr/news/articleView.html?idxno=649835
214680,디지털 영상진단 사업에 주력하는 디알텍이 글로벌 유수 업체들과의 협력 확대에 나서면서 병오년 새해 실적 개선에 파란불이 들어왔다. 4일 관련 업계에 따르면 디알텍은 최근 연매출 30조원 규모 글로벌 비파괴검사...,디지털 영상진단 사업에 주력하는 디알텍이 글로벌 유수 업체들과의 협력 확대에 나서면서 병오년 새해 실적 개선에 파란불이 들어왔다. 4일 관련 업계에 따르면 디알텍은 최근 연매출 30조원 규모 글로벌 비파괴검사...,1,214680|디알텍,http://www.fnnews.com/news/202601041822290982
214680,디지털 영상진단 사업에 주력하는 디알텍이 글로벌 유수 업체들과의 협력 확대에 나서면서 병오년 새해 실적 개선에 파란불이 들어왔다. 4일 관련 업계에 따르면 디알텍은 최근 연매출 30조원 규모 글로벌 비파괴검사...,디지털 영상진단 사업에 주력하는 디알텍이 글로벌 유수 업체들과의 협력 확대에 나서면서 병오년 새해 실적 개선에 파란불이 들어왔다. 4일 관련 업계에 따르면 디알텍은 최근 연매출 30조원 규모 글로벌 비파괴검사...,1,214680|디알텍,http://www.fnnews.com/news/202601041012140760
214680,"실제로 디알텍은 2024년 국내외 공장 증설, R&D 투자 확대, 인력 확충 등 대규모 투자를 단행했고, 이로 인해 영업이익률이 2024년에는 –12.4%로 급락했다. 2025년 3분기 누적 매출은 전년 동기 대비 32% 증가했으며, 3분기 영업이익은 흑자 전환되었고, 매출은 분기 사상 최대를 기록했다.","디알텍(대표이사 안성현)은 2000년 4월 설립된 엑스레이 디텍터 및 관련 영상진단 의료기기를 제조·판매하는 코스닥 상장기업으로, 지난 20여 년간 엑스레이 영상 진단 기술력을 바탕으로 디지털 진단영상 솔루션 기업으로 자리매김했다. 해외 매출 비중이 약 80%에 달할 정도로 글로벌 시장에 집중하고 있으며, 세계 최초의 벤더블 디텍터 개발과 미국 동물용 간접방식 디텍터 시장 점유율 30% 이상 달성 등 다수의 기술 성과를 보유하고 있다. 최근에는 고부가가치 제품 전략으로 실적 개선에 성공하고 있으며, 국내외 공장 증설과 대규모 R&D 투자를 통해 체질 개선을 추진 중이",2,214680|디알텍,http://www.newsworker.co.kr/news/articleView.html?idxno=410096
214680,"디알텍(2억주 → 5억주), 큐리언트(1억주 → 3억주), SG(2억주 → 10억주), 디앤디파마텍(5000만주 → 2억주) 등도 큰 폭 늘렸다. 물론 발행예정주식 총수 한도 확대가 곧바로 유증을 의미하는 것은 아니다. 스톡옵션 부여와...","디알텍(2억주 → 5억주), 큐리언트(1억주 → 3억주), SG(2억주 → 10억주), 디앤디파마텍(5000만주 → 2억주) 등도 큰 폭 늘렸다. 물론 발행예정주식 총수 한도 확대가 곧바로 유증을 의미하는 것은 아니다. 스톡옵션 부여와...",1,214680|디알텍,https://www.mk.co.kr/article/12007148
000650,"화장품 시장에서는 에이피알이 362.00%(5위)로 신흥 강자로 부상했고, AI 설비 수요 증가 영향으로 효성중공업 역시 353.18%(6위) 뛰었다. SK하이닉스 역시 274.35%(14위)로 반도체주 중 두드러진 성장세를 나타냈다.","동양고속과 천일고속이 지난해 코스피 시장에서 가장 높은 상승률을 기록한 종목으로 집계됐다. 1일 한국거래소는 지난해 유가증권시장 내 주가상승률 집계 결과, 동양고속이 895.92%로 최상위에 올랐다고 밝혔다. 천일고속은 880.53%로 2위에 올랐다.",1,000650|천일고속,https://www.ppss.kr/news/articleView.html?idxno=280900
000650,"화장품 업종에서는 에이피알이 연간 362.00%의 상승률로 화제를 모았으며, 효성중공업 역시 AI 수요 증가와 전력기기 업황 호조로 인해 상승세를 기록했다. 반도체 인쇄회로기판 생산을 주력으로 하는 코리아써키트와 이수페타시스가 각각 3위와 7위를 차지하며 주가 상승세를 보였다.","서울고속터미널 부지의 복합 개발이 본격적으로 추진되면서 두 기업의 주가는 큰 폭으로 상승했다. 서울시는 이미 지난 11월 26일, 신세계센트럴과 서울고속버스터미널과 개발을 위한 사전 협상에 착수했다고 발표했다. 이로 인해 동양고속의 주가는 11월 18일 7,170원에서 연말까지 7만3,200원으로 상승했으며, 천일고속 또한 같은 기간 3만7,850원에서 35만2,500원으로 거래가 마감됐다.",1,000650|천일고속,https://www.gokorea.kr/news/articleView.html?idxno=852522
000650,"코로나19 사태가 터진 2020년 100억원 영업손실을 내며 적자전환한 뒤, 적자 행진을 이어오고 있다. ◇ 2020년부터 적자 행진… 주가, 펀더멘털과 괴리 커 현 주가가 기업의 펀더멘털(기초체력)과 괴리가 큰 점도 우려 요인으로 지목됐다.","◇ 서울고속버스터미널 재개발 수혜주로 단기 급등 25일 유가증권시장에서 천일고속은 전 거래일 대비 1.25% 하락한 27만6,000원에 거래를 마쳤다. 천일고속은 최근 몇달 간 주가가 높은 변동성을 보여온 종목이다. 지난해 11월 중순까지만 해도 주가가 3만원 중후반대에 머물렀으나 지난해 11월 19일을 기점으로 가파르게 급등해 지난해 12월 4일에는 장중 51만8,000원 선까지 치솟기도 했다.",0,000650|천일고속,https://www.sisaweek.com/news/articleView.html?idxno=233903
000650,"2025년 당기순손실은 55억4558만2000원으로, 2024년 당기순손실 41억9702만1000원 대비 32.1% 감소했다. 천일고속의 2025년 매출액은 455억5026만6000원으로, 2024년 447억1688만3000원 대비 1.8% 증가했다.","천일고속의 2025년 매출액은 455억5026만6000원으로, 2024년 447억1688만3000원 대비 1.8% 증가했다. 2025년 영업손실은 59억4051만9000원으로, 2024년 영업손실 52억6919만9000원과 비교해 변동이 나타났다. 2025년 당기순손실은 55억4558만2000원으로, 2024년 당기순손실 41억9702만1000원 대비 32.1% 감소했다.",0,000650|천일고속,https://www.digitaltoday.co.kr/news/articleView.html?idxno=630297
000650,천일고속은 2일 코스피 시장에서 오후 1시35분 현재 전 거래일보다 8.46%(2만4500원) 상승한 31만4000원에 거래되고 있다. 동양고속은 전 거래일보다 16.19%(8000원) 높은 5만7400원에 거래되고 있다.,천일고속은 2일 코스피 시장에서 오후 1시35분 현재 전 거래일보다 8.46%(2만4500원) 상승한 31만4000원에 거래되고 있다. 동양고속은 전 거래일보다 16.19%(8000원) 높은 5만7400원에 거래되고 있다.,1,000650|천일고속,http://www.econonews.co.kr/news/articleView.html?idxno=425872
171010,이번 정정으로 투자기간 종료일은 기존 2026년 3월 31일에서 2026년 9월 30일로 바뀌었다. 램테크놀러지는 충남 금산군 군북면 군북로 1056에 위치한 금산공장 기존 제조소 리모델링과 생산시설 증설을 통해 제품 경쟁력 제고와 성장 동력 확보를 추진하고 있다.,"이번 정정으로 투자기간 종료일은 기존 2026년 3월 31일에서 2026년 9월 30일로 바뀌었다. 정정 관련 공시서류 제출일은 2024년 7월 10일이며, 투자기간은 2024년 7월 10일부터 2026년 9월 30일까지로 기재됐다. 기타 투자판단 참고사항으로 회사는 총 투자금액 90억원 중 정정일인 2026년 2월 27일 기준 약 74억7000만원의 투자가 집행됐다고 밝혔다.",1,171010|램테크놀러지,https://www.digitaltoday.co.kr/news/articleView.html?idxno=635339
171010,"최근 실적(2024년 12월 연결 기준)에서 자산총계는 1044억원, 부채총계는 564억원, 자본총계는 480억원이다. 같은 기간 매출액은 445억원, 영업손실은 17억원, 당기순손실은 26억원으로 집계됐다.","회사는 총 투자금 200억원 중 잔여분 69억원에 대해 경영환경과 투자 여건 변화에 따른 일정 조정으로 투자 기간을 연장해 반영했다고 밝혔다. 종목 시세 정보에 따르면 램테크놀러지의 주가는 2월 27일 11시 50분 기준 3680원이며, 전일 대비 80원(-2.13%) 하락했다. 최근 실적(2024년 12월 연결 기준)에서 자산총계는 1044억원, 부채총계는 564억원, 자본총계는 480억원이다.",0,171010|램테크놀러지,https://www.digitaltoday.co.kr/news/articleView.html?idxno=635325
171010,"기타 투자 판단 참고사항으로 회사는 자산총액 1000억원 미만인 코스닥 상장 벤처기업에 해당해 사외이사 선임 의무가 없다고 안내했다. 의결권 있는 발행주식총수 기준 찬성률은 34.6%였고, 의결권 행사 주식수 기준 찬성률은 99.5%로 반대·기권 등은 0.5%였다.","주총에서는 제25기 재무제표 및 연결재무제표 승인 안건이 보통결의로 가결됐다. 의결권 있는 발행주식총수 기준 찬성률은 34.6%였고, 의결권 행사 주식수 기준 찬성률은 99.5%로 반대·기권 등은 0.5%였다. 정관 일부 변경 안건은 특별결의로 통과됐다.",1,171010|램테크놀러지,https://www.digitaltoday.co.kr/news/articleView.html?idxno=651400
171010,"램테크놀러지의 2025년 매출액은 426억8229만3992원으로, 2024년 445억133만7692원 대비 4.1% 감소했다. 2025년 당기순손실은 56억1546만6115원으로 2024년 당기순손실 25억5680만1309원 대비 119.6% 확대됐다.","램테크놀러지의 2025년 매출액은 426억8229만3992원으로, 2024년 445억133만7692원 대비 4.1% 감소했다. 같은 기간 영업손실은 9억5446만4956원으로, 2024년 영업손실 16억5288만7365원과 비교해 42.3% 개선됐다. 2025년 당기순손실은 56억1546만6115원으로 2024년 당기순손실 25억5680만1309원 대비 119.6% 확대됐다.",0,171010|램테크놀러지,https://www.digitaltoday.co.kr/news/articleView.html?idxno=629017
317870,"처분 후 엔바이오니아가 보유한 세프라텍의 주식 수는 18만937주로, 지분율은 33.26%가 된다. 엔바이오니아는 코스닥에 상장된 정수필터 및 2차전지 소재 기업으로, 2019년 10월 24일 상장됐다.","처분 후 엔바이오니아가 보유한 세프라텍의 주식 수는 18만937주로, 지분율은 33.26%가 된다. 이번 주식 처분은 4월 10일에 완료될 예정이다. 엔바이오니아는 코스닥에 상장된 정수필터 및 2차전지 소재 기업으로, 2019년 10월 24일 상장됐다.",1,317870|엔바이오니아,https://www.digitaltoday.co.kr/news/articleView.html?idxno=654914
317870,"기타사항본건 부여수량은 부여일 현재 발행주식 총수의 1.2%에 해당하며, 상기 내용에 포함되지 않은 사항은 주식매수선택권과 관련된 제반법규, 당사 정관 및 계약서 등에 정하는 바에 따를 예정입니다. 행사가격 및 수량의 조정주식매수선택권 부여일 이후 유상증자, 무상증자(자본전입), 주식배당, 주식의 분할 또는 병합, 합병 및 회사 분할, 이익소각, 자본감소 등의 사유 발생시 주식매수선택권부여 계약 또는 이사회결의에 따라 행사 가","엔바이오니아는 보통주 주식매수선택권의 행사가격을 9363원으로 정했다. 행사기간은 2028년 3월 27일부터 2033년 3월 26일까지다. 부여일인 2026년 3월 27일 기준, 이번 부여를 포함한 미행사 잔여 주식매수선택권은 보통주 25만2000주로 제시됐다.",1,317870|엔바이오니아,https://www.digitaltoday.co.kr/news/articleView.html?idxno=648071
317870,"엔바이오니아(317870)가 국내사모 신주인수권부사채 신주인수권 행사에 따라 보통주 295,376주를 추가상장한다고 공시했다. 한국거래소에 따르면 이번에 추가 상장되는 주식은 보통주로, 1주당 액면가는 500원이며...","엔바이오니아(317870)가 국내사모 신주인수권부사채 신주인수권 행사에 따라 보통주 295,376주를 추가상장한다고 공시했다. 한국거래소에 따르면 이번에 추가 상장되는 주식은 보통주로, 1주당 액면가는 500원이며...",0,317870|엔바이오니아,https://www.topstarnews.net/news/articleView.html?idxno=15986438
317870,"회사 관계자는 ""현재 실적은 본사와 종속기업 모두에서 미래 성장을 위한 비용이 집중 반영된 결과""라며 ""세프라텍 장비 매출 확대와 신규 소재 양산 효과가 맞물리면 2026~2027년을 기점으로 실적 구조가 뚜렷하게 개선될 것""이라고 전했다. 회사 측은 ""고부가 반도체 공정 장비 특성상 개발 단계에서 비용이 선반영되는 구조""라며 ""고객사 검증을 완료해 양산 공급이 예정된 만큼, 2026년부터 매출과 이익 기여가 본격화될 것""이라","엔바이오니아에 따르면 이번 영업이익 감소 요인 중 약 절반은 세프라텍 영향으로 파악된다. 세프라텍은 S사 반도체 공정에 적용되는 IPA 유해가스 제거 모듈을 지난해부터 공급하기 시작했으며, 올해부터 대량 납품이 예정돼 있다. 다만 제품 개발 및 양산 검증 과정에서 2025년 중 연구개발비, 시제품 제작비, 인력 투입 비용 등이 집중 반영되며 단기 손익 부담이 확대됐다.",0,317870|엔바이오니아,https://www.newspim.com/news/view/20260212000308
047810,"DB증권 ""한국항공우주산업 목표주가 상향, 실적 성장에 수주 기대감도 커져""","DB증권 ""한국항공우주산업 목표주가 상향, 실적 성장에 수주 기대감도 커져""",2,047810|한국항공우주,https://www.businesspost.co.kr/BP?command=article_view&num=435200
047810,"DB증권은 8일 한국항공우주에 대해 미국 시장을 중심으로 한 수주가 확대되며 성장세를 이어갈 것이라고 분석했다. 그러면서 투자 의견 ‘매수(Buy)’를 유지하고, 목표 주가를 기존 15만5000원에서 22만원으로...","DB증권은 8일 한국항공우주에 대해 미국 시장을 중심으로 한 수주가 확대되며 성장세를 이어갈 것이라고 분석했다. 그러면서 투자 의견 ‘매수(Buy)’를 유지하고, 목표 주가를 기존 15만5000원에서 22만원으로...",2,047810|한국항공우주,https://biz.chosun.com/stock/stock_general/2026/04/08/X47IFWOP3NAT5BECBDJHUZE5Q4/?utm_source=naver&utm_medium=original&utm_campaign=biz
047810,"[중앙이코노미뉴스 김영진] 8일 오전 10시 59분 기준, 네이버페이 증권에 따르면 한국항공우주는 4월 8일 장중 187,400원에 거래되고 있다. 이는 지난 종가 186,300원 대비 1,100원, 0.59% 상승한 수준이다.","[중앙이코노미뉴스 김영진] 8일 오전 10시 59분 기준, 네이버페이 증권에 따르면 한국항공우주는 4월 8일 장중 187,400원에 거래되고 있다. 이는 지난 종가 186,300원 대비 1,100원, 0.59% 상승한 수준이다. 시가는 190,400원이었으며, 주가는 185,500원에서 192,400원 사이에서 움직였다.",1,047810|한국항공우주,https://www.joongangenews.com/news/articleView.html?idxno=509883
047810,"8일 오전 10시 18분 기준, 네이버페이 증권에 따르면 한국항공우주는 지난 종가 대비 소폭 상승한 186,900원에 거래되고 있다. 현재 주가는 지난 종가 대비 600원(0.32%) 오른 수치다. 주가는 시가 190,400원에...","8일 오전 10시 18분 기준, 네이버페이 증권에 따르면 한국항공우주는 지난 종가 대비 소폭 상승한 186,900원에 거래되고 있다. 현재 주가는 지난 종가 대비 600원(0.32%) 오른 수치다. 주가는 시가 190,400원에...",1,047810|한국항공우주,https://www.topstarnews.net/news/articleView.html?idxno=16028551
047810,한국항공우주는 8일 코스피 시장에서 오전 10시1분 현재 전 거래일보다 0.05%(100원) 하락한 18만6200원에 거래되고 있다. 한화에어로스페이스는 전 거래일보다 5.27%(8만1000원) 낮은 145만6000원에 거래되고 있다.,한국항공우주는 8일 코스피 시장에서 오전 10시1분 현재 전 거래일보다 0.05%(100원) 하락한 18만6200원에 거래되고 있다. 한화에어로스페이스는 전 거래일보다 5.27%(8만1000원) 낮은 145만6000원에 거래되고 있다. 한화에어로스페이스는 1일부터 7일까지 5거래일 연속 상승세다.,1,047810|한국항공우주,http://www.econonews.co.kr/news/articleView.html?idxno=434672
419050,"삼기에너지솔루션즈는 연결 기준 2025년 매출액이 1,442억 원으로 전년 대비 46.1% 증가했으며, 영업이익은 54억 원을 기록하며 전년 대비 흑자전환했다고 밝혔다. 삼기에너지솔루션즈는 배터리 엔드플레이트 분야에서 독보적 지위를 유지하고 있으며, 최근에는 ESS용 BMS(Battery Management System) 케이블 공급을 본격화하여 매출에 기여하고 있으며, ‘26년 본격 양산으로 연간 440억 원 이상 매출을 달","삼기에너지솔루션즈는 연결 기준 2025년 매출액이 1,442억 원으로 전년 대비 46.1% 증가했으며, 영업이익은 54억 원을 기록하며 전년 대비 흑자전환했다고 밝혔다. 영업이익 증가율 기준으로는 187% 개선된 수치다. 회사는 지난 24년 5월 북미 법인에서 양산을 시작한 이후 생산 안정화와 물량 확대에 따라 수익 구조가 빠르게 개선되고 있다고 설명했다.",2,419050|삼기에너지솔루션즈,https://www.the-stock.kr/news/articleView.html?idxno=32144
419050,"삼기에너지솔루션즈는 연결 기준 2025년 매출액이 1442억 원으로 전년 대비 46.1% 증가했으며, 영업이익은 54억 원을 기록하며 전년 대비 흑자전환했다. 한편 모회사인 삼기 역시 연결 기준 지난해 매출액이 5705억 원으로 전년 대비 5.2% 증가했고, 영업이익도 83억 원으로 전년 대비 61% 늘었다.","삼기에너지솔루션즈은 북미 생산 거점의 양산 확대와 글로벌 전기차 부품 수요 안정화에 힘입어 매출 성장과 함께 영업이익 흑자전환을 기록했다고 11일 밝혔다. 삼기에너지솔루션즈는 연결 기준 2025년 매출액이 1442억 원으로 전년 대비 46.1% 증가했으며, 영업이익은 54억 원을 기록하며 전년 대비 흑자전환했다. 삼기에너지솔루션즈는 2024년 5월 북미 법인에서 양산을 시작한 이후 생산 안정화와 물량 확대에 따라 수익 구조가 빠르게 개선되고 있다고 설명했다.",2,419050|삼기에너지솔루션즈,https://view.asiae.co.kr/article/2026031114594374670
419050,"삼기에너지솔루션즈의 2025년 연결 기준 매출액은 1442억2875만7229원으로, 2024년 987억655만2원 대비 46.1% 증가했다. 같은 기간 영업이익은 54억3280만2909원으로 전년 영업손실 62억6193만3413원에서 흑자전환했다.","삼기에너지솔루션즈의 2025년 연결 기준 매출액은 1442억2875만7229원으로, 2024년 987억655만2원 대비 46.1% 증가했다. 같은 기간 영업이익은 54억3280만2909원으로 전년 영업손실 62억6193만3413원에서 흑자전환했다. 다만 2025년 당기순손실은 110억7341만2972원으로, 2024년 당기순손실 48억1004만3656원보다 손실이 확대됐다.",0,419050|삼기에너지솔루션즈,https://www.digitaltoday.co.kr/news/articleView.html?idxno=639650
419050,"등록 2026.03.11 14:17:04 꽃신에 감동받은 메릴 스트립-앤 헤서웨이 AMRO, 올해 한국 경제성장률 1.9% 전망 '구준엽 처제' 서희제, 방송 복귀서 오열·욕설 ""샤워 매번 같이""…김지영, 파격 '신혼 루틴' 고백 '방한' 트럼프 측근 ""올가을 북미 정상회담 가능성 높다"" 정부, 새만금 2호 투자진흥지구 지정…현대차 9조 투자 뒷받침 美민주, 트럼프 탄핵소추안 발의…'직무정지' 요구도 ""당연히 올 거라고 생각""","등록 2026.03.11 14:17:04 꽃신에 감동받은 메릴 스트립-앤 헤서웨이 AMRO, 올해 한국 경제성장률 1.9% 전망 '구준엽 처제' 서희제, 방송 복귀서 오열·욕설 ""샤워 매번 같이""…김지영, 파격 '신혼 루틴' 고백 '방한' 트럼프 측근 ""올가을 북미 정상회담 가능성 높다"" 정부, 새만금 2호 투자진흥지구 지정…현대차 9조 투자 뒷받침 美민주, 트럼프 탄핵소추안 발의…'직무정지' 요구도 ""당연히 올 거라고 생각"" 정선희, 안재환 실종 신고 지연 이유 故김창민 감독 가해자 ""죽을 죄 지었다…거듭 사죄드린다"" 이란 ""美, 이란 요구 10개항 전부 수용…호르",1,419050|삼기에너지솔루션즈,https://www.newsis.com/view/NISX20260311_0003543899
419050,"삼기에너지솔루션즈는 연결 기준 2025년 매출액이 1442억 원으로 전년 대비 46.1% 증가했으며, 영업이익은 54억 원을 기록하며 전년 대비 흑자전환했다고 밝혔다. 삼기에너지솔루션즈가 북미 생산 거점의 양산 확대와 글로벌 전기차 부품 수요 안정화에 힘입어 매출 성장과 함께 영업이익 흑자전환을 기록했다고 11일 밝혔다.","삼기에너지솔루션즈가 북미 생산 거점의 양산 확대와 글로벌 전기차 부품 수요 안정화에 힘입어 매출 성장과 함께 영업이익 흑자전환을 기록했다고 11일 밝혔다. 삼기에너지솔루션즈는 연결 기준 2025년 매출액이 1442억 원으로 전년 대비 46.1% 증가했으며, 영업이익은 54억 원을 기록하며 전년 대비 흑자전환했다고 밝혔다. 영업이익 증가율 기준으로는 187% 개선된 수치다.",2,419050|삼기에너지솔루션즈,https://www.pinpointnews.co.kr/news/articleView.html?idxno=435839
193250,"보유 주식 등에 관한 계약 내용을 보면, 링크드는 장현국과 주주간계약을 2024년 12월 13일 체결했으며 대상 주식등의 수는 541만590주다. NH투자증권 외와 교환사채 계약을 2026년 1월 6일 체결했으며 대상 주식등의 수는 134만7708주다.","주요 내역을 보면, 링크드는 1352만6473주, 21.1%를 보유 중이다. 특별관계자인 장현국은 1572만7631주, 24.53%를 보유 중이다. 민용재는 9366주, 0.01%를 보유 중이다.",1,193250|링크드,https://www.digitaltoday.co.kr/news/articleView.html?idxno=653867
193250,"민용재와 특별관계자 5인의 2026년 4월 3일 링크드 보유 주식등의 수는 2054만8985주, 보유 비율은 30.74%로 보고됐다. 링크드는 2014년 12월 29일 코스닥 시장에 상장된 전자부품 제조업체다.","민용재와 특별관계자 5인의 2026년 4월 3일 링크드 보유 주식등의 수는 2054만8985주, 보유 비율은 30.74%로 보고됐다. 이번 보고서에서는 특별관계자 홍성준이 새롭게 추가되었다. 주요 내역을 보면, 보고자 민용재는 720만7331주, 10.78%, 특별관계자 애자일스톤은 711만1642주, 10.64%, 린코너스톤은 402만3531주, 6.02%를 보유 중이다.",1,193250|링크드,https://www.digitaltoday.co.kr/news/articleView.html?idxno=653433
193250,앤트로픽이 폭증하는 AI 수요에 대응하기 위해 관련 임원을 채용하는 등 인프라 강화에 나섰다. 지난 2월 기준 250억달러(약 36조원) 수준이던 오픈AI의 매출을 넘어섰을 가능성까지 제기된다.,"앤트로픽이 폭증하는 AI 수요에 대응하기 위해 관련 임원을 채용하는 등 인프라 강화에 나섰다. 마이크로소프트(MS)에서 AI 플랫폼을 총괄했던 에릭 보이드는 7일(현지시간) 링크드인을 통해 앤트로픽의 인프라 총괄 책임자에 임명됐다고 밝혔다. 보이드는 MS에서 약 16년간 근무하며 대언어모델(LLM) 배포와 운영을 담당해 온 인물로, 앞으로 앤트로픽의 글로벌 인프라 확장 전략을 이끌게 된다.",1,193250|링크드,https://www.aitimes.com/news/articleView.html?idxno=208961
193250,"호프먼은 ""진정 두려워해야 할 것은 AI 자체가 아니라 AI로 날개를 단 동료와의 격차""라고 지적하며 개인과 기업 모두 지금 당장 AI를 부조종사(코파일럿)로 도입해 시장 점유율을 뺏어올 공격 전략과 경쟁사의 동향을 예측할 방어 전략을 동시에 치열하게 실험해야 한다고 조언했다. 소속 근로자가 인증된 외부 교육과정(최소 120시간 이상)에 참여할 때 기업 규모에 따라 교육비 보조금 30~100%와 임금 보조 수당 30~80%를",AI가 인간의 일자리를 어디까지 대체할 것인가에 대한 논쟁이 갈수록 치열해지고 있다. 일자리 자체가 인간을 규정한다고 말한 칸트의 생각이 너무 궁금해지는 순간이다. 바로 이 지점에서 하나의 공통된 진단이 부상한다.,1,193250|링크드,https://www.econovill.com/news/articleView.html?idxno=736390
193250,당장 미국 소프트웨어 스타트업 컨빅셔널(Convictional)은 지난해 AI 기반 업무 자동화를 도입한 이후 주 32시간 근무제를 시행하면서도 직원 급여를 유지하고 기존 수준의 생산성을 유지한 사례를 공개했다. 미국 인적자원관리협회(SHRM)와 근로시간 단축 연구기관 '워크 타임 리덕션' 조사에 따르면 주 4일제를 운영 중인 기업 중 약 29%가 AI를 적극적으로 도입한 것으로 나타났다.,AI 기술이 산업 전반으로 확산하면서 '주 3일제'가 기술 기업 수장들 사이에서 공통 화두로 떠올랐다. 7일 업계에 따르면 최근 AI 산업을 주도하는 주요 기업과 정책 기관들이 AI 생산성 향상이 노동시간 감소로 이어질 수 있다는 전망을 잇따라 내놓고 있다. 업무 효율이 개선되는 수준을 넘어 '일하는 방식' 자체가 근본적으로 바뀔 수 있다는 의미다.,1,193250|링크드,https://www.econovill.com/news/articleView.html?idxno=736389
009900,"강승윤 사외이사는 국세청장 정책보좌관, 동안양세무서장, 서울청 조사1국2과장과 조사4국3과장, 국세청 소득지원국 과장, 반포세무서장을 지냈고, 세무법인 대륙아주 대표를 역임했다. 회사는 강승윤이 2023년 5월 1일 시작된 임기(선임 시 임기 3년)와 관련해 2026년 3월 31일 자진사임했으며, 사유는 재선임에 따른 임기조정이라고 설명했다.","사외이사 변경 발생일은 2026년 3월 31일이다. 이번 변동에서 재선임은 1명, 해임·중도퇴임은 1명으로 기재됐다. 재선임된 사외이사는 강승윤(1967년 7월생)이다.",1,009900|명신산업,https://www.digitaltoday.co.kr/news/articleView.html?idxno=650378
009900,"정관 일부 변경 안건도 특별결의로 가결됐으며, 의결권 행사 주식수 기준 찬성률은 각각 96.4%, 96.3%였다. 안건별로는 제44기 재무제표 및 연결재무제표 승인 안건이 보통결의로 가결됐다.","명신산업은 보통주식 1주당 100원 현금배당을 결의했다. 배당금 총액은 52억4701만3300원이며, 시가배당률은 보통주식 기준 1.11%로 제시됐다. 안건별로는 제44기 재무제표 및 연결재무제표 승인 안건이 보통결의로 가결됐다.",2,009900|명신산업,https://www.digitaltoday.co.kr/news/articleView.html?idxno=650348
009900,"자회사 심원은 전기차를 생산하는 글로벌 전기차 업체 1차 납품업체로 꼽혀 테슬라 수주 수혜 기대감이 지속적으로 제기되기도 했다. 뉴인텍은 1977년 설립된 하이브리드차와 전기차 등 친환경차에 들어가는 커패시터(축전지) 전문 제조업체다.뉴인텍은 커패시터와 원자재인 증착 필름, 이 두가지를 모두 생산할 수 있는 국내 유일의 기업이다.","12일 한국거래소에 따르면 명신산업, LS머트리얼즈, 폴라리스세원, 기아, 성호전자, SK이노베이션, 한온시스템, 서진시스템은 상승했다. 명신산업과 LS머트리얼즈는 전 거래일 대비 각각 900원, 1060원 오른 1만860원과 1만8710원에 거래를 마쳤다. 명신산업과 LS머트리얼즈의 주가 상승률은 각각 9.04%, 6.01% 다.",2,009900|명신산업,http://www.finomy.com/news/articleView.html?idxno=251324
009900,명신산업이 로보택시 양산 가시성이 확대되는 가운데 저평가 매력이 부각한다는 전망에 장 초반 강세다. 이 연구원은 “현 주가는 역사적 밸류에이션 하단에 근접해 있으며 실적 반등 가시성 대비 저평가 매력이 높다”며 “최근 저PBR 기업의 기업가치 제고계획 정책 및 제도 논의가 확대되고 있다는 점도 긍정적”이라고 설명했다.,"명신산업이 로보택시 양산 가시성이 확대되는 가운데 저평가 매력이 부각한다는 전망에 장 초반 강세다. 12일 오전 9시8분 명신산업은 전 거래일 대비 7.93% 오른 1만750원에 거래되고 있다. 이날 이준석 한양증권 연구원은 명신산업에 대해 “핵심 투자포인트는 북미 고객사의 로보택시 및 차세대 플랫폼 확대에 따른 직접적인 수혜”라며 “고객사는 자율주행 SW 경쟁력을 바탕으로 로보택시 시장을 선도할 가능성이 높으며, 2월 차량 공개 이후 2026년 상반기 양산 본격화 기대감도 높아지고 있다”고 짚었다.",1,009900|명신산업,https://www.etoday.co.kr/news/view/2564515
000370,이 외 주요 내용으로 나채범은 한화손해보험과 양도제한조건부주식 부여 계약을 2026년 3월 31일 체결했으며 대상 주식등의 수는 28만8339주다. 박성규는 한화손해보험과 양도제한조건부주식 부여 계약을 2026년 3월 31일 체결했으며 대상 주식등의 수는 7만8110주다.,"주요 내역을 보면, 보고자 한화생명보험은 9795만7146주, 63.3%를 보유 중이다. 특별관계자 나채범은 66만3523주, 0.43%, 박성규는 28만5738주, 0.18%를 보유 중이다. 이 외 주요 내용으로 나채범은 한화손해보험과 양도제한조건부주식 부여 계약을 2026년 3월 31일 체결했으며 대상 주식등의 수는 28만8339주다.",1,000370|한화손해보험,https://www.digitaltoday.co.kr/news/articleView.html?idxno=654553
000370,한국정경신문 차유민 기­자 chayumingg@gmail.com [한국정경신문=차유민 기자] 한화손해보험이 하이브리드 전략을 통해 자동차보험에서 역대 최대 매출을 기록했다.한화손보는 올해 1분기 자동차보험 매출이 3000억 원을...,한국정경신문 차유민 기­자 chayumingg@gmail.com [한국정경신문=차유민 기자] 한화손해보험이 하이브리드 전략을 통해 자동차보험에서 역대 최대 매출을 기록했다.한화손보는 올해 1분기 자동차보험 매출이 3000억 원을...,2,000370|한화손해보험,https://kpenews.com/View.aspx?No=4032695
000370,한화손해보험이 캐롯손해보험과의 통합 이후 6개월 만에 자동차보험 부문에서 역대 최대 매출을 기록하며 통합 시너지를 본격화하고 있다. 디지털 채널과 전통 영업채널을 결합한 이른바 '하이브리드 손보사' 전략이...,한화손해보험이 캐롯손해보험과의 통합 이후 6개월 만에 자동차보험 부문에서 역대 최대 매출을 기록하며 통합 시너지를 본격화하고 있다. 디지털 채널과 전통 영업채널을 결합한 이른바 '하이브리드 손보사' 전략이...,2,000370|한화손해보험,http://www.joseilbo.com/news/news_read.php?uid=566078&class=18&grp=
000370,"◆한화손해보험, 자동차보험 역대 최대 매출 달성 한화손해보험은 캐롯손해보험과의 통합 이후 6개월 만에 자동차보험 부문에서 역대 최대 매출을 기록했다고 6일 밝혔다. 지원 대상은 지난 2월 28일 이후 중동지역에서 귀국한 계약자와 중동지역 거주 고개이며, 배우자 및 직계존비속도 포함된다.","◆KB라이프, 'KB골든라이프 온라인 플랫폼' 오픈 KB라이프는 시니어 고객을 위한 라이프케어 서비스인 'KB 골든라이프 온라인 플랫폼'을 오픈했다고 6일 밝혔다. 이 플랫폼은 시니어의 다양한 수요를 한 곳에서 제공하는 큐레이션 서비스로, ▲노후자금 ▲건강관리 ▲치매·요양돌봄 ▲제휴혜택 등으로 구성됐다. 노후자금 영역에서는 3대 연금을 비롯해 주택연금과 보험자산을 활용해 은퇴 후 소득과 주거 형태를 고려한 필요자금을 분석하고, 연금 및 절세 전략 등을 제안한다.",2,000370|한화손해보험,https://www.financialpost.co.kr/news/articleView.html?idxno=254447
000370,8일 보험업권에 따르면 삼성생명은 전날부터 보험계약대출 최대한도를 해약환급금의 95%에서 85%로 10포인트 줄였다. 주요 보험사들이 금융당국의 리스크 관리 주문에 맞춰 보험계약대출 최대한도를 줄줄이 하향 조정하고 나섰다.,주요 보험사들이 금융당국의 리스크 관리 주문에 맞춰 보험계약대출 최대한도를 줄줄이 하향 조정하고 나섰다. 1분기 대출 잔고가 늘어난 데다 주식시장 변동성을 노린 ‘빚투’(빚내서 투자) 우려가 커지자 대출 문턱을 높여 선제 대응에 나선 것이다. 8일 보험업권에 따르면 삼성생명은 전날부터 보험계약대출 최대한도를 해약환급금의 95%에서 85%로 10포인트 줄였다.,1,000370|한화손해보험,https://www.segye.com/newsView/20260408517082?OutUrl=naver
079980,"김 연구원은 이어 ""글로벌 통신사들이 앞다퉈 5G 단독모드(SA) 도입에 적극적으로 나서고 있는 상황""이라며 ""이러한 투자 흐름이 이어진다면 오는 2027년에는 통신 부품 공급 부족(숏티지) 현상이 발생할 가능성이 높다""고 내다봤다. 전날 코스피는 종전 기대감에 8% 급등해 단숨에 5,400선을 회복했는데 하루 만에 반락했다.","2일 휴비스, 인스코비, 한국ANKOR유전, 계양전기우, 기가레인, 이노인스트루먼트가 상한가에 이름을 올리고 장을 마감한 가운데 투자자들의 관심이 뜨겁다. 이날 코스피에서는 휴비스, 인스코비, 한국ANKOR유전, 계양전기우가 상한가에 이름을 올렸다. 휴비스는 전 거래일 대비 29.93%(835원) 오른 3,625원에 거래를 마쳤다.",1,079980|휴비스,https://www.ggilbo.com/news/articleView.html?idxno=1150602
079980,휴비스 전주공장은 최근 원유 가격 급등으로 석유계 섬유 원재료인 테레프탈산 가격이 동반 상승하면서 생산비가 35% 인상돼 생산량 조절이 불가피하다며 내일(10일)부터 약 한 달간 공장 가동을 중단하고 생산 설비...,휴비스 전주공장은 최근 원유 가격 급등으로 석유계 섬유 원재료인 테레프탈산 가격이 동반 상승하면서 생산비가 35% 인상돼 생산량 조절이 불가피하다며 내일(10일)부터 약 한 달간 공장 가동을 중단하고 생산 설비...,0,079980|휴비스,http://www.jmbc.co.kr/news/view/62953
079980,[챗GPT 인공지능과 로봇] 오픈 채팅방에 들어 오세요.,[챗GPT 인공지능과 로봇] 오픈 채팅방에 들어 오세요.,1,079980|휴비스,https://www.betanews.net/article/view/beta202602060097
079980,"등록 2026.02.06 14:51:52 꽃신에 감동받은 메릴 스트립-앤 헤서웨이 AMRO, 올해 한국 경제성장률 1.9% 전망 '구준엽 처제' 서희제, 방송 복귀서 오열·욕설 ""샤워 매번 같이""…김지영, 파격 '신혼 루틴' 고백 '방한' 트럼프 측근 ""올가을 북미 정상회담 가능성 높다"" 정부, 새만금 2호 투자진흥지구 지정…현대차 9조 투자 뒷받침 美민주, 트럼프 탄핵소추안 발의…'직무정지' 요구도 ""당연히 올 거라고 생각""","등록 2026.02.06 14:51:52 꽃신에 감동받은 메릴 스트립-앤 헤서웨이 AMRO, 올해 한국 경제성장률 1.9% 전망 '구준엽 처제' 서희제, 방송 복귀서 오열·욕설 ""샤워 매번 같이""…김지영, 파격 '신혼 루틴' 고백 '방한' 트럼프 측근 ""올가을 북미 정상회담 가능성 높다"" 정부, 새만금 2호 투자진흥지구 지정…현대차 9조 투자 뒷받침 美민주, 트럼프 탄핵소추안 발의…'직무정지' 요구도 ""당연히 올 거라고 생각"" 정선희, 안재환 실종 신고 지연 이유 故김창민 감독 가해자 ""죽을 죄 지었다…거듭 사죄드린다"" 이란 ""美, 이란 요구 10개항 전부 수용…호르",1,079980|휴비스,https://www.newsis.com/view/NISX20260206_0003505750
079980,2026.02.06 오후 02:29 가 2026.02.06 오후 02:29,2026.02.06 오후 02:29 가 2026.02.06 오후 02:29,1,079980|휴비스,https://www.news1.kr/local/jeonbuk/6064802
003800,"시몬스는 2022년 이후 3년 연속 매출 기준으로 에이스침대를 제쳤다. 시몬스 매출은 전년 대비 1.7%, 에이스침대는 2.67% 감소했고, 영업이익도 각각 23.1%, 18.3% 줄었다.","시몬스가 3년 연속 에이스침대를 매출에서 앞섰다. 유통 구조와 브랜드 전략 차이가 실적에 반영되면서 동생이 침대 시장 주도권을 굳히는 모습이다. 30일 시몬스는 지난해 매출 3239억원을 기록, 침대 전문 업계 1위를 수성했다고 밝혔다.",0,003800|에이스침대,http://www.4th.kr/news/articleView.html?idxno=2109746
003800,국내 침대 시장에서 코웨이가 매출 기준 1위에 오르며 시장 주도권을 확실히 가져갔다. 에이스침대와의 매출 격차는 약 480억 원 수준으로 벌어지며 단순한 추월을 넘어 확연한 우위 구도가 형성됐다.,"국내 침대 시장에서 코웨이가 매출 기준 1위에 오르며 시장 주도권을 확실히 가져갔다. 반면 전통 강자인 에이스침대는 역성장을 기록하며 존재감이 약화되는 흐름을 보이고 있다. 에이스침대는 2025년 매출 3,173억 원으로 전년 대비 2.7% 감소했다.",0,003800|에이스침대,http://www.newsworker.co.kr/news/articleView.html?idxno=420048
003800,"코웨이가 침대업계 '투톱'인 시몬스와 에이스침대를 꺾고, 처음으로 매출 1위 자리에 올라섰다. 2012년 240억으로 시작한 코웨이 침대 매출은 2025년까지 연평균성장률(CAGR) 23.3%를 기록하며 무섭게 치고 올라왔다.","코웨이가 침대업계 '투톱'인 시몬스와 에이스침대를 꺾고, 처음으로 매출 1위 자리에 올라섰다. 1일 금융감독원 공시시스템에 따르면 2025년 시몬스의 매출은 3239억원, 에이스침대는 3173억원이다. 전년대비 시몬스는 1.7%, 에이스침대는 2.7%의 매출이 감소했다.",0,003800|에이스침대,https://www.goodkyung.com/news/articleView.html?idxno=285251
003800,"에이스침대는 봄을 맞아 포근한 분위기의 침실을 완성하고자 하는 고객들을 위해 ‘Spring Days With ACE’ 기획전을 에이스침대몰에서 오는 30일까지 진행한다고 1일 밝혔다. 입체적인 템바보드가 돋보이는 호텔형 디자인의 모듈형 프레임 ‘노벨라’, LED 핀조명으로 편안한 분위기를 연출하는 ‘오마죠’를 비롯해 ‘BMA1086’, ‘BRA1441’, ‘DADO’ 등이 포함됐다.",에이스침대는 봄을 맞아 포근한 분위기의 침실을 완성하고자 하는 고객들을 위해 ‘Spring Days With ACE’ 기획전을 에이스침대몰에서 오는 30일까지 진행한다고 1일 밝혔다. 이번 기획전은 에이스침대몰을 포함한 국내 온라인 쇼핑몰에서 진행된다. 1인용 제품은 총 5종으로 구성됐다.,1,003800|에이스침대,https://www.kgnews.co.kr/news/article.html?no=889866
151860,KG에코솔루션은 19일 한국남부발전의 바이오중유 스팟(Spot) 입찰에서 공급자로 최종 선정됐다고 밝혔다.이번 입찰은 총 3000kl 규모다. 단기간 내 물량 확보와 공급 안정성이 동시에 요구되는 고난도 입찰이다.회사는 이번 수주를 통해 신속한 공급 대응 능력과 안정적인 원료 수급 경쟁력을 다시 한번 입증했다는 평가다.,KG에코솔루션은 19일 한국남부발전의 바이오중유 스팟(Spot) 입찰에서 공급자로 최종 선정됐다고 밝혔다.이번 입찰은 총 3000kl 규모다. 발전소의 일시적인 전력 수요 급증이나 연료 재고 상황에 따라 긴급하게 공고된 스팟성 물량이다. 단기간 내 물량 확보와 공급 안정성이 동시에 요구되는 고난도 입찰이다.회사는 이번 수주를 통해 신속한 공급 대응 능력과 안정적인 원료 수급 경쟁력을 다시 한번 입증했다는 평가다. 29일과 30일 전량 납품을 완료할 계획이다.이번 낙찰에는 글로벌 원료 소싱 역량과 신속한 의사결정 기반의 운영 체계가,2,151860|KG에코솔루션,http://www.ferrotimes.com/news/articleView.html?idxno=46957
151860,KG에코솔루션 관계자는 “스팟성 입찰은 즉각적인 대응 능력과 안정적인 원료 확보 역량이 핵심 경쟁 요소”라며 “글로벌 원료 소싱 네트워크와 통합 운영 체계를 기반으로 다양한 긴급 수요에 유연하게 대응할 수 있는 역량을 지속적으로 강화하고 있다”고 말했다. [비즈월드] KG에코솔루션이 한국남부발전의 바이오중유 스팟(Spot) 입찰에서 공급자로 최종 선정됐다고 20일 밝혔다.,"[비즈월드] KG에코솔루션이 한국남부발전의 바이오중유 스팟(Spot) 입찰에서 공급자로 최종 선정됐다고 20일 밝혔다. 이번 입찰은 총 3000㎘ 규모로, 발전소의 일시적인 전력 수요 급증이나 연료 재고 상황에 따라 긴급하게 공고된 스팟성 물량이다 단기간 내 물량 확보와 공급 안정성이 동시에 요구되는 고난도 입찰로 평가된다. KG에코솔루션은 이번 수주를 통해 신속한 공급 대응 능력과 안정적인 원료 수급 경쟁력을 다시 한번 입증했다.",2,151860|KG에코솔루션,http://www.bizwnews.com/news/articleView.html?idxno=129888
151860,"KG에코솔루션은 지난 19일 한국남부발전의 바이오중유 스팟 입찰에서 최종 공급자로 선정됐다. 긴급 물량 대응 능력을 입증한 데다, 이달 말 납품 이후 4월부터 울산 신공장 양산이 본격화할 예정이어서다.","긴급 물량 대응 능력을 입증한 데다, 이달 말 납품 이후 4월부터 울산 신공장 양산이 본격화할 예정이어서다. 발전소용 바이오중유 중심 사업 구조에서 바이오선박유(BMF)까지 외연을 넓히려는 회사 구상과도 맞닿아 있다는 해석이 나온다. KG에코솔루션은 지난 19일 한국남부발전의 바이오중유 스팟 입찰에서 최종 공급자로 선정됐다.",2,151860|KG에코솔루션,https://www.smartbizn.com/news/articleView.html?idxno=139697
151860,"이번 입찰은 총 3000kl 규모로, 발전소의 일시적인 전력 수요 급증이나 연료 재고 상황에 따라 긴급하게 공고된 스팟성 물량이다 단기간 내 물량 확보와 공급 안정성이 동시에 요구되는 고난도 입찰로 평가된다. KG에코솔루션 관계자는 “스팟성 입찰은 즉각적인 대응 능력과 안정적인 원료 확보 역량이 핵심 경쟁 요소”라며 “글로벌 원료 소싱 네트워크와 통합 운영 체계를 기반으로 다양한 긴급 수요에 유연하게 대응할 수 있는 역량을 지","이번 입찰은 총 3000kl 규모로, 발전소의 일시적인 전력 수요 급증이나 연료 재고 상황에 따라 긴급하게 공고된 스팟성 물량이다 단기간 내 물량 확보와 공급 안정성이 동시에 요구되는 고난도 입찰로 평가된다. KG에코솔루션은 이번 수주를 통해 신속한 공급 대응 능력과 안정적인 원료 수급 경쟁력을 다시 한번 입증했다. 회사는 오는 29일과 30일 양일간 전량 납품을 완료할 계획이다.",2,151860|KG에코솔루션,https://www.ziksir.com/news/articleView.html?idxno=127800
151860,KG에코솔루션이 남부발전 긴급 연료 입찰에서 물량을 확보하며 신속한 공급 대응 역량을 입증했다. KG에코솔루션은 19일 한국남부발전이 진행한 바이오중유 스팟 입찰에서 최종 공급자로 선정됐다고 밝혔다.,KG에코솔루션이 남부발전 긴급 연료 입찰에서 물량을 확보하며 신속한 공급 대응 역량을 입증했다. KG에코솔루션은 19일 한국남부발전이 진행한 바이오중유 스팟 입찰에서 최종 공급자로 선정됐다고 밝혔다. 이번 물량은 총 3000킬로리터(kl) 규모로 단기간 내 공급 안정성과 대응 속,2,151860|KG에코솔루션,https://www.g-enews.com/view.php?ud=202603191645057147112616b072_1
013360,유가증권시장 상장사 일성건설이 지난해 흑자전환에 성공했다. 2024년에 선제적으로 대규모 대손충당금을 설정하면서 손실을 사전에 인식한 효과다. 회수가 1년 이상 지연되고 있는 매출채권 금액을 상회하는...,유가증권시장 상장사 일성건설이 지난해 흑자전환에 성공했다. 2024년에 선제적으로 대규모 대손충당금을 설정하면서 손실을 사전에 인식한 효과다. 회수가 1년 이상 지연되고 있는 매출채권 금액을 상회하는...,2,013360|일성건설,https://www.thebell.co.kr/free/content/ArticleView.asp?key=202603251456116400102710
013360,"같은 기간 영업이익은 18억4700만원으로 전년 동기 영업손실 473억3300만원에서 흑자전환했다. 누계 영업이익은 103억7600만원으로 전년 동기 누적 영업손실 435억9000만원에서 흑자전환했으며, 누계 당기순이익은 32억3800만원으로 전년 동기 누적 당기순손실 575억3700만원에서 흑자전환했다.","일성건설의 2025년 4분기(2025년 10월 1일부터 2025년 12월 31일까지) 연결 기준 매출액은 1125억4000만원으로, 2024년 4분기 매출액 1162억6700만원 대비 3.21% 감소했다. 같은 기간 영업이익은 18억4700만원으로 전년 동기 영업손실 473억3300만원에서 흑자전환했다. 당기순이익은 24억4000만원으로, 전년 동기 당기순손실 586억8400만원에서 흑자전환했다.",0,013360|일성건설,https://www.digitaltoday.co.kr/news/articleView.html?idxno=635824
013360,"같은 기간 영업이익은 103억7610만3000원으로 전년 영업손실 435억9013만5000원에서 흑자전환했다. 2025년 연결 기준 당기순이익은 32억3814만8000원으로, 2024년 당기순손실 575억3664만6000원 대비 흑자전환했다.","일성건설의 2025년 연결 기준 매출액은 4526억7289만9000원으로, 2024년 5003억8407만2000원 대비 감소했다. 같은 기간 영업이익은 103억7610만3000원으로 전년 영업손실 435억9013만5000원에서 흑자전환했다. 2025년 연결 기준 당기순이익은 32억3814만8000원으로, 2024년 당기순손실 575억3664만6000원 대비 흑자전환했다.",0,013360|일성건설,https://www.digitaltoday.co.kr/news/articleView.html?idxno=635794
013360,이번 상승은 미국과 이란이 즉각적인 적대 행위를 중단하고 2주간 휴전에 합의했다는 소식이 전해진 영향으로 풀이된다. 특히 호르무즈 해협 재개방 가능성과 함께 전쟁 이후 ‘포스트 워(Post-war)’ 재건 시장이 수백조 원 규모로 형성될 수 있다는 전망이 나오면서 건설업종 전반에 매수세가 유입된 것으로 해석된다.,8일 한국거래소에 따르면 오전 장중 일성건설 주가는 전 거래일 대비 13.69% 상승하며 2085원을 기록했다. 장초반부터 매수세가 유입되며 건설 관련 종목 전반에 투자심리가 확대되는 흐름을 나타냈다. 이번 상승은 미국과 이란이 즉각적인 적대 행위를 중단하고 2주간 휴전에 합의했다는 소식이 전해진 영향으로 풀이된다.,0,013360|일성건설,https://www.widedaily.com/news/articleView.html?idxno=291875
013360,"대형 건설사 대비 시가총액 가벼운 중소형사들이 지역 개발 호재나 특수 토목 공사 수주 소식에 민감하게 반응하며 투자자들의 시선을 끌어모은 결과였다. 플랜트 및 엔지니어링 전문 SGC E&C와 대구 지역의 HS화성, 충청권 기반의 대원은 지역 밀착형 수주 경쟁력을 바탕으로 주가 온기를 이어갔다.",금리 인하 기조 변화와 정부의 주택 공급 확대 정책에 대한 기대감이 맞물리며 13일 중소형 건설 테마가 강세를 보였다. 대형 건설사 대비 시가총액 가벼운 중소형사들이 지역 개발 호재나 특수 토목 공사 수주 소식에 민감하게 반응하며 투자자들의 시선을 끌어모은 결과였다. 한국거래소에 따르면 재무 구조 개선에 박차를 가하고 있는 태영건설은 워크아웃 과정에서의 자구책 이행 성과가 부각되며 이날 5.23% 상승한 1832원에 장을 마감했다.,1,013360|일성건설,https://www.pinpointnews.co.kr/news/articleView.html?idxno=436825
104620,"노랑풍선은 올해 3~4월 해외 패키지 상품 예약 데이터를 분석한 결과, 예약 고객이 전년 동기 대비 20% 증가했다고 2일 밝혔다. 국가별로는 일본(25%)과 중국(24%)이 수요를 견인했으며, 베트남(19%), 태국(7%), 필리핀(5%) 등이...","노랑풍선은 올해 3~4월 해외 패키지 상품 예약 데이터를 분석한 결과, 예약 고객이 전년 동기 대비 20% 증가했다고 2일 밝혔다. 국가별로는 일본(25%)과 중국(24%)이 수요를 견인했으며, 베트남(19%), 태국(7%), 필리핀(5%) 등이...",1,104620|노랑풍선,http://www.fnnews.com/news/202604021635083373
104620,런던 어학캠프부터 유럽 트레킹까지 라인업 대리점 설명회로 판매 전략·상품 경쟁력 공유 목적형 여행 수요 확대…전문 테마상품으로 노랑풍선이 영국 런던 영어캠프와 유럽 트레킹 등 신규 테마상품을 앞세워 차별화에...,런던 어학캠프부터 유럽 트레킹까지 라인업 대리점 설명회로 판매 전략·상품 경쟁력 공유 목적형 여행 수요 확대…전문 테마상품으로 노랑풍선이 영국 런던 영어캠프와 유럽 트레킹 등 신규 테마상품을 앞세워 차별화에...,1,104620|노랑풍선,https://www.mk.co.kr/article/12009731
104620,특히 40~60대 액티비티 수요를 겨냥한 맞춤형 구성으로 상품 경쟁력을 강화했다는 설명이다. 노랑풍선은 유럽 전문 DMC ‘보사이오’와 협력해 신규 테마상품 설명회를 개최했다고 3일 밝혔다.,"노랑풍선은 유럽 전문 DMC ‘보사이오’와 협력해 신규 테마상품 설명회를 개최했다고 3일 밝혔다. 이번 설명회에서는 런던 영어캠프, 유럽 트레킹 등 고부가가치 테마 상품이 공개됐다. 특히 40~60대 액티비티 수요를 겨냥한 맞춤형 구성으로 상품 경쟁력을 강화했다는 설명이다.",1,104620|노랑풍선,http://www.enewstoday.co.kr/news/articleView.html?idxno=2414601
104620,노랑풍선과 교원투어도 예약률이 30% 이상 증가했지만 중국 비중이 가장 높은 수준을 기록했다. 중국 여행 수요 확대에는 정책적 요인도 영향을 미쳤다. 한국관광공사에 따르면 올해 상반기 방중 한국인 관광객은...,노랑풍선과 교원투어도 예약률이 30% 이상 증가했지만 중국 비중이 가장 높은 수준을 기록했다. 중국 여행 수요 확대에는 정책적 요인도 영향을 미쳤다. 한국관광공사에 따르면 올해 상반기 방중 한국인 관광객은...,1,104620|노랑풍선,https://www.viva100.com/article/20260407500370
104620,"사진=노랑풍선 유류할증료 상승 등으로 여행 비용 부담이 커지는 가운데, 여행업계가 가격 인상 대신 할인과 혜택을 결합한 상품으로 수요 방어에 나섰다. 상품 가격을 유지하거나 추가 혜택을 더해 체감 비용을 낮추는...","사진=노랑풍선 유류할증료 상승 등으로 여행 비용 부담이 커지는 가운데, 여행업계가 가격 인상 대신 할인과 혜택을 결합한 상품으로 수요 방어에 나섰다. 상품 가격을 유지하거나 추가 혜택을 더해 체감 비용을 낮추는...",0,104620|노랑풍선,http://www.kdfnews.com/news/articleView.html?idxno=181432
189300,"이번 처분은 2026년4월2일 보통주식 915주를 교부하는 방식으로 이뤄졌다. 처분 후 자기주식 보유 현황은 2026년4월2일 기준 보통주식 52만2941주로, 발행주식 총수 1073만7497주 대비 4.87%다.",이번 처분은 2026년4월2일 보통주식 915주를 교부하는 방식으로 이뤄졌다. 회사는 자기주식을 스톡그랜트 교부자에게 교부한 사안이어서 처분가액과 처분총액은 별도로 작성하지 않았다고 설명했다. 처분보고 내용과 실제 처분 내용은 일치했다.,1,189300|인텔리안테크,https://www.digitaltoday.co.kr/news/articleView.html?idxno=652980
189300,"이번 자기주식 처분은 임직원에게 중장기 인센티브를 제공하고 리텐션을 강화하기 위한 목적으로, 이사회 심의를 거쳐 선발된 임직원 13명을 대상으로 한다. 처분방법'은 스톡그랜트 지급에 따른 자기주식 교부이므로 당사 자기주식 계좌에서 교부 대상자의 증권계좌로 직접 이체하는 방식으로 처분할 예정입니다.","이번 자기주식 처분은 임직원에게 중장기 인센티브를 제공하고 리텐션을 강화하기 위한 목적으로, 이사회 심의를 거쳐 선발된 임직원 13명을 대상으로 한다. 처분 대상 주식 가격은 이사회 전일인 2026년 3월 31일 종가를 기준으로 산정됐다. 인텔리안테크는 코스닥 시장에 상장된 통신 및 방송 장비 제조업체로, 2016년 10월 18일 상장됐다.",1,189300|인텔리안테크,https://www.digitaltoday.co.kr/news/articleView.html?idxno=652524
189300,"2026년 4월 1일 기준으로 김 전무이사의 보유 주식 수는 1만8380주로 증가했으며, 지분율은 0.17%로 상승했다. 인텔리안테크는 2016년 10월 18일 코스닥 시장에 상장된 통신 및 방송 장비 제조업체다.","2026년 4월 1일 기준으로 김 전무이사의 보유 주식 수는 1만8380주로 증가했으며, 지분율은 0.17%로 상승했다. 이는 주식매수선택권 행사를 통해 3334주를 추가 취득한 결과다. 세부변동내역에 따르면, 2026년 3월 26일 장내매도를 통해 2000주를 매도했으며, 3월 31일 주식매수선택권을 행사해 3334주를 추가로 취득했다.",1,189300|인텔리안테크,https://www.digitaltoday.co.kr/news/articleView.html?idxno=652333
189300,"전체 합계 기준 처분수량은 보통주 6884주, 1주당 처분가액은 6만5784원이다. 인텔리안테크는 2026년 3월13일부터 2026년 3월31일까지 보통주 6884주를 처분했다.","인텔리안테크는 2026년 3월13일부터 2026년 3월31일까지 보통주 6884주를 처분했다. 주요사항보고서 제출일은 2026년 3월13일이다. 세부적으로 2026년 3월16일 보통주식 2550주를 1주당 6만5784원에 처분했으며, 처분가액 총액은 1억6800만원이다.",1,189300|인텔리안테크,https://www.digitaltoday.co.kr/news/articleView.html?idxno=652117
189300,위성통신 솔루션 기업 인텔리안테크가 저궤도(LEO) 위성통신 시장 확대에 힘입어 실적 반등에 성공했다. 인텔리안테크의 지난해 연결 기준 매출은 3196억원으로 전년 대비 24% 증가했다.,위성통신 솔루션 기업 인텔리안테크가 저궤도(LEO) 위성통신 시장 확대에 힘입어 실적 반등에 성공했다. 글로벌 전시회를 계기로 통합 솔루션 전략을 강화하며 성장세를 이어간다는 구상이다. 20일 업계에 따르면 인텔리안테크는 미국 워싱턴 D.C.에서 열리는 세계 최대 위성 산업 전시회 ‘Satellite 2026’에 참가해 차세대 위성 통신 솔루션을 공개한다.,2,189300|인텔리안테크,https://www.bloter.net/news/articleView.html?idxno=657215
285130,SK디스커버리 지분 구조 변화 (전) ㅣ NICE신용평가SK디스커버리 지분 구조 변화 (후) ㅣ NICE신용평가 NICE신용평가는 7일 보고서를 통해 SK가스와 SK케미칼이 지분 49%를 사모펀드에 매각하기로 결정해 재무적 완충력...,SK디스커버리 지분 구조 변화 (전) ㅣ NICE신용평가SK디스커버리 지분 구조 변화 (후) ㅣ NICE신용평가 NICE신용평가는 7일 보고서를 통해 SK가스와 SK케미칼이 지분 49%를 사모펀드에 매각하기로 결정해 재무적 완충력...,1,285130|SK케미칼,http://www.biztribune.co.kr/news/articleView.html?idxno=352016
285130,"[현장] KAMA ""전기차 판매시장, '지자체 보조금+설계력'이 승부 가른다"" [메가 이슈토픽] 네이버, AI 사업 재편 '통합 AI 에이전트'로 플랫폼 전환... 양사는 복합화력발전소 지분 49%를 각각 매각해 약 1조6000억원 규모의 유동성을 확보할 예정이다.","8일 NICE신용평가에 따르면 SK가스와 SK케미칼은 이달 초 잇따라 발전 자산 지분 매각과 석유화학 사업 구조 조정 관련 공시를 발표했다. 양사는 복합화력발전소 지분 49%를 각각 매각해 약 1조6000억원 규모의 유동성을 확보할 예정이다. [현장] KAMA ""전기차 판매시장, '지자체 보조금+설계력'이 승부 가른다"" [메가 이슈토픽] 네이버, AI 사업 재편 '통합 AI 에이전트'로 플랫폼 전환...",1,285130|SK케미칼,https://www.megaeconomy.co.kr/news/newsview.php?ncode=1065573693990740
285130,1조6000억원대 현금 유입…지배력 유지 속 재무개선 기대 “투자 확대 시 효과 제한적”…대금 활용이 변수 SK가스와 SK케미칼이 발전·에너지 자회사 지분 일부를 매각하며 대규모 현금을 확보한다. 매각 이후에도 각각 51% 지분을 보유해 연결 기준 실적에는 큰 변화가 없을 전망이다.,"1조6000억원대 현금 유입…지배력 유지 속 재무개선 기대 “투자 확대 시 효과 제한적”…대금 활용이 변수 SK가스와 SK케미칼이 발전·에너지 자회사 지분 일부를 매각하며 대규모 현금을 확보한다. 재무 부담을 덜 수 있는 계기를 마련했지만, 향후 투자 확대 여부에 따라 개선 효과는 제한적일 수 있다는 평가가 나온다. 7일 한국신용평가에 따르면 SK가스와 SK케미칼은 각각 자회사 지분 49%를 사모펀드에 매각하기로 결정했다.",1,285130|SK케미칼,http://www.metroseoul.co.kr/article/20260407500233
285130,"처분 금액은 3709억5650만원이며, 처분 후 에스케이멀티유틸리티의 소유주식수는 56만1000주로 지분율은 51%가 된다. SK케미칼은 2018년 1월 5일 코스피 시장에 상장된 합성고무 및 플라스틱 물질 제조업체다.","처분 금액은 3709억5650만원이며, 처분 후 에스케이멀티유틸리티의 소유주식수는 56만1000주로 지분율은 51%가 된다. 처분 예정일은 2026년 5월 29일로, 이사회 결의는 4월 3일에 이루어졌다. 에스케이멀티유틸리티는 대한민국에 본사를 둔 열병합 발전 사업을 주요 사업으로 하는 회사로, 자본금은 55억원이다. SK케미칼은 2018년 1월 5일 코스피 시장에 상장된 합성고무 및 플라스틱 물질 제조업체다.",1,285130|SK케미칼,https://www.digitaltoday.co.kr/news/articleView.html?idxno=653550
285130,여기에는 ▲아모레퍼시픽(9.9%) ▲후성(7.6%) ▲SK케미칼(7.4%) ▲동진쎄미켐(7.1%) ▲서흥(6.4%) ▲켐트로닉스(5.7%) ▲남해화학(5.2%) 등이 포함됐다. 반면 10% 이상 최근 1년 새 매출 덩치가 작아진 곳은 7곳으로...,여기에는 ▲아모레퍼시픽(9.9%) ▲후성(7.6%) ▲SK케미칼(7.4%) ▲동진쎄미켐(7.1%) ▲서흥(6.4%) ▲켐트로닉스(5.7%) ▲남해화학(5.2%) 등이 포함됐다. 반면 10% 이상 최근 1년 새 매출 덩치가 작아진 곳은 7곳으로...,1,285130|SK케미칼,https://www.greened.kr/news/articleView.html?idxno=339000
011790,스트레이트뉴스 의뢰로 조원씨앤아이가 4일부터 6일까지 전국 만 18세 이상 남녀 2000명을 대상으로 실시한 설문조사 결과 ‘개인 투자자의 주식 가치를 훼손하기 때문에 제한해야 한다’는 응답이 32.5%로 가장 높았다. ‘기존 주주 보호를 위한 제도 개선이 선행된다면 허용할 수 있다’는 응답은 29.3%였다.,"최근 상장사들의 유상증자와 물적분할을 둘러싼 논란이 이어지는 가운데, 국민 다수는 현행 자금 조달 방식에 대해 “주주 보호 장치가 먼저”라는 인식을 갖고 있는 것으로 나타났다. 한화솔루션과 SKC의 대규모 유상증자, HD현대로보틱스의 물적분할 자회사 상장 추진 등 논란성 사례가 잇따르면서 기업 성장보다 기존 주주 권익을 우선해야 한다는 여론이 확산되는 흐름이다. 스트레이트뉴스 의뢰로 조원씨앤아이가 4일부터 6일까지 전국 만 18세 이상 남녀 2000명을 대상으로 실시한 설문조사 결과 ‘개인 투자자의 주식 가치를 훼손하기 때문에 제한해야 한다’는 응답이 32.5%로 가",1,011790|SKC,https://www.straightnews.co.kr/news/articleView.html?idxno=299628
011790,"SKC 유상증자 1조 조달 쉽지 않아, 김종우 결국 'SK넥실리스' 매각 검토하나","SKC 유상증자 1조 조달 쉽지 않아, 김종우 결국 'SK넥실리스' 매각 검토하나",1,011790|SKC,https://www.businesspost.co.kr/BP?command=article_view&num=435061
011790,"SKC가 1조원 규모 유상증자 자금의 절반 이상을 미국 글라스기판 자회사 앱솔릭스에 투입한다. 2023년부터... SKC가 공시한 투자설명서에 따르면, 이번 유상증자를 통해 자회사 앱솔릭스(Absolics Inc.)에 2026년부터...","SKC가 1조원 규모 유상증자 자금의 절반 이상을 미국 글라스기판 자회사 앱솔릭스에 투입한다. 2023년부터... SKC가 공시한 투자설명서에 따르면, 이번 유상증자를 통해 자회사 앱솔릭스(Absolics Inc.)에 2026년부터...",1,011790|SKC,https://www.greened.kr/news/articleView.html?idxno=338843
011790,SKC가 1조6억원 규모의 유상증자를 위한 증권신고서를 2일 공시했다. Absolics Inc.는 조달받은 자금으로 차세대 반도체 패키징용 글라스기판 양산체제를 구축할 예정이다.,"SKC가 1조6억원 규모의 유상증자를 위한 증권신고서를 2일 공시했다. 회사는 이번 유상증자를 통해 기명식 보통주 1173만주를 발행하며 주당 모집가액은 8만5300원이다. 우리사주조합 청약은 5월14일, 구주주 청약은 5월14일부터 15일까지 진행된다.",1,011790|SKC,https://www.bloter.net/news/articleView.html?idxno=658413
011790,SKC가 2023년 인수한 반도체 후공정 소재 부품 회사이자 코스닥 상장사인 ISC(아이에스시)가 일본... SKC는 2023년 10월 반도체 글라스기판 사업 부문과의 시너지 효과를 위해 ISC 지분 45%를 5225억 원에 인수해...,SKC가 2023년 인수한 반도체 후공정 소재 부품 회사이자 코스닥 상장사인 ISC(아이에스시)가 일본... SKC는 2023년 10월 반도체 글라스기판 사업 부문과의 시너지 효과를 위해 ISC 지분 45%를 5225억 원에 인수해...,1,011790|SKC,https://ilyo.co.kr/?ac=article_view&entry_id=510318
032750,"중견기업을 대상으로 연구개발(R&D)과 수출, 금융, 컨설팅 등을 패키지로 지원하는 ‘월드클래스 플러스 프로젝트’는 바이오, 반도체, 인공지능(AI) 등 첨단 산업 분야에서 글로벌 성장 잠재력과 경쟁력을 갖춘 기업을 정부가 선정·육성하는 프로그램이다. 삼진제약은 산업통상자원부가 주관하는 ‘월드클래스 플러스 프로젝트 지원사업’에 최종 선정됐다고 밝혔다.","글자크기 설정 시 다른 기사의 본문도 동일하게 적용됩니다. 삼진제약은 산업통상자원부가 주관하는 ‘월드클래스 플러스 프로젝트 지원사업’에 최종 선정됐다고 밝혔다. 중견기업을 대상으로 연구개발(R&D)과 수출, 금융, 컨설팅 등을 패키지로 지원하는 ‘월드클래스 플러스 프로젝트’는 바이오, 반도체, 인공지능(AI) 등 첨단 산업 분야에서 글로벌 성장 잠재력과 경쟁력을 갖춘 기업을 정부가 선정·육성하는 프로그램이다.",2,032750|삼진,https://www.joongang.co.kr/article/25418593
032750,"“엄마, 집에 가라”…죽음에 이르러서야 그곳을 떠난 엄마 [단독] 국방부 영내서 부사관 숨진 채 발견…“사망 경위 파악 중” 돌봄 최전선 ‘요양보호사’ 대란…“어르신 못받아” 호르무즈 유조선 7척 운항 재개되나…정부 “통항 가능 확인 중” “정부도 사전 논의 없었다”…경남도민 전원 ‘생활지원금’ 강행 이란 성명에 붙은 ‘IF(만약)’…“공격 중단시 방어 중단” 요약 내용은 네이버 및 OpenAI 社의 AI 서비스를 통해 제공하","실시간 뜨거운 관심을 받고 있는 뉴스 각 플랫폼에서 최근 1시간 동안 많이 본 KBS 기사를 제공합니다. “엄마, 집에 가라”…죽음에 이르러서야 그곳을 떠난 엄마 [단독] 국방부 영내서 부사관 숨진 채 발견…“사망 경위 파악 중” 돌봄 최전선 ‘요양보호사’ 대란…“어르신 못받아” 호르무즈 유조선 7척 운항 재개되나…정부 “통항 가능 확인 중” “정부도 사전 논의 없었다”…경남도민 전원 ‘생활지원금’ 강행 이란 성명에 붙은 ‘IF(만약)’…“공격 중단시 방어 중단” 요약 내용은 네이버 및 OpenAI 社의 AI 서비스를 통해 제공하고 있습니다. 기사의 내용을 올바르게",1,032750|삼진,https://news.kbs.co.kr/news/pc/view/view.do?ncd=8530235&ref=A
032750,"이날 다저스는 원래 미겔 로하스를 유격수로 기용할 예정이었으나, 갑작스럽게 가족 문제로 로하스가 선발 명단에서 빠지면서 김혜성이 대신 선발로 출장했다. 김혜성은 이날 경기에서 3타수 1안타 2득점 1볼넷 2삼진을 기록하며 2경기 연속 안타 행진을 이어갔다.","김혜성은 이날 경기에서 3타수 1안타 2득점 1볼넷 2삼진을 기록하며 2경기 연속 안타 행진을 이어갔다. 바로 전날 멀티히트를 기록했던 김혜성은, 이번 경기에서도 다시 안타를 기록하며 최근 좋은 타격감을 입증했다. 이날 다저스는 원래 미겔 로하스를 유격수로 기용할 예정이었으나, 갑작스럽게 가족 문제로 로하스가 선발 명단에서 빠지면서 김혜성이 대신 선발로 출장했다.",1,032750|삼진,https://www.ppss.kr/news/articleView.html?idxno=291913
032750,"<이코노믹리뷰>가 사업 보고서를 토대로 매출액 상위 주요 제약바이오 기업 30곳의 연구개발(R&D) 투자 현황을 집계한 결과, 조사 대상 기업들은 지난해 연구개발에 총 2조9166억원을 투입한 것으로 파악됐다. 세부적으로 보면 셀트리온이 1년 새 624억원을 더 집행하며 조사 대상 중 연구개발 비용 증가액이 가장 높았다.","국내 주요 제약바이오 기업들이 어려운 경영 환경 속에서도 미래 성장동력에 대한 투자를 확대했다. 기업 3곳 중 2곳은 1년 사이 연구개발(R&D)에 대한 투자를 늘렸다. <이코노믹리뷰>가 사업 보고서를 토대로 매출액 상위 주요 제약바이오 기업 30곳의 연구개발(R&D) 투자 현황을 집계한 결과, 조사 대상 기업들은 지난해 연구개발에 총 2조9166억원을 투입한 것으로 파악됐다.",1,032750|삼진,https://www.econovill.com/news/articleView.html?idxno=736539
161580,"이에 따라 보유 주식 수는 총 6000주로, 지분율은 0.03%로 증가했다. 이번 주식 증가는 2026년 3월 27일 주식매수선택권 행사에 따른 것이다.","4월 3일 공시에 따르면, 심상원 이사는 보통주 6000주를 추가 보유하게 됐다. 이에 따라 보유 주식 수는 총 6000주로, 지분율은 0.03%로 증가했다. 이번 주식 증가는 2026년 3월 27일 주식매수선택권 행사에 따른 것이다.",1,161580|필옵틱스,https://www.digitaltoday.co.kr/news/articleView.html?idxno=653476
161580,"이번 보고일 기준으로 주식 수는 1만3500주 증가했으며, 지분율도 0.05%포인트 상승했다. 세부변동내역에 따르면, 한규완 부사장은 2026년 3월 27일 주식매수선택권을 행사하여 보통주 1만3500주를 추가로 취득했다.","직전 보고일인 2025년 1월 17일 기준으로는 6000주를 보유하고 있었으며, 지분율은 0.03%였다. 이번 보고일 기준으로 주식 수는 1만3500주 증가했으며, 지분율도 0.05%포인트 상승했다. 세부변동내역에 따르면, 한규완 부사장은 2026년 3월 27일 주식매수선택권을 행사하여 보통주 1만3500주를 추가로 취득했다.",1,161580|필옵틱스,https://www.digitaltoday.co.kr/news/articleView.html?idxno=653471
161580,"(2) 특별관계자에 대한 구체적인 사항(법인, 기타단체, 법령상조합, 민법상 조합의 경우 기재) (2) 집합투자업자에 대한 구체적인 사항 ※ 교환대상이 주식인 교환사채권, 기초자산이 주식인 증권예탁증권ㆍ파생결합증권 및 자기주식을 교부하는 주식매수선택권 등에 한하여 분모에서 제외하고 보유비율을 산정 *주요계약 체결ㆍ변경사실 미보고시 해당 미보고분에 대해 의결권이 제한될 수 있음 * 증권시장에서 주식등을 매매한 경우에는 그 계약체","주요 내역을 보면, 보고자 티케이지태광은 230만8613주, 9.86%를 보유 중이다. 특별관계자 박주환은 3만1262주, 0.13%를 보유 중이다. 이번 보고서에서 티케이지태광의 보유 목적은 단순투자에서 경영권 영향으로 변경됐다.",1,161580|필옵틱스,https://www.digitaltoday.co.kr/news/articleView.html?idxno=650413
161580,"업계에서는 올해 2분기를 전후해 최대 6대 규모의 수주가 결정될 것으로 보고 있으며, 실제 장비 출하는 내년 하반기부터 시작될 것으로 추정된다. 최대 고객사의 대규모 설비 투자 계획이 가시화되면서, 핵심 공정 장비인 TGV(유리 관통 전극) 수주가 임박했다는 분석이 나온다.","차세대 반도체 패키징의 게임 체인저로 꼽히는 ‘유리기판’ 시장에서 국내 장비 기업 필옵틱스의 행보가 빨라지고 있다. 최대 고객사의 대규모 설비 투자 계획이 가시화되면서, 핵심 공정 장비인 TGV(유리 관통 전극) 수주가 임박했다는 분석이 나온다. iM증권은 최근 보고서에서 중장기 성장 동력을 조명했다.",2,161580|필옵틱스,https://www.pinpointnews.co.kr/news/articleView.html?idxno=440794
161580,"유리기판(TGV) 사업을 중심으로 매출에서 차지하는 반도체 장비 비중을 70%까지 높일 계획이다. 한기수 필옵틱스 대표는 25일 경기 오산 본사에서 열린 제18기 정기 주주총회에서 ""반도체 장비 사업에 역량을 집중하고, TGV 장비 고도화와 고대역폭메모리(HBM), 소형 레이저 장비 개발을 병행할 것""이라며 ""사업 구조를 미래 지향적으로 전환해 나가겠다""고 말했다.","필옵틱스가 반도체 장비 중심으로 사업 구조를 전환한다. 유리기판(TGV) 사업을 중심으로 매출에서 차지하는 반도체 장비 비중을 70%까지 높일 계획이다. 한기수 필옵틱스 대표는 25일 경기 오산 본사에서 열린 제18기 정기 주주총회에서 ""반도체 장비 사업에 역량을 집중하고, TGV 장비 고도화와 고대역폭메모리(HBM), 소형 레이저 장비 개발을 병행할 것""이라며 ""사업 구조를 미래 지향적으로 전환해 나가겠다""고 말했다.",1,161580|필옵틱스,https://www.thelec.kr/news/articleView.html?idxno=54041
192820,"1분기 화장품 수출액은 전년 동기대비 19% 증가했으며, 특히 미국 수출액은 40% 증가하며 성장 재가속 흐름 중이다. 참고로 작년 미국 화장품 수출액(연간)은 전년대비 13% 증가에 그쳤으나, 반등은 긍정적이다.","교보증권은 6일 코스맥스에 대해 투자의견 ‘BUY’, 목표주가 23만원을 유지했다. 직전거래일 3일 기준 주가는 18만9300원에 거래를 마쳤다. 코스맥스의 1분기 연결 매출액은 전년 동기대비 12% 늘어난 6617억원, 영업이익은 7% 증가한 550억원으로 시장 기대치에 부합할 전망이다.",2,192820|코스맥스,https://www.newsquest.co.kr/news/articleView.html?idxno=264322
192820,"올해 들어 소액주주 측이 실적 부진 원인을 파악하겠다는 취지로 장부등열람허용 가처분(이하 장부열람 가처분)을 제기한 가운데, 회사 측은 정기 주주총회에서 감사 수를 1명으로 줄이는 정관 변경안을 통과시키며 경영 안정에 무게를 두는 모습이다. 코스맥스엔비티는 법률대리인을 통해 소송에 대응하면서, 동시에 사업보고서·IR 자료 등을 통해 적자 원인과 재무 개선 계획을 단계적으로 설명하겠다는 방침이다.","코스맥스그룹 건강기능식품 계열사 코스맥스엔비티에서 일부 소액주주들의 등장으로 지배구조를 둘러싼 분쟁 양상이 펼쳐지고 있다. 올해 들어 소액주주 측이 실적 부진 원인을 파악하겠다는 취지로 장부등열람허용 가처분(이하 장부열람 가처분)을 제기한 가운데, 회사 측은 정기 주주총회에서 감사 수를 1명으로 줄이는 정관 변경안을 통과시키며 경영 안정에 무게를 두는 모습이다. 감사 증원 요구와 장부열람 가처분…소액주주 행동주의의 등장 올해 2월 소액주주 4인은 수원지방법원에 코스맥스엔비티를 상대로 회계장부 및 관련 서류 열람·등사를 요구하는 장부열람 가처분을 제기했다.",0,192820|코스맥스,http://www.newsworker.co.kr/news/articleView.html?idxno=420610
192820,교보증권은 6일 코스맥스(192820)가 글로벌 화장품 업황 회복 속에서 견조한 성장 흐름을 이어갈 것이라며 투자의견 '매수(BUY)'와 목표주가 23만원을 유지했다. 코스맥스는 글로벌 화장품 제조자개발생산(ODM) 기업으로...,교보증권은 6일 코스맥스(192820)가 글로벌 화장품 업황 회복 속에서 견조한 성장 흐름을 이어갈 것이라며 투자의견 '매수(BUY)'와 목표주가 23만원을 유지했다. 코스맥스는 글로벌 화장품 제조자개발생산(ODM) 기업으로...,1,192820|코스맥스,http://www.newsprime.co.kr/news/article.html?no=729261
192820,"코스맥스의 2026년 1분기 매출액은 6530억 원으로 전년 동기 대비 11% 증가하고, 영업이익은 550억 원으로 시장 기대치 수준에 부합할 것으로 예상된다. 전문가들은 코스맥스가 여전히 글로벌 화장품 ODM 시장에서 경쟁력을 유지하고 있다는 점에 주목하면서도, 단기적인 수익성 변동성에는 유의할 필요가 있다고 조언하고 있다.",코스맥스가 글로벌 시장 확대를 바탕으로 외형 성장세를 이어가고 있다. 다만 제품 믹스 변화에 따른 수익성 둔화가 동시에 나타나며 시장의 평가가 엇갈리고 있다. 유안타증권은 최근 보고서에서 코스맥스의 1분기 실적이 매출 성장과 수익성 부담이 공존하는 흐름을 보일 것으로 분석했다.,2,192820|코스맥스,https://www.pinpointnews.co.kr/news/articleView.html?idxno=442871
192820,"■코스맥스, 상하이 '다국적 기업 지역본부' 인증 획득…현지 공략 날개 달아 다국적 기업 지역본부 ㅣ 코스맥스 글로벌 화장품 ODM(연구·개발·생산) 기업 코스맥스가 중국 상하이시로부터 우수 글로벌 기업에게...","■코스맥스, 상하이 '다국적 기업 지역본부' 인증 획득…현지 공략 날개 달아 다국적 기업 지역본부 ㅣ 코스맥스 글로벌 화장품 ODM(연구·개발·생산) 기업 코스맥스가 중국 상하이시로부터 우수 글로벌 기업에게...",2,192820|코스맥스,http://www.biztribune.co.kr/news/articleView.html?idxno=351812
006910,"2026년 4월 3일 공시에 따르면, 임재황의 보성파워텍 주식 수는 2025년 12월 16일 기준 597만856주에서 2026년 3월 27일 기준 517만856주로 80만주 감소했다. 2026년 4월 3일 16시 10분 한국거래소 기준 보성파워텍의 주가는 전일 대비 5.42% 상승한 9720원에 거래를 마쳤다.","2026년 4월 3일 공시에 따르면, 임재황의 보성파워텍 주식 수는 2025년 12월 16일 기준 597만856주에서 2026년 3월 27일 기준 517만856주로 80만주 감소했다. 이에 따라 지분율은 12.15%에서 10.52%로 1.63%포인트 하락했다. 이번 주식 변동은 고 임도수 회장으로부터 상속받은 주식의 상속재산분할 협의가 완료되어 본인 및 특별관계자 간 증권회사 주식 계좌 대체로 인한 것이다.",1,006910|보성파워텍,https://www.digitaltoday.co.kr/news/articleView.html?idxno=653358
006910,"임재황의 지분은 80만주, 1.63%포인트 감소한 것으로 기재됐다. 임재평의 지분은 80만주, 1.63%포인트 증가한 것으로 나타났다.","주요 내역을 보면, 보고자 임재황은 517만856주, 10.52%, 특별관계자 방한숙은 81만2442주, 1.65%, 임재평은 117만3020주, 2.39%를 보유 중이다. 이 외 주요 내용으로 임재황은 중소기업은행과 근질권설정을 2025년 12월 16일 체결했으며 대상 주식등의 수는 158만주다. 중소기업은행과의 근질권설정은 74만1000주로 체결됐다.",1,006910|보성파워텍,https://www.digitaltoday.co.kr/news/articleView.html?idxno=653272
006910,"1일 금융감독원 전자공시시스템에 따르면 보성파워텍의 최근 HVDC 송전선로 강관철탑 공급이 상반기에 모두 종료된다. 보성파워텍은 2023~2024년 매출이 770억~780억원 수준에 머물렀던 점을 감안하면 2025년 실적은 HVDC 프로젝트 반영에 따른 일회성 급증으로, 기저 실적은 700억원대 후반 수준으로 평가된다.","1일 금융감독원 전자공시시스템에 따르면 보성파워텍의 최근 HVDC 송전선로 강관철탑 공급이 상반기에 모두 종료된다. 예컨대 동해안-신가평 송전선로 강관철탑 공급 관련 321억원 규모 계약(4월 15일 종료)과 234억원 규모 계약(4월 15일 종료) 모두 상반기 내 마무리된다. 회사 관계자는 ""상반기 HVDC 관련 매출이 종료될 경우 평년 수준의 실적으로 돌아갈 수 있을 것으로 예상한다""고 말했다.",1,006910|보성파워텍,https://www.etoday.co.kr/news/view/2571091
006910,"16일 오전 9시 25분 KRX 기준 보성파워텍은 전 거래일 대비 10.84%(1260원) 상승한 1만2880원에 거래 중이다. 최근 이란 사태로 국제유가가 급등락을 반복하며 에너지 시장 변동성이 커지자, 지정학적 리스크 영향이 상대적으로 낮은 원자력이 대안 에너지로 주목받고 있기 때문으로 풀이된다.","16일 오전 9시 25분 KRX 기준 보성파워텍은 전 거래일 대비 10.84%(1260원) 상승한 1만2880원에 거래 중이다. 이날 증시에서는 원전 관련주가 전반적으로 강세를 보이고 있다. 최근 이란 사태로 국제유가가 급등락을 반복하며 에너지 시장 변동성이 커지자, 지정학적 리스크 영향이 상대적으로 낮은 원자력이 대안 에너지로 주목받고 있기 때문으로 풀이된다. 아울러 체코 두코바니·테믈린 원전 사업 등 추가 프로젝트에 대한 기대감도 투자심리에 영향을 미친 것으로 보인다. [알림] 본 기사는 투자판단의 참고용이며, 이를 근거로 한 투자손실에 대한 책임은 없습니다.",1,006910|보성파워텍,https://www.ggilbo.com/news/articleView.html?idxno=1146744
006910,보성파워텍은 지난해 개별기준 영업이익이 268억599만원으로 전년대비 455.6% 증가했다고 지난 3월 5일 공시했다. 같은 기간 매출액은 1474억8645만원으로 91.3% 늘어난 것으로 나타났다.,"13일 한국거래소에 따르면 보성파워텍, 두산에너빌리티, LS마린솔루션, 서남, 지투파워, 대원전선, 한국전력, 한전산업은 상승했다. 보성파워텍과 두산에너빌리티는 전 거래일 대비 각각 150원, 3000원 오른 1만1620원과 10만6500원에 거래를 마쳤다. 보성파워텍과 두산에너빌리티의 주가 상승률은 각각 1.31%, 2.90%다.",1,006910|보성파워텍,http://www.finomy.com/news/articleView.html?idxno=251382
488060,"스팩은 기업의 인수와 합병만을 목적으로 설립한 명목상 회사로, 3년 안에 합병하지 않으면 상장이 폐지된다.유진스팩11호의 합병 대상 업종은 신재생 에너지, 바이오제약(자원)·의료기기, 전자·통신, 2차전지, 소프트웨어·서비스, 게임·모바일산업, 신소재, 기타 미래 성장 동력을 갖추었다고 판단되 31일 한국거래소 코스닥시장본부에 따르면, ‘유진기업인수목적11호㈜’(유진스팩11호·488060)가 이날 코스닥시장에 상장한다.","31일 한국거래소 코스닥시장본부에 따르면, ‘유진기업인수목적11호㈜’(유진스팩11호·488060)가 이날 코스닥시장에 상장한다. 공모가는 2000원으로, 상장 당일에는 변동성 완화장치(VI)가 적용되지 않는다.해당 종목은 스팩(SPAC)이다. 스팩은 기업의 인수와 합병만을 목적으로 설립한 명목상 회사로, 3년 안에 합병하지 않으면 상장이 폐지된다.유진스팩11호의 합병 대상 업종은 신재생 에너지, 바이오제약(자원)·의료기기, 전자·통신, 2차전지, 소프트웨어·서비스, 게임·모바일산업, 신소재, 기타 미래 성장 동력을 갖추었다고 판단되",1,488060|유진스팩11호,http://www.newswell.co.kr/news/articleView.html?idxno=10446
488060,"최근 실적(2024년 12월 개별 기준)에서 자산총계는 109억원, 부채총계는 15억원, 자본총계는 94억원이다. 매출액은 0원, 영업이익은 0원, 당기순이익은 0원으로 집계됐다.","정정된 내용에 따르면 변경 후 최대주주는 카프파트너스로, 소유주식수는 보통주 20만주, 소유비율은 4.25%로 바로잡혔다. 공시에는 비엔비자산운용 보유분을 최대주주 산정 시 소유주식수에서 제외한다는 점이 함께 반영됐다. 최대주주 변경 항목에서는 변경 전과 변경 후 모두 카프파트너스가 최대주주로 기재됐고, 보통주 20만주를 보유해 지분율 4.24%로 동일하게 나타났다.",1,488060|유진스팩11호,https://www.digitaltoday.co.kr/news/articleView.html?idxno=639353
488060,입력 2024-10-23 18:33수정 2024-10-23 18:33 음성으로 듣기 입력 2024-10-23 18:33수정 2024-10-23 18:33 5만6000건 접수…비례경쟁률 543대 1 ▲ ⓒ유진투자증권 유진투자증권은 유진스팩11호가 일반청약에서 273대 1의 경쟁률을 기록했다고 23일 밝혔다. 5만6000건 접수…비례경쟁률 543대 1 ▲ ⓒ유진투자증권 유진투자증권은 유진스팩11호가 일반청약에서 273대 1의 경쟁,입력 2024-10-23 18:33수정 2024-10-23 18:33 음성으로 듣기 입력 2024-10-23 18:33수정 2024-10-23 18:33 5만6000건 접수…비례경쟁률 543대 1 ▲ ⓒ유진투자증권 유진투자증권은 유진스팩11호가 일반청약에서 273대 1의 경쟁률을 기록했다고 23일 밝혔다. 전날부터 이틀간 진행한 일반투자자 대상 청약에서 유진스팩11호는 약 6149억5300만원의 증거금을 끌어모았다. 공모주를 신청하는 수만큼 비례해서 주식을 배정하는 기준인 비례경쟁률은 542.62대 1이었다.,1,488060|유진스팩11호,https://biz.newdaily.co.kr/site/data/html/2024/10/23/2024102300379.html
488060,"지난해 매출 373억7100만원, 영업이익 27억4900만원, 순이익 3억7000만원을 기록했다. 23일 한국거래소 코스닥시장본부에 따르면, ▲에스엠씨지 ▲유진기업인수목적11호㈜(유진스팩11호) 등 2개사가 코스닥시장 상장 예비심사를 신청했다.키움증권이 상장을 주선하는 ‘에스엠씨지’는 화장품 유리용기 등 유리 및 유리제품 제조업을 영위하고 있다.","23일 한국거래소 코스닥시장본부에 따르면, ▲에스엠씨지 ▲유진기업인수목적11호㈜(유진스팩11호) 등 2개사가 코스닥시장 상장 예비심사를 신청했다.키움증권이 상장을 주선하는 ‘에스엠씨지’는 화장품 유리용기 등 유리 및 유리제품 제조업을 영위하고 있다. 지난해 매출 373억7100만원, 영업이익 27억4900만원, 순이익 3억7000만원을 기록했다. 현재 자본금은 15억7500만원이다.유진투자증권이 상장을 주선하는 ‘유진스팩11호’는 스팩(SPAC)이다. 스팩은 기업의 인수와 합병만을 목적으로 설립한 명목상 회사로, 3년 안에 합병하지",1,488060|유진스팩11호,http://www.newswell.co.kr/news/articleView.html?idxno=10049
488060,"[주주총회] 삼지전자, 케이피에프, 티디에스팜, 듀오백, 씨엔알리서치, 아모텍, HLB파나진, 더네이쳐홀딩스, 영림원소프트랩, 유진스팩11호, KC산업, 위월드, 영풍, 산일전기, 한컴라이프케어, 케이비아이동국실업, SK디앤디, 키다리스튜디오, SK하이닉스, 태양금속공업, 메타케어, SK스퀘어, 디와이덕양, 한국전력공사, 사조씨푸드, 태경케미컬, 그린케미칼, DL이앤씨, 코오롱ENP, 엘앤에프, 키움제10호스팩, 센서뷰, 센코","[주주총회] 삼지전자, 케이피에프, 티디에스팜, 듀오백, 씨엔알리서치, 아모텍, HLB파나진, 더네이쳐홀딩스, 영림원소프트랩, 유진스팩11호, KC산업, 위월드, 영풍, 산일전기, 한컴라이프케어, 케이비아이동국실업, SK디앤디, 키다리스튜디오, SK하이닉스, 태양금속공업, 메타케어, SK스퀘어, 디와이덕양, 한국전력공사, 사조씨푸드, 태경케미컬, 그린케미칼, DL이앤씨, 코오롱ENP, 엘앤에프, 키움제10호스팩, 센서뷰, 센코, 상신전자, 이화공영, 로체시스템즈, 이글벳, 에스앤에스텍, 필옵틱스, 에코아이, 엔에이치스팩29호, 엔에이치스팩31호, 나이스디앤비, 차백신",1,488060|유진스팩11호,https://www.etoday.co.kr/news/view/2568904
038110,"미국 조지아주 공장 가동률 24년 10%→25년 55% 설립 후 적자 지속, 모기업 누적 출자 670억·대여금 지원도 자동차용 플라스틱 부품 전문기업 에코플라스틱이 4년여 전 세운 미국 현지법인의 수익화 시점이 지연되고 있다. 7일 금융감독원 전자공시에 따르면 에코플라스틱 미국법인(ECOPLASTIC AMERICA)은 지난해 매출 1917억원, 282억원의 당기순손실을 냈다.","미국 조지아주 공장 가동률 24년 10%→25년 55% 설립 후 적자 지속, 모기업 누적 출자 670억·대여금 지원도 자동차용 플라스틱 부품 전문기업 에코플라스틱이 4년여 전 세운 미국 현지법인의 수익화 시점이 지연되고 있다. 당초 지난해부터 흑자 달성 가시권에 진입할 것으로 예상했지만, 전기차 캐즘(Chasm·일시적 수요 둔화) 여파와 원청사의 생산 체계 조정 등 대외 변수가 겹친 탓이다. 7일 금융감독원 전자공시에 따르면 에코플라스틱 미국법인(ECOPLASTIC AMERICA)은 지난해 매출 1917억원, 282억원의 당기순손실을 냈다.",0,038110|에코플라스틱,https://www.topdaily.kr/articles/109564
038110,이는 전쟁으로 나프타 수송의 핵심 통로인 호르무즈 해협이 사실상 봉쇄되면서 공급 차질이 빚어지자 시장에서 탈 플라스틱 기업으로 분류되는 종목들이 주목받은 영향으로 풀이된다. 이는 이란 전쟁 여파로 나프타 수급에 차질이 생기면서 탈(脫) 플라스틱 테마주로 묶인 에코플라스틱 주가가 상승한 것으로 보인다.,"에코플라스틱 주가가 상승세를 보이고 있다. 30일 오전 10시 12분 기준 현재 전 거래일 대비 +8.08% 오른 4,400원에 거래되고 있다. 거래량은 2,544만 7,744주다.",1,038110|에코플라스틱,https://www.jeonmae.co.kr/news/articleView.html?idxno=1243158
038110,"그간 공장 가동과 설비 증설 등 운영 활동에 필요한 자금을 외부 차입으로 조달해 왔고, 장단기 차입금은 2024년 말(연결기준) 5682억원에서 2025년 말 6551억원으로 15.3%(869억원) 증가했다. '25년 1Q 토지 재평가 속 부채비율 327.6%, 전년 말 대비 150%p↓ 범퍼 공장 신설 등 투자비 외부 차입…'25년 말 371.7%로 재차 상승 자동차용 플라스틱 부품 전문기업 에코플라스틱이 지난해 자산재평가","'25년 1Q 토지 재평가 속 부채비율 327.6%, 전년 말 대비 150%p↓ 범퍼 공장 신설 등 투자비 외부 차입…'25년 말 371.7%로 재차 상승 자동차용 플라스틱 부품 전문기업 에코플라스틱이 지난해 자산재평가 카드를 꺼내 들며 재무건전성 관리에 나섰지만, 미래 투자에 필요한 자금을 외부 차입으로 조달하면서 재차 부담을 키우고 있다. 당초 400% 후반대에서 150%포인트(p) 가까이 낮췄던 부채 비율은 지난해 말 371.7%까지 치솟았다. 8일 금융감독원 전자공시시스템에 따르면 에코플라스틱은 지난해 말 연결 재평가잉여금으로 1323억원을 인식했다.",1,038110|에코플라스틱,https://www.topdaily.kr/articles/109588
038110,"[중앙이코노미뉴스 조용우] 2일 오후 1시 45분 기준, 네이버페이 증권에 따르면 에코플라스틱은 4월 2일 장중 현재 10.96% 상승한 4,100원에 거래되며 강세를 보이고 있다. 이러한 에코플라스틱의 상승세는 동일 업종 등락률이 -4.00%를 기록하며 전반적인 하락세를 보이는 가운데 두드러지는 모습이다.","[중앙이코노미뉴스 조용우] 2일 오후 1시 45분 기준, 네이버페이 증권에 따르면 에코플라스틱은 4월 2일 장중 현재 10.96% 상승한 4,100원에 거래되며 강세를 보이고 있다. 주가는 시가 3,705원에서 출발하여 고가 4,525원, 저가 3,595원 사이에서 움직이며 현재 가격 4,100원에 형성되어 있다. 현재까지의 변동폭은 930원을 나타냈다.",1,038110|에코플라스틱,https://www.joongangenews.com/news/articleView.html?idxno=508304
038110,"[중앙이코노미뉴스 이영선] 31일 오후 2시 23분 기준, 네이버페이 증권에 따르면 에코플라스틱은 현재 3,755원에 거래되고 있으며, 이는 지난 종가 4,300원 대비 545원 하락한 12.67%의 하락률을 기록하고 있다. 동일업종 등락률은 -2.98%를 기록한 가운데, 에코플라스틱의 하락폭이 업종 평균보다 크게 나타났다.","[중앙이코노미뉴스 이영선] 31일 오후 2시 23분 기준, 네이버페이 증권에 따르면 에코플라스틱은 현재 3,755원에 거래되고 있으며, 이는 지난 종가 4,300원 대비 545원 하락한 12.67%의 하락률을 기록하고 있다. 주가는 시가 4,410원으로 시작하여 4,520원의 고가와 3,745원의 저가를 형성했다. 현재 주가는 저가에 근접한 수준이다.",1,038110|에코플라스틱,https://www.joongangenews.com/news/articleView.html?idxno=507527
045970,"코아시아씨엠이 지난 26일 정기주주총회에서 4분기 연속 흑자 등 성과를 공유하며 기업 가치 제고와 신사업 기반 성장 강화에 나설 예정이라고 27일 밝혔다. 회사는 2025년 연결 기준 매출액 2582억원, 영업이익 53억원을 달성하며 연간 흑자 기조를 안착시키고 재무 안정성 회복의 전환점을 마련했다.","코아시아씨엠이 지난 26일 정기주주총회에서 4분기 연속 흑자 등 성과를 공유하며 기업 가치 제고와 신사업 기반 성장 강화에 나설 예정이라고 27일 밝혔다. 회사는 2025년 연결 기준 매출액 2582억원, 영업이익 53억원을 달성하며 연간 흑자 기조를 안착시키고 재무 안정성 회복의 전환점을 마련했다. 이를 바탕으로 기업 가치 재평가 단계에 진입하며, 향후 중장기적 관점에서 주주가치를 높일 수 있는 여건을 단계적으로 갖춰 나갈 계획이다.",1,045970|코아시아,https://zdnet.co.kr/view/?no=20260327100943
045970,"카메라모듈 전문 기업 코아시아씨엠은 글로벌 공급망 내 입지 강화 기대감이 작용하며 29.94% 상한가를 기록한 1840원에 장을 마감했다. 3D 센싱 및 카메라모듈 전문 나무가와 광학 렌즈 생산 기업 해성옵틱스, 스마트폰용 회로기판 및 모듈 전문 파워로직스도 약세를 보였다.",스마트폰 시장의 정체를 넘어 자율주행차와 로보틱스 시장이 개화하면서 사물을 인식하는 '눈' 역할을 하는 카메라모듈 부품 기업들이 주목을 받았다. 전장용 카메라의 고화소화와 AI 비전 검사 장비의 수요가 가파르게 상승하면서 관련 기술력을 보유한 기업들을 중심으로 투자심리가 개선된 것으로 보인다. 카메라모듈 전문 기업 코아시아씨엠은 글로벌 공급망 내 입지 강화 기대감이 작용하며 29.94% 상한가를 기록한 1840원에 장을 마감했다.,1,045970|코아시아,https://www.pinpointnews.co.kr/news/articleView.html?idxno=436862
045970,폴더블폰의 핵심 부품인 내장 힌지를 생산하는 파인엠텍은 11.09% 상승한 1만1020원을 기록했다. 카메라 모듈 핵심 부품을 공급하는 코아시아씨엠은 이날 29.94% 올라 1840원에 거래를 마감했다.,"핸드셋 업종이 13일 전일 대비 1.27% 상승하며 거래를 마쳤다. 이번 상승은 글로벌 스마트폰 시장의 교체 주기 도래와 폴더블 디바이스의 침투율 확대, 그리고 온디바이스 AI 탑재에 따른 고스펙 부품 수요 증가가 투자 심리를 자극했기 때문으로 풀이된다. 업종 내 가장 가파른 상승세를 보인 종목은 케일럼과 코아시아씨엠이다.",1,045970|코아시아,https://www.pinpointnews.co.kr/news/articleView.html?idxno=436715
045970,코아시아씨엠(196450)이 최근 15일간 주가가 83.33% 상승하며 상위 20개 계좌의 매수 관여율이 79.35%를 기록한 것으로 나타나 2026년 2월 26일 하루 동안 투자주의종목으로 지정됐다. 한국거래소에 따르면 코아시아씨엠의...,코아시아씨엠(196450)이 최근 15일간 주가가 83.33% 상승하며 상위 20개 계좌의 매수 관여율이 79.35%를 기록한 것으로 나타나 2026년 2월 26일 하루 동안 투자주의종목으로 지정됐다. 한국거래소에 따르면 코아시아씨엠의...,0,045970|코아시아,https://www.topstarnews.net/news/articleView.html?idxno=15984579
045970,코아시아씨엠(196450)이 2026년 2월 25일 하루 동안 투자주의종목으로 지정된다고 한국거래소에 따르면... 투자자는 코아시아씨엠의 주가 및 거래에 각별한 주의를 기울일 필요가 있는 상황으로 보인다. 한국거래소는...,코아시아씨엠(196450)이 2026년 2월 25일 하루 동안 투자주의종목으로 지정된다고 한국거래소에 따르면... 투자자는 코아시아씨엠의 주가 및 거래에 각별한 주의를 기울일 필요가 있는 상황으로 보인다. 한국거래소는...,0,045970|코아시아,https://www.topstarnews.net/news/articleView.html?idxno=15983546
023960,"최근 실적을 보면, 에쓰씨엔지니어링은 2024년 12월 결산 기준으로 자산총계 1119억원, 부채총계 660억원, 자본총계 459억원을 기록했다. 매출액은 1799억원, 영업이익은 66억원, 당기순이익은 37억원이다.","2월 6일 공시에 따르면, 이브이첨단소재는 에쓰씨엔지니어링 주식을 주당 5797원에 처분했다. 거래 상대방은 반도홀딩스다. 에쓰씨엔지니어링의 2월 6일 주가는 전일 대비 4.03% 하락한 1690원에 거래를 마쳤다.",1,023960|에쓰씨엔지니어링,https://www.digitaltoday.co.kr/news/articleView.html?idxno=628319
023960,"최근 실적을 보면, 에쓰씨엔지니어링은 2024년 12월 결산 기준으로 자산 총계 1119억원, 부채 총계 660억원, 자본 총계 459억원을 기록했다. 매출액은 1799억원, 영업이익은 66억원, 당기순이익은 37억원으로 집계됐다.","2월 5일 공시에 따르면, 반도홀딩스는 에쓰씨엔지니어링의 보통주 414만224주를 보유하고 있으며, 이는 주권 비율로 10.89%에 해당한다. 세부 변동 내역을 보면, 반도홀딩스는 2025년 12월 24일 전환사채(CB)를 인수하여 2184만4659주를 추가로 보유하게 됐다. 또한, 2026년 2월 5일에는 장외매수를 통해 보통주 414만224주를 추가로 매수했다.",1,023960|에쓰씨엔지니어링,https://www.digitaltoday.co.kr/news/articleView.html?idxno=627581
023960,"반도홀딩스는 이날 계약금 24억원을 지급했고, 오는 2월 5일 잔금 216억원을 지급할 예정이다. 코스닥시장 상장사인 이브이첨단소재는 재무구조개선 및 사업 효율화를 위해 에쓰씨엔지니어링 지분을 매각했다고 설명했다.","에쓰씨엔지니어링은 지난 19일 기존 최대주주인 이브이첨단소재가 보유 중인 지분 전량(414만224주, 지분율 10.89%)을 반도홀딩스에 매각하기로 결정했다고 공시했다. 양수도 대금은 240억원이다. 주당 5797원에 거래됐다.",1,023960|에쓰씨엔지니어링,http://www.koreastocknews.com/news/articleView.html?idxno=116286
023960,입력2026.01.19 16:04 수정2026.01.20 09:53 글자크기 조절 입력2026.01.19 16:04 수정2026.01.20 09:53 이브이첨단소재로부터 지분 10.89% 인수 작년 12월 전환사채 270억원어치도 사들여,입력2026.01.19 16:04 수정2026.01.20 09:53 글자크기 조절 입력2026.01.19 16:04 수정2026.01.20 09:53 이브이첨단소재로부터 지분 10.89% 인수 작년 12월 전환사채 270억원어치도 사들여,1,023960|에쓰씨엔지니어링,https://www.hankyung.com/article/202601199419r
023960,이번 계약은 에쓰씨엔지니어링의 경영권과 보유주식 414만224주(발행주식 총수의 10.9%)를 240억 원에 매각하는 것으로 알려졌다. 이브이첨단소재가 에쓰씨엔지니어링 주식 매각 소식에 20일 장 초반 강세다.,이브이첨단소재가 에쓰씨엔지니어링 주식 매각 소식에 20일 장 초반 강세다. 이날 오전 9시 41분 기준 이브이첨단소재는 전일 대비 150원(9.61%) 오른 1711원에 거래되고 있다. 전날 이브이첨단소재는 반도홀딩스와 에쓰씨엔지니어링의 주식 및 경영권을 양수·양도하는 계약을 체결했다고 공시했다.,2,023960|에쓰씨엔지니어링,https://www.etoday.co.kr/news/view/2547244
356890,"싸이버원은 2021년 3월 11일 코스닥 시장에 상장된 소프트웨어 개발 및 공급업체다. (2) 보고자에 대한 구체적인 사항(법인, 기타단체, 법령상조합, 민법상 조합의 경우 기재) (2) 특별관계자에 대한 구체적인 사항(법인, 기타단체, 법령상조합, 민법상 조합의 경우 기재) (2) 집합투자업자에 대한 구체적인 사항 ※ 교환대상이 주식인 교환사채권, 기초자산이 주식인 증권예탁증권ㆍ파생결합증권 및 자기주식을 교부하는 주식매수선택","이번 보고의 변경사유는 ""의결권공동행사 등에 관한 주주간 협약 기간 종료""로 기재됐다. 주요 내역을 보면, 보고자 김용옥은 466만838주, 38.99%, 특별관계자 육동현은 97만6875주, 8.17%, 김명신은 55만주, 4.6%를 보유 중이다. 종목 시세 정보에 따르면 싸이버원의 주가는 3월 16일 14시 31분 기준 3225원이며, 전일 대비 70원(-2.12%) 하락했다.",1,356890|싸이버원,https://www.digitaltoday.co.kr/news/articleView.html?idxno=641452
356890,"종합 정보보안 기업 싸이버원(대표이사 육동현)이 종속회사의 실적 변동과 영업권 손상차손 인식에 따른 연결 기준 순이익 감소에도 불구하고, 주주가치 제고를 위해 주당배당금을 확대하기로 결정했다. 최근 공시에 따르면 싸이버원은 회계 기준상 영업권 손상차손을 반영하며 연결 실적이 일시적으로 하락했다.","종합 정보보안 기업 싸이버원(대표이사 육동현)이 종속회사의 실적 변동과 영업권 손상차손 인식에 따른 연결 기준 순이익 감소에도 불구하고, 주주가치 제고를 위해 주당배당금을 확대하기로 결정했다. 최근 공시에 따르면 싸이버원은 회계 기준상 영업권 손상차손을 반영하며 연결 실적이 일시적으로 하락했다. 회사 측은 이번 손상차손이 현금 유출이 없는 장부상 비용이며, 이를 선제적으로 반영함으로써 향후 발생할 수 있는 대규모 손실에 대한 불확실성을 해소했다고 설명했다.",2,356890|싸이버원,https://www.dailysecu.com/news/articleView.html?idxno=205520
356890,"종합 정보보안 기업 싸이버원(대표이사 육동현)은 종속회사 실적 감소와 영업권 손상차손 인식으로 인해... 반면 싸이버원 별도 기준 실적은 직전연도 대비 개선된 흐름을 보이고 있으며, 최근에는 핵심 사업을 중심으로...","종합 정보보안 기업 싸이버원(대표이사 육동현)은 종속회사 실적 감소와 영업권 손상차손 인식으로 인해... 반면 싸이버원 별도 기준 실적은 직전연도 대비 개선된 흐름을 보이고 있으며, 최근에는 핵심 사업을 중심으로...",1,356890|싸이버원,https://www.etnews.com/20260303000477
356890,72억 원 규모로 추진되는 이번 사업에서 싸이버원은 약 63%의 지분율로 42억 원 상당의 과업을 수주하며 업계 내 독보적인 경쟁력과 신뢰도를 다시 한번 입증했다. 정보보안 전문기업 싸이버원이 한국지역정보개발원(KLID)이 주관하는 ‘2026년 지자체 정보통신기반시설 정보보호 컨설팅’ 사업의 수행사로 선정됐다.,"정보보안 전문기업 싸이버원이 한국지역정보개발원(KLID)이 주관하는 ‘2026년 지자체 정보통신기반시설 정보보호 컨설팅’ 사업의 수행사로 선정됐다. 이번 사업은 전국 지방자치단체가 운영하는 주요 정보통신기반시설의 보안 취약점을 사전에 점검·개선하고, 고도화되는 사이버 위협으로부터 국민의 일상과 직결된 행정 서비스의 안정성을 확보하는 데 목적이 있다. 72억 원 규모로 추진되는 이번 사업에서 싸이버원은 약 63%의 지분율로 42억 원 상당의 과업을 수주하며 업계 내 독보적인 경쟁력과 신뢰도를 다시 한번 입증했다.",2,356890|싸이버원,https://www.dailysecu.com/news/articleView.html?idxno=205279
356890,72억 원 규모로 추진되는 이번 사업에서 싸이버원은 약 63%의 지분율로 42억원 상당의 과업을 수주하며 업계 내 독보적인 경쟁력과 신뢰도를 다시 한번 입증했다. 이번 수주의 핵심 동력은 싸이버원이 보유한 압도적인...,72억 원 규모로 추진되는 이번 사업에서 싸이버원은 약 63%의 지분율로 42억원 상당의 과업을 수주하며 업계 내 독보적인 경쟁력과 신뢰도를 다시 한번 입증했다. 이번 수주의 핵심 동력은 싸이버원이 보유한 압도적인...,2,356890|싸이버원,https://www.etnews.com/20260220000198
076080,"최근에는 고유의 에너지 절감 기술을 활용해 친환경 설비 개발에 매진하는 한편, 미래 먹거리인 2차전지 양극재 생산 설비 분야로 사업 영역을 넓히고 있다. 수자원 관련 테마주들이 31일 기후 변화에 따른 물 부족 문제 해결과 수질 개선 인프라 투자 확대 기대감에 힘입어 종목별로 강한 시세를 분출하고 있다.","수자원 관련 테마주들이 31일 기후 변화에 따른 물 부족 문제 해결과 수질 개선 인프라 투자 확대 기대감에 힘입어 종목별로 강한 시세를 분출하고 있다. 전 세계적으로 안정적인 물 공급이 국가 경쟁력으로 부상하면서 해수 담수화, 폐수 재이용, 스마트 상하수도 시스템 등 수자원의 양적·질적 개선을 도모하는 기업들에 투자자들의 관심이 쏠리는 모습이다. 가장 강력한 상승세를 보이는 종목은 티케이지애강이다.",1,076080|웰크론한텍,https://www.pinpointnews.co.kr/news/articleView.html?idxno=441410
076080,"같은 기간 영업이익은 영업손실 181억3031만2664원으로, 전년 영업이익 19억4705만1549원에서 적자전환했다. 웰크론한텍의 2025년 1월 1일부터 2025년 12월 31일까지 연결기준 매출액은 1666억9273만8852원으로, 2024년 1월 1일부터 2024년 12월 31일까지의 2618억8777만6131원 대비 36.35% 감소했다.","웰크론한텍의 2025년 1월 1일부터 2025년 12월 31일까지 연결기준 매출액은 1666억9273만8852원으로, 2024년 1월 1일부터 2024년 12월 31일까지의 2618억8777만6131원 대비 36.35% 감소했다. 같은 기간 영업이익은 영업손실 181억3031만2664원으로, 전년 영업이익 19억4705만1549원에서 적자전환했다. 당기순이익은 당기순손실 434억1179만728원으로 전년 당기순손실 66억8090만3057원 대비 549.79% 감소했다.",0,076080|웰크론한텍,https://www.digitaltoday.co.kr/news/articleView.html?idxno=633946
076080,"웰크론과 특별관계자 7인의 2026년 2월 23일 기준 웰크론한텍 보유 주식등의 수는 772만4860주, 보유 비율은 34.18%로 보고됐다. 변동내역 총괄표에 따르면, 이영식의 지분 5만840주, 0.23%포인트가 감소한 것으로 기재됐다.","웰크론과 특별관계자 7인의 2026년 2월 23일 기준 웰크론한텍 보유 주식등의 수는 772만4860주, 보유 비율은 34.18%로 보고됐다. 주요 내역을 보면, 보고자 웰크론은 582만6109주, 25.79%, 특별관계자 이영규는 109만4214주, 4.84%, 강영길은 4만9292주, 0.21%를 보유 중이다. 변동내역 총괄표에 따르면, 이영식의 지분 5만840주, 0.23%포인트가 감소한 것으로 기재됐다.",1,076080|웰크론한텍,https://www.digitaltoday.co.kr/news/articleView.html?idxno=633401
076080,"이후 주식 수는 4만160주 증가하여 현재 8만주를 보유 중이다. 매출액은 2619억원, 영업이익은 19억원, 당기순손실은 67억원으로 집계됐다.","2월 23일 공시에 따르면, 송영섭 선임은 직전 보고일인 2021년 7월 8일 기준으로 3만9840주를 보유하고 있었다. 이후 주식 수는 4만160주 증가하여 현재 8만주를 보유 중이다. 지분율은 0.19%에서 0.35%로 상승했다.",0,076080|웰크론한텍,https://www.digitaltoday.co.kr/news/articleView.html?idxno=633386
076080,플랜트 EPC 및 종합건설 등을 영위하는 중견 건설사 '웰크론한텍'이 신사업으로 추진하고 있는 에너지 발전에 발목이 잡히면서 경영난과 더불어 재무구조가 악화됐다. 본업인 건설업도 수주가 줄어 외형 감소가...,플랜트 EPC 및 종합건설 등을 영위하는 중견 건설사 '웰크론한텍'이 신사업으로 추진하고 있는 에너지 발전에 발목이 잡히면서 경영난과 더불어 재무구조가 악화됐다. 본업인 건설업도 수주가 줄어 외형 감소가...,2,076080|웰크론한텍,https://www.thebell.co.kr/free/content/ArticleView.asp?key=202604011532330360103663
065060,"이번 매수는 주당 610원의 단가로 이루어졌으며, 김성우 상무이사의 주식 보유 수는 1만5847주로 집계됐다. 지엔코는 2002년 5월 28일 코스닥 시장에 상장된 봉제의복 제조업체다.","이번 매수는 주당 610원의 단가로 이루어졌으며, 김성우 상무이사의 주식 보유 수는 1만5847주로 집계됐다. 지엔코는 2002년 5월 28일 코스닥 시장에 상장된 봉제의복 제조업체다. 2026년 4월 7일 장마감 기준, 지엔코의 주가는 전일 대비 2.56% 하락한 572원에 거래를 마쳤다. 임원ㆍ주요주주특정증권등소유상황보고서 ※ 교환대상이 주식인 교환사채권 및 기초자산이 주식인 증권예탁증권, 파생결합증권 등에 한하여 분모에서 제외하고 소유비율을 산정",1,065060|지엔코,https://www.digitaltoday.co.kr/news/articleView.html?idxno=654473
065060,"관련 근거는 코스닥시장업무규정 제25조 및 동규정시행세칙 제30조에 따른다. 종목 시세 정보에 따르면 지엔코의 주가는 4월 7일 16시 10분 기준 572원이며, 전일 대비 15원(-2.56%) 하락했다.","거래정지 기간은 2026년 4월 10일부터 신주권 변경상장일 전일까지다. 관련 근거는 코스닥시장업무규정 제25조 및 동규정시행세칙 제30조에 따른다. 종목 시세 정보에 따르면 지엔코의 주가는 4월 7일 16시 10분 기준 572원이며, 전일 대비 15원(-2.56%) 하락했다. 지엔코는 2002년 5월 28일 코스닥시장에 상장된 봉제의복 제조업체다. 주권매매거래정지(주식의병합,분할등전자등록변경,말소)",0,065060|지엔코,https://www.digitaltoday.co.kr/news/articleView.html?idxno=654485
065060,이 외 주요 내용으로 크레오에스지는 큐캐피탈파트너스와 담보계약을 3월 4일 체결했으며 대상 주식등의 수는 56만5000주다. 케이파트너스는 크레오에스지와 담보계약을 11월 27일 체결했으며 대상 주식등의 수는 38만5000주다.,"크레오에스지와 특별관계자 8인의 4월 7일 기준 지엔코 보유 주식등의 수는 1375만1294주, 보유 비율은 57.78%로 보고됐다. 주요 내역을 보면, 보고자 크레오에스지는 1101만8142주, 46.29%, 특별관계자 케이파트너스는 193만4573주, 8.13%, 큐캐피탈파트너스는 50만8878주, 2.14%를 보유 중이다. 이 외 주요 내용으로 크레오에스지는 큐캐피탈파트너스와 담보계약을 3월 4일 체결했으며 대상 주식등의 수는 56만5000주다.",1,065060|지엔코,https://www.digitaltoday.co.kr/news/articleView.html?idxno=654458
065060,한국거래소 공시에 따르면 코스닥시장업무규정 제25조 및 동규정시행세칙 제30조에 근거해 이번 정지 조치가 이뤄진다. 회사 측은 해당 조치의 일환으로 신주권 변경상장까지 거래정지가 지속될 예정임을 강조했다.,한국거래소 공시에 따르면 코스닥시장업무규정 제25조 및 동규정시행세칙 제30조에 근거해 이번 정지 조치가 이뤄진다. 기타 사유로는 주식병합이 명시됐다. 회사 측은 해당 조치의 일환으로 신주권 변경상장까지 거래정지가 지속될 예정임을 강조했다. 투자자들은 향후 신주권 교체 일정 등 관련 사항에 주목할 필요가 있다.,0,065060|지엔코,https://www.topstarnews.net/news/articleView.html?idxno=16027857
065060,"연결 기준으로 자산총계는 2338억400만원, 부채총계는 1055억4100만원, 자본총계는 1282억6400만원이며, 매출액은 1108억6700만원으로 집계됐다. 최근 실적(2024년 12월 연결 기준)에서 자산총계는 2338억원, 부채총계는 1099억원, 자본총계는 1239억원을 기록했다.","주주총회에서는 제29기 재무제표와 연결재무제표 승인의 건이 가결됐다. 이 안건은 의결권 있는 발행주식 총수 기준 찬성률 41.1%, 의결권 행사 주식수 기준 찬성률 99.8%로 통과됐다. 임원 선임 안건도 원안대로 처리됐다.",1,065060|지엔코,https://www.digitaltoday.co.kr/news/articleView.html?idxno=646525
242040,"조 대표는 2010년부터 나무기술에서 클라우드 사업과 영업 조직을 이끌며 대형 프로젝트 수주와 사업 확장을 주도해왔다. 조 대표는 ""나무기술과 칵테일아이오가 보유한 역량을 결합해 AI·클라우드 시장 변화에 대응하겠다""며 ""현장에서 축적한 사업 노하우를 바탕으로 실질적인 수주 성과로 연결하겠다""고 밝혔다.",나무기술이 자회사 칵테일아이오 인공지능(AI)·클라우드 사업 경쟁력 강화를 위해 인사를 단행했다. 칵테일아이오는 조재우 나무기술 부사장을 신임 대표로 선임했다고 8일 밝혔다. 이번 선임은 주주총회와 이사회 의결을 거친다.,2,242040|나무기술,https://zdnet.co.kr/view/?no=20260408151905
242040,나무기술은 조재우 부사장을 칵테일아이오 신임 대표이사로 선임했다고 8일 밝혔다. 조재우 대표이사는 2010년부터 나무기술에서 클라우드 사업과 영업 조직을 이끌며 대형 프로젝트 수주와 사업 확대를 주도해왔다.,가상화·클라우드 전문기업 나무기술(대표 정철)이 클라우드 네이티브 전문 자회사 칵테일아이오(cocktail.io)의 사업 강화를 위해 대표이사 인사를 단행했다. 나무기술은 조재우 부사장을 칵테일아이오 신임 대표이사로 선임했다고 8일 밝혔다. 조 대표는 나무기술 영업본부를 총괄하며 축적한 현장 경험과 시장 이해를 바탕으로 칵테일아이오의 기술력과 사업 전개를 이어 맡는다.,2,242040|나무기술,https://it.chosun.com/news/articleView.html?idxno=2023092160033
242040,"[중앙이코노미뉴스 김영진] 8일 오전 10시 10분 기준, 네이버페이 증권에 따르면 나무기술 주가가 5,700원을 기록하며 지난 종가 5,040원 대비 13.10% 상승했다. 이는 660원 오른 수치로, 4월 8일 국내 코스닥 시장에서 상당한 변동을 보였다.","[중앙이코노미뉴스 김영진] 8일 오전 10시 10분 기준, 네이버페이 증권에 따르면 나무기술 주가가 5,700원을 기록하며 지난 종가 5,040원 대비 13.10% 상승했다. 이는 660원 오른 수치로, 4월 8일 국내 코스닥 시장에서 상당한 변동을 보였다. 나무기술은 시가 5,220원으로 거래를 시작했다.",1,242040|나무기술,https://www.joongangenews.com/news/articleView.html?idxno=509864
242040,"8일 오전 9시 46분 기준, 네이버페이 증권에 따르면 나무기술은 현재 5,700원에 거래되고 있으며, 지난 종가 5,040원 대비 13.10% 상승한 흐름을 보이고 있다. 장 시작 시가는 5,220원이었으며, 현재까지 5,220원과 6...","8일 오전 9시 46분 기준, 네이버페이 증권에 따르면 나무기술은 현재 5,700원에 거래되고 있으며, 지난 종가 5,040원 대비 13.10% 상승한 흐름을 보이고 있다. 장 시작 시가는 5,220원이었으며, 현재까지 5,220원과 6...",1,242040|나무기술,https://www.topstarnews.net/news/articleView.html?idxno=16028464
242040,칵테일아이오는 조재우 나무기술 부사장을 신임 대표이사로 선임했다고 8일 밝혔다 조재우 대표는 나무기술 영업본부를 총괄하며 축적한 현장 경험과 시장 이해를 바탕으로 칵테일아이오의 기술력과 사업 전개를...,칵테일아이오는 조재우 나무기술 부사장을 신임 대표이사로 선임했다고 8일 밝혔다 조재우 대표는 나무기술 영업본부를 총괄하며 축적한 현장 경험과 시장 이해를 바탕으로 칵테일아이오의 기술력과 사업 전개를...,1,242040|나무기술,https://byline.network/?p=9004111222598665
089970,다올투자증권이 3일 브이엠에 대해 신규 장비를 통한 매출 성장이 기대되는 가운데 SK하이닉스의 시설... 전 거래일 브이엠 종가는 4만650원이다. 고영민 다올투자증권 연구원은 브이엠에 대해 “1분기 실적을...,다올투자증권이 3일 브이엠에 대해 신규 장비를 통한 매출 성장이 기대되는 가운데 SK하이닉스의 시설... 전 거래일 브이엠 종가는 4만650원이다. 고영민 다올투자증권 연구원은 브이엠에 대해 “1분기 실적을...,1,089970|브이엠,https://biz.chosun.com/stock/stock_general/2026/04/03/FLYP47SLZBCR3KTSY6ZKJRTXTQ/?utm_source=naver&utm_medium=original&utm_campaign=biz
089970,브이엠자산운용이 올해 첫 코스닥벤처펀드를 선보였다. 메자닌과 채권을 중심으로 포트폴리오를 구성하면서 일부 자금을 공모주 투자에 활용하는 구조다. 31일 금융투자업계에 따르면 브이엠자산운용이...,브이엠자산운용이 올해 첫 코스닥벤처펀드를 선보였다. 메자닌과 채권을 중심으로 포트폴리오를 구성하면서 일부 자금을 공모주 투자에 활용하는 구조다. 31일 금융투자업계에 따르면 브이엠자산운용이...,1,089970|브이엠,https://www.thebell.co.kr/free/content/ArticleView.asp?key=202603311428002520107740
089970,"국민연금공단의 3월 11일 기준 브이엠 보유 주식등의 수는 183만1449주이며, 보유 비율은 7.05%로 보고됐다. 종목 시세 정보에 따르면 브이엠의 주가는 4월 1일 16시 10분 기준 장마감 4만1650원이며, 전일 대비 2900원(7.48%) 상승했다.","국민연금공단의 3월 11일 기준 브이엠 보유 주식등의 수는 183만1449주이며, 보유 비율은 7.05%로 보고됐다. 주요 내역을 보면, 특별관계자 국민연금기금은 183만1449주, 7.05%를 보유 중이다. 추가로 다른 기재 내역을 보면, 3월 3일 국민연금기금은 장내매수로 의결권있는 주식 131만438주에서 26만394주를 매수해 157만832주가 됐다.",1,089970|브이엠,https://www.digitaltoday.co.kr/news/articleView.html?idxno=652516
089970,"종목 시세 정보에 따르면 브이엠의 주가는 3월 30일 16시 10분 기준 장마감에 4만1350원이며, 전일 대비 3350원(-7.49%) 하락했다. 브이엠은 2018년 8월 23일 코스닥 시장에 상장된 특수 목적용 기계 제조업체다.","주요 내역을 보면, 보고자 최우형은 234만3262주, 9.02%를 보유 중이며, 특별관계자 임종필은 36만4100주, 1.4%, 이상우는 20만5048주, 0.79%를 보유 중이다. 이번 보고서에서는 특별관계자 변동이 있었으며, 주식 등의 수 및 제24기 정기주주총회 결과에 따른 특별관계자 변동이 변동 사유로 제시됐다. 세부 변동 내역을 보면, 임종필은 2026년 3월 30일 주식매수선택권부여로 10만주를 추가 보유하게 됐으며, 이상우는 같은 날 신규 보고로 의결권 있는 주식 10만5048주를 보유한 것으로 보고됐다.",1,089970|브이엠,https://www.digitaltoday.co.kr/news/articleView.html?idxno=649798
089970,"브이엠은 총 71명에게 보통주 51만2000주의 주식매수선택권을 부여했다. 기타 투자판단에 참고할 사항 (1) 행사가격행사가격은 자본시장과 금융투자업에 관한 법률 시행령 제176조의7 제3항(부여일 전일부터 과거 2개월, 1개월 및 1주간의 주가를 거래량 기준으로 가중산술평균한 가격을 산술평균하여 결정) 규정을 준용하여 평가한 가격과 액면가액 중 높은 가액 이상으로 결정하였습니다.(2) 행사가액 및 수량의 조정주식매수선택권이",브이엠은 총 71명에게 보통주 51만2000주의 주식매수선택권을 부여했다. 부여일은 2026년 3월 30일이다. 행사기간은 2028년 3월 30일부터 2033년 3월 29일까지다.,1,089970|브이엠,https://www.digitaltoday.co.kr/news/articleView.html?idxno=649685
