stock_code,focus,detail,label,source,content_uri
475660,"한국거래소 공시에 따르면, 이번 종가급변 투자주의종목 지정은 ①종가가 직전 가격 대비 5% 이상 상승(하락), ②종가 거래량이 당일 전체 거래량의 5% 이상, ③당일 전체 거래량이 3만주 이상이라는 3가지 조건을 모두 충족함에 따라 이루어졌다. 시장경보제도에 따라 단기적으로 주가가 급등한 종목에 대해 투자주의종목 지정 후 투자경고종목, 투자위험종목으로 단계가 격상될 수 있으며, 경고·위험종목 단계에서는 매매거래가 정지될 수 있","한국거래소 공시에 따르면, 이번 종가급변 투자주의종목 지정은 ①종가가 직전 가격 대비 5% 이상 상승(하락), ②종가 거래량이 당일 전체 거래량의 5% 이상, ③당일 전체 거래량이 3만주 이상이라는 3가지 조건을 모두 충족함에 따라 이루어졌다. 5일간과 15일간의 동일 사유 지정횟수는 각각 0회였다. 시장경보제도에 따라 단기적으로 주가가 급등한 종목에 대해 투자주의종목 지정 후 투자경고종목, 투자위험종목으로 단계가 격상될 수 있으며, 경고·위험종목 단계에서는 매매거래가 정지될 수 있다고 한국거래소는 설명했다.",1,475660|에스켐,https://www.topstarnews.net/news/articleView.html?idxno=16027164
475660,"염호영의 지분은 2만2813주, 0.29%포인트 증가한 것으로 기재됐다. 추가로 다른 기재 내역을 보면, 2024년 12월 11일 염호영은 장내매수로 의결권있는 주식 133만5490주에서 1만6952주가 증가해 135만2442주가 됐다.","주요 내역을 보면, 보고자 염호영은 135만8303주, 17.06%, 특별관계자 하홍식은 94만5490주, 11.88%, 양선일은 90만5636주, 11.38%를 보유 중이다. 이 외 주요 내용으로 염호영은 하홍식과 공동목적보유확약을 2024년 8월 30일 체결했으며 대상 주식등의 수는 의결권있는 주식 94만5490주다. 양선일과의 공동목적보유확약은 2024년 8월 30일 체결됐으며 대상 주식등의 수는 의결권있는 주식 90만5490주다.",1,475660|에스켐,https://www.digitaltoday.co.kr/news/articleView.html?idxno=653861
475660,"아울러 정제·연구개발 인프라 확충을 통해 OLED 소재 수요 확대에도 보다 안정적으로 대응할 수 있을 것으로 기대하고 있다 한편, 이날 제천 천연물 지식산업센터에서는 에스켐 임원진이 참석한 가운데 개소식이 열렸으며, 이를 통해 신규 연구 거점의 출범을 공식화했다. 이를 통해 생산능력을 확대하고, 고부가가치 소재 중심의 사업 구조를 강화해나간다는 구상이다 에스켐은 이번 연구 거점 확보를 계기로 기존 디스플레이 소재 기술에 천연물","OLED 합성·정제 전문기업 에스켐은 충북 제천 천연물 지식산업센터에 신규 연구 거점을 마련하고, 천연물 및 신소재 분야 사업 확대에 나선다고 31일 밝혔다. 회사 측에 따르면 에스켐은 충북 제천시 왕암동 제2바이오밸리에 위치한 제천 천연물 지식산업센터에 입주해 천연물 기반 소재 연구를 강화하고, 신소재 분야로의 사업 확장을 추진할 계획이다. 에스켐은 해당 센터의 2층과 5층을 포함해 총 1570㎡ 규모의 공간을 확보했다.",2,475660|에스켐,https://www.widedaily.com/news/articleView.html?idxno=291357
475660,"한편 이날 제천 천연물 지식산업센터에서는 에스켐 임원진이 참석한 가운데 개소식이 열렸으며, 신규 연구 거점의 출범을 공식화했다. 회사에 따르면 에스켐은 제천시 왕암동 제2바이오밸리에 위치한 제천 천연물 지식산업센터에 총 1570㎡ 규모의 공간을 확보했다.","!AI가 자동 생성한 요약으로 정확하지 않을 수 있어요. 회사에 따르면 에스켐은 제천시 왕암동 제2바이오밸리에 위치한 제천 천연물 지식산업센터에 총 1570㎡ 규모의 공간을 확보했다. 2층 2개 호실은 천연물 연구 거점으로 활용해 천연물 기반 소재 연구와 응용기술 개발을 추진하고, 5층에는 신소재 사업을 위한 연구실과 승화정제 시설을 구축할 예정이다.",2,475660|에스켐,https://www.newspim.com/news/view/20260331000814
475660,"등록 2026.03.31 14:43:13 제천 천연물 지식산업센터 조감도. (사진=에스켐) *재판매 및 DB 금지 꽃신에 감동받은 메릴 스트립-앤 헤서웨이 AMRO, 올해 한국 경제성장률 1.9% 전망 '구준엽 처제' 서희제, 방송 복귀서 오열·욕설 ""샤워 매번 같이""…김지영, 파격 '신혼 루틴' 고백 '방한' 트럼프 측근 ""올가을 북미 정상회담 가능성 높다"" 정부, 새만금 2호 투자진흥지구 지정…현대차 9조 투자 뒷받침 美민","등록 2026.03.31 14:43:13 제천 천연물 지식산업센터 조감도. (사진=에스켐) *재판매 및 DB 금지 꽃신에 감동받은 메릴 스트립-앤 헤서웨이 AMRO, 올해 한국 경제성장률 1.9% 전망 '구준엽 처제' 서희제, 방송 복귀서 오열·욕설 ""샤워 매번 같이""…김지영, 파격 '신혼 루틴' 고백 '방한' 트럼프 측근 ""올가을 북미 정상회담 가능성 높다"" 정부, 새만금 2호 투자진흥지구 지정…현대차 9조 투자 뒷받침 美민주, 트럼프 탄핵소추안 발의…'직무정지' 요구도 ""당연히 올 거라고 생각"" 정선희, 안재환 실종 신고 지연 이유 故김창민 감독 가해자 ""죽을 죄",1,475660|에스켐,https://www.newsis.com/view/NISX20260331_0003571565
008110,이번 절차 재개는 지난 12일 법원이 대동전자의 가처분 신청을 기각한 데 따른 결과다. 당시 대동전자는 결정 직후인 8월4일 서울남부지방법원에 상장폐지결정 효력정지 가처분 신청을 제기하며 법적 대응에 나섰고 이 과정에서 정리매매가 일시 보류됐다.,13일 공시에 따르면 대동전자의 정리매매 절차가 재개된다. 이번 절차 재개는 지난 12일 법원이 대동전자의 가처분 신청을 기각한 데 따른 결과다. 이에 따라 대동전자 주권에 대한 정리매매는 오는 19일부터 27일까지 진행된다.,0,008110|대동전자,https://www.fetv.co.kr/news/article.html?no=214948
008110,13일 금융감독원 전자공시시스템에 따르면 한국거래소는 지난해 7월31일 감사인 의견 미달을 이유로 대동전자의 상장폐지를 결정했다. 대동전자는 서울남부지방법원에 상장폐지 결정 효력 정지 가처분 신청을 제기했다.,한국거래소가 대동전자 정리매매 등 상장폐지 절차를 재개했다. 정리매매 기간은 이달 19일부터 27일까지다. 13일 금융감독원 전자공시시스템에 따르면 한국거래소는 지난해 7월31일 감사인 의견 미달을 이유로 대동전자의 상장폐지를 결정했다. 대동전자는 서울남부지방법원에 상장폐지 결정 효력 정지 가처분 신청을 제기했다. 그러나 법원은 대동전자가 낸 가처분 신청을 기각 결정했다. 이에 따라 대동전자는 원래대로 상장폐지 절차를 밟게 됐다.,0,008110|대동전자,https://www.bloter.net/news/articleView.html?idxno=656594
008110,대동전자(008110)가 상장폐지결정 효력정지 가처분 신청이 기각됨에 따라 정리매매 절차를 재개한다고 밝혔다. 한국거래소에 따르면 대동전자는 감사인 의견 미달 관련 상장폐지 사유에 대해 유가증권시장...,대동전자(008110)가 상장폐지결정 효력정지 가처분 신청이 기각됨에 따라 정리매매 절차를 재개한다고 밝혔다. 한국거래소에 따르면 대동전자는 감사인 의견 미달 관련 상장폐지 사유에 대해 유가증권시장...,0,008110|대동전자,https://www.topstarnews.net/news/articleView.html?idxno=16003014
008110,"주주연대는 탄원서를 통해 △대동전자의 감사 방해 의혹에 대한 진상 조사 △상장폐지 결정 효력 정지 △소액주주 재산권 보호 조치 등을 요구했다. LG화학, BPA 사업 지분 매각 검토…범용 석화 재편 속도 “집도 못 사고 전세도 없다”...전월세 실수요자 ‘벼랑 끝’ [은행 풍향계] 20대 몰렸다…토스뱅크 K-패스 카드, 흥행 비결은 [미-이란 휴전] 한숨 돌린 산업계…‘업황 회복’ 기대 속 ‘전쟁 불씨’ 우려 [미-이란 휴전]","재무 건전성 높음에도 '의견 한정'으로 퇴출 위기 주주들 “대주주 사익 편취 위한 악용 사례"" 성토 대동전자 소액주주들이 상장폐지 절차를 둘러싼 논란에 대응해 집단행동에 나섰다. 회사가 지정감사인의 요구 자료 제출을 거부해 감사의견 '한정'을 받았고, 그 결과 상장폐지로 이어질 수 있다는 점에서 주주들은 이를 사실상 '고의적 상장폐지' 시도로 보고 있다. 7일 주주행동 플랫폼 액트(ACT)에 따르면 대동전자 소액주주연대는 최근 플랫폼을 통해 약 3.03% 지분을 결집하고 권리 보호 활동을 시작했다.",0,008110|대동전자,https://www.ekn.kr/web/view.php?key=20260308021265904
008110,[비즈한국] 대동전자가 3년 연속 감사의견 한정을 받으며 코스피 상장폐지를 앞둔 가운데 수년 전부터 국내 공장 투자를 줄이며 사실상 회사를 정리하려는 움직임을 보인 것으로 드러났다. 재고가 바닥났음에도 연간 공장 투자는 1000만 원대로 줄인 것.,"[비즈한국] 대동전자가 3년 연속 감사의견 한정을 받으며 코스피 상장폐지를 앞둔 가운데 수년 전부터 국내 공장 투자를 줄이며 사실상 회사를 정리하려는 움직임을 보인 것으로 드러났다. 재고가 바닥났음에도 연간 공장 투자는 1000만 원대로 줄인 것. 반면 해외 자회사로부터 수령한 배당 수익은 임원 상여금과 출장비, 지급수수료 등의 경비로 쓰는 등 ‘고의 상폐’를 유도한 게 아니냐는 의혹이 더욱 커지고 있다.",0,008110|대동전자,https://www.bizhankook.com/bk/article/31586
088260,"이리츠코크렙은 2018년 6월 27일 코스피 시장에 상장된 부동산 임대 및 공급업체다. (2) 보고자에 대한 구체적인 사항(법인, 기타단체, 법령상조합, 민법상 조합의 경우 기재) (2) 특별관계자에 대한 구체적인 사항(법인, 기타단체, 법령상조합, 민법상 조합의 경우 기재) (2) 집합투자업자에 대한 구체적인 사항 * 보고자 소유분에는 투자일임계약에 의한 소유분 329,765주(0.52%) 포함.","미래에셋자산운용의 3월 31일 기준 보유 주식등의 수는 1183만3326주로, 보유 비율은 18.68%로 보고됐다. 주요 내역을 보면, 보고자 미래에셋자산운용은 1183만3326주, 18.68%를 보유 중이다. 추가로 다른 기재 내역을 보면, 2026년 3월 3일 미래에셋자산운용은 기타로 의결권있는 주식 8만6091주를 매수해 1108만9783주가 됐다.",1,088260|이리츠코크렙,https://www.digitaltoday.co.kr/news/articleView.html?idxno=653014
088260,"2026년 3월 26일에는 ETF 설정으로 1만7872주가 추가됐고, 2026년 3월 27일에는 대여주식상환으로 3만1993주, ETF 설정으로 17만9837주가 각각 증가했다. 세부변동내역에 따르면, 2026년 3월 25일에 대여로 인해 3만6774주가 감소했으며, 같은 날 ETF 설정으로 1만8989주가 증가했다.","이번 보고 기준일인 2026년 3월 27일에 미래에셋자산운용의 이리츠코크렙 주식 보유 비율은 16.91%로, 직전 보고일의 16.57%에서 0.34%포인트 상승했다. 세부변동내역에 따르면, 2026년 3월 25일에 대여로 인해 3만6774주가 감소했으며, 같은 날 ETF 설정으로 1만8989주가 증가했다. 2026년 3월 26일에는 ETF 설정으로 1만7872주가 추가됐고, 2026년 3월 27일에는 대여주식상환으로 3만1993주, ETF 설정으로 17만9837주가 각각 증가했다.",1,088260|이리츠코크렙,https://www.digitaltoday.co.kr/news/articleView.html?idxno=652463
088260,"이번 보고에서는 주식 수가 10만7591주 증가했고, 지분율은 0.17%포인트 상승했다. 세부변동내역에 따르면, 2026년 3월 18일부터 24일까지 주식 증가와 감소가 있었으며, ETF 설정과 대여 등의 사유로 주식 변동이 발생했다.","2026년 3월 17일 기준으로 보유한 주식 수는 1039만885주로, 지분율은 16.4%였다. 이번 보고에서는 주식 수가 10만7591주 증가했고, 지분율은 0.17%포인트 상승했다. 세부변동내역에 따르면, 2026년 3월 18일부터 24일까지 주식 증가와 감소가 있었으며, ETF 설정과 대여 등의 사유로 주식 변동이 발생했다.",1,088260|이리츠코크렙,https://www.digitaltoday.co.kr/news/articleView.html?idxno=645683
088260,"이리츠코크렙은 2018년 6월 27일 코스피에 상장된 부동산 임대 및 공급업체로, 기업 구조조정 부동산 투자사로 알려져 있다. 임원ㆍ주요주주특정증권등소유상황보고서 ※ 교환대상이 주식인 교환사채권 및 기초자산이 주식인 증권예탁증권, 파생결합증권 등에 한하여 분모에서 제외하고 소유비율을 산정","3월 4일부터 3월 10일까지의 세부변동내역에 따르면, 미래에셋자산운용은 장내매수와 ETF설정 등을 통해 주식을 추가로 매수했다. 3월 4일 장내매수로 1만주를 취득했으며, 같은 날 ETF설정을 통해 4만2487주를 추가로 매수했다. 3월 9일에는 대여주식상환으로 11만1958주를 회수했다.",1,088260|이리츠코크렙,https://www.digitaltoday.co.kr/news/articleView.html?idxno=639875
088260,"3월 4일 공시에 따르면, 미래에셋자산운용의 이리츠코크렙 주식 보유 지분율은 15.47%로, 직전 보고일의 15.06%에서 0.41%포인트 증가했다. 3월 3일에는 장내 매도로 2089주가 감소하고, 대여로 1만4364주가 감소했으나, 대여주식 상환으로 1만4364주가 증가했다.","3월 4일 공시에 따르면, 미래에셋자산운용의 이리츠코크렙 주식 보유 지분율은 15.47%로, 직전 보고일의 15.06%에서 0.41%포인트 증가했다. 세부 변동 내역을 보면, 2월 25일 ETF 설정으로 13만5157주가 증가했고, 2월 26일 장내 매도로 2088주가 감소했다. 같은 날 대여주식 상환으로 4만9986주가 증가했다.",0,088260|이리츠코크렙,https://www.digitaltoday.co.kr/news/articleView.html?idxno=636988
094480,"갤럭시아머니트리 관계자는 ""기업 간 거래(B2B) 채널을 중심으로 기프트카드 수요가 지속 확대되고 있으며, 임직원 복지 및 마케팅 프로모션 등 다양한 용도로 활용 범위도 넓어지고 있다""라며 ""향후 주요 이커머스 및 유통 채널과의 협력을 확대해 기프트카드 사업 성장을 이어가겠다""고 밝혔다. 트럼프, ""2주간 쌍방 휴전 합의"" 국회 예결위, 2026년도 추경안 논의 시작 삼성전자...매출 133조 '한국 기업사 신기원'",!AI가 자동 생성한 요약으로 정확하지 않을 수 있어요. 회사에 따르면 이날부터 출시되는 쿠팡 기프트카드는 전국 세븐일레븐 매장에서 구매할 수 있다. 오는 4월 8일부터는 쿠팡이츠 기프트카드도 동일 채널에서 판매될 예정이다.,1,094480|갤럭시아머니트리,https://www.newspim.com/news/view/20260331000857
094480,"갤럭시아머니트리 관계자는 ""기업 간 거래(B2B) 채널을 중심으로 기프트카드 수요가 지속 확대되고 있으며, 임직원 복지 및 마케팅 프로모션 등 다양한 용도로 활용 범위도 넓어지고 있다""라며 ""향후 주요 이커머스 및 유통 채널과의 협력을 확대해 기프트카드 사업 성장을 이어가겠다""고 밝혔다. ◆ 대성하이텍, AI 데이터센터 냉각부품 생산 장비 102대 수주…글로벌 밸류체인 공략 대성하이텍(대표이사 최우각 최호형)은 중국 시장에서",대성하이텍이 AI 데이터센터 시장의 핵심 과제인 냉각 기술 분야에서 대규모 장비 수주에 성공하며 글로벌 AI 인프라 밸류체인에서의 입지를 굳혔다. 의료기기 혁신 기업 딥큐어가 미국심장학회(ACC.26)에서 세계 최초의 복강경 기반 신장신경차단술 기술을 선보이며 글로벌 시장 진출에 속도를 내고 있다. 갤럭시아머니트리가 쿠팡의 첫 오프라인 실물 기프트카드 사업 파트너로 참여해 전국적인 공급에 나선다.,2,094480|갤럭시아머니트리,http://www.thevaluenews.co.kr/news/view.php?idx=197785
094480,서울경제티브이 이정민 기자 갤럭시아머니트리는 쿠팡의 첫 오프라인 실물 기프트카드 사업 파트너로 참여해 전국 세븐일레븐 매장에 기프트카드를 공급한다고 31일 밝혔다. 이번 협력은 쿠팡이 온라인 중심의 서비스...,서울경제티브이 이정민 기자 갤럭시아머니트리는 쿠팡의 첫 오프라인 실물 기프트카드 사업 파트너로 참여해 전국 세븐일레븐 매장에 기프트카드를 공급한다고 31일 밝혔다. 이번 협력은 쿠팡이 온라인 중심의 서비스...,1,094480|갤럭시아머니트리,https://www.sentv.co.kr/article/view/sentv202603310046
094480,"갤럭시아머니트리 관계자는 ""기업 간 거래(B2B) 채널을 중심으로 기프트카드 수요가 지속 확대되고 있으며, 임직원 복지 및 마케팅 프로모션 등 다양한 용도로 활용 범위도 넓어지고 있다""라며 ""향후 주요 이커머스 및 유통 채널과의 협력을 확대해 기프트카드 사업 성장을 이어가겠다""고 밝혔다. 오늘부터 출시되는 쿠팡 기프트카드는 전국 세븐일레븐 매장에서 구매할 수 있다.","오늘부터 출시되는 쿠팡 기프트카드는 전국 세븐일레븐 매장에서 구매할 수 있다. 오는 4월 8일부터는 쿠팡이츠 기프트카드도 동일 채널에서 판매될 예정이다. 갤럭시아머니트리는 구글플레이카드, 대한항공 기프트카드 등 주요 브랜드의 판매시점 활성화형 선불카드(POSA, Point of Sales Activation) 및 기프트카드를 발급·유통해 온 전문 사업자로 전국 약 5만여개 온·오프라인 인프라를 보유하고 있다.",1,094480|갤럭시아머니트리,http://www.popcornnews.net/news/articleView.html?idxno=117038
094480,"갤럭시아머니트리는 쿠팡의 첫 오프라인 실물 기프트카드 사업 파트너로 참여해 전국 세븐일레븐 매장에 기프트카드를 공급한다고 31일 밝혔다. 갤럭시아머니트리 관계자는 ""기업 간 거래(B2B) 채널을 중심으로 기프트카드 수요가 지속 확대되고 있으며, 임직원 복지, 마케팅 프로모션 등 다양한 용도로 활용 범위도 넓어지고 있다""며 ""향후 주요 이커머스 및 유통 채널과의 협력을 확대해 기프트카드 사업 성장을 이어가겠다""고 말했다.",갤럭시아머니트리는 쿠팡의 첫 오프라인 실물 기프트카드 사업 파트너로 참여해 전국 세븐일레븐 매장에 기프트카드를 공급한다고 31일 밝혔다. 회사 측에 따르면 이번 협력은 쿠팡이 온라인 중심의 서비스 구조를 넘어 오프라인 유통 채널로 확장하는 첫 사례다. 이날 출시된 쿠팡 기프트카드는 전국 세븐일레븐 매장에서 구매할 수 있다.,1,094480|갤럭시아머니트리,https://www.widedaily.com/news/articleView.html?idxno=291315
189860,"이 대표는 올해 경영 전략에 대해 “원자재값 상승으로 인한 저성장 기조가 지속되겠지만 매출채권 회수와 유동성 확보를 통한 재무 건전성 강화, 성과주의·책임경영 문화 정착, AI·데이터센터 수요 확대에 발맞춘 신시장 개척과 차별화된 제품·영업 전략으로 수익성을 반드시 회복하겠다”고 강조했다. 서전기전이 관세전쟁·환율 급등이라는 이중고 속에서도 당기순이익 흑자 전환과 투자주의환기종목 해제를 이뤄내며, AI·데이터센터 시장 공략을","서전기전이 관세전쟁·환율 급등이라는 이중고 속에서도 당기순이익 흑자 전환과 투자주의환기종목 해제를 이뤄내며, AI·데이터센터 시장 공략을 통한 수익성 회복에 본격 시동을 걸었다. 서전기전(대표 이상권)은 27일 경기도 이천 본사에서 제34기 정기주주총회를 열고 재무제표 승인, 정관 변경, 이사 보수한도 승인, 이상권 대표이사 재선임 등 5개 안건을 모두 원안대로 가결했다. 출석 의결권의 100%가 찬성하며 전 안건이 이견 없이 처리됐다.",0,189860|서전기전,https://www.electimes.com/news/articleView.html?idxno=366494
189860,"글로벌 인공지능(AI) 데이터센터 증설에 따른 전력망 교체 수요라는 강력한 호재에도 불구하고, 국내 전기장비 업종이 23일 그간 가파른 상승에 따른 피로감을 이기지 못하고 6% 넘게 급락했다. 전력 설비 담당 애널리스트는 ""변압기와 전선 섹터는 이미 향후 3~4년치 수주 물량을 확보한 상태라 실적 우려는 크지 않다""면서도 ""다만 주가가 단기간에 실적 기대치를 선반영해 급등했기 때문에 기관과 외국인의 차익 실현 물량이 지수를 끌","글로벌 인공지능(AI) 데이터센터 증설에 따른 전력망 교체 수요라는 강력한 호재에도 불구하고, 국내 전기장비 업종이 23일 그간 가파른 상승에 따른 피로감을 이기지 못하고 6% 넘게 급락했다. 전선주의 원가와 직결되는 국제 구리 가격이 하락세로 돌아서고, 미국 대선을 앞둔 에너지 정책 불확실성이 차익 실현 욕구를 자극했다. 업황의 펀더멘털은 견고하지만 시장의 눈높이가 너무 높아진 탓에 작은 변수에도 민감하게 반응하며 매물이 쏟아졌다.",1,189860|서전기전,https://www.pinpointnews.co.kr/news/articleView.html?idxno=439169
189860,특히 당기순이익은 69억3862만원으로 전년 10억8331만원 대비 크게 증가했다. 실적을 보면 매출액은 681억6757만원으로 전년 633억3566만원 대비 증가했다.,20일 오전 9시30분 기준 서전기전은 전 거래일 대비 29.92% 오른 6210원에 거래되며 상한가를 나타냈다. 주가 강세는 투자주의 환기종목에서 중견기업부로 소속부가 변경된 데 따른 투자심리 개선과 실적 개선 기대감이 반영된 것으로 풀이된다. 한국거래소 코스닥시장본부는 전날 서전기전의 소속부를 변경한다고 공시했으며 적용일은 20일이다.,2,189860|서전기전,http://www.seoulwire.com/news/articleView.html?idxno=712270
189860,"[중앙이코노미뉴스 김영진] 25일 KRX 마감 기준, 네이버페이 증권에 따르면 서전기전이 장 마감 기준 지난 종가 대비 1.20% 상승한 6,720원에 거래를 마쳤다. 수익성 지표를 살펴보면 서전기전의 PER은 3.07배로, 동일업종 PER인 59.63배와 비교할 때 현저히 낮은 수준을 나타낸다.","[중앙이코노미뉴스 김영진] 25일 KRX 마감 기준, 네이버페이 증권에 따르면 서전기전이 장 마감 기준 지난 종가 대비 1.20% 상승한 6,720원에 거래를 마쳤다. 하루 동안의 주가 변동폭은 저가 6,360원에서 고가 7,100원 사이로 740원을 기록했다. 시가는 6,670원에 형성되었으며, 장 마감 현재가는 고가와 저가의 중간 범위에서 종가를 형성했다.",1,189860|서전기전,https://www.joongangenews.com/news/articleView.html?idxno=505911
189860,"[중앙이코노미뉴스 김영진] 24일 오후 3시 6분 기준, 네이버페이 증권에 따르면 서전기전 주가는 지난 종가 7,150원 대비 9.65% 하락한 6,460원에 거래되고 있다. 동일업종 등락률이 1.61% 상승한 것과 비교하면, 서전기전은 9.65% 하락하며 대조적인 움직임을 보였다.","[중앙이코노미뉴스 김영진] 24일 오후 3시 6분 기준, 네이버페이 증권에 따르면 서전기전 주가는 지난 종가 7,150원 대비 9.65% 하락한 6,460원에 거래되고 있다. 서전기전은 7,500원에서 시가가 형성되었으며, 장중 고가는 7,580원, 저가는 6,270원을 기록했다. 현재까지의 변동폭은 1,310원이다.",1,189860|서전기전,https://www.joongangenews.com/news/articleView.html?idxno=505449
146320,"3월 23일 공시에 따르면, 김진철 이사는 비씨엔씨의 보통주 1000주를 장내에서 매도했으며, 매도 단가는 1만6500원이었다. 최근 실적에 따르면, 비씨엔씨는 2024년 12월 결산 기준으로 자산총계 1618억원, 부채총계 886억원, 자본총계 732억원을 기록했다.","3월 23일 공시에 따르면, 김진철 이사는 비씨엔씨의 보통주 1000주를 장내에서 매도했으며, 매도 단가는 1만6500원이었다. 비씨엔씨의 주가는 2026년 3월 23일 장마감 기준으로 1만5180원으로 전일 대비 1080원 하락하며 -6.64%의 변동을 보였다. 최근 실적에 따르면, 비씨엔씨는 2024년 12월 결산 기준으로 자산총계 1618억원, 부채총계 886억원, 자본총계 732억원을 기록했다.",1,146320|비씨엔씨,https://www.digitaltoday.co.kr/news/articleView.html?idxno=644369
146320,"최근 실적(2024년 12월 연결 기준)에서 자산총계는 1618억원, 부채총계는 886억원, 자본총계는 732억원이다. 같은 기간 매출액은 774억원, 영업손실은 21억원, 당기순손실은 23억원을 기록했다.","투자 목적은 반도체 소재 공장 신증축 및 설비투자다. 투자기간은 2025년 9월 24일부터 2026년 12월 31일까지로 제시됐다. 이사회 결의일은 2026년 1월 23일이며, 사외이사 2명이 참석했고 감사도 참석했다.",0,146320|비씨엔씨,https://www.digitaltoday.co.kr/news/articleView.html?idxno=642355
146320,"같은 기간 영업이익은 39억2746만6183원으로 2024년 영업손실 20억6246만9600원에서 흑자전환했다. 비씨엔씨의 2025년 연결 기준 매출액은 875억8380만4218원으로, 2024년 773억7362만8222원 대비 13.2% 증가했다.","비씨엔씨의 2025년 연결 기준 매출액은 875억8380만4218원으로, 2024년 773억7362만8222원 대비 13.2% 증가했다. 같은 기간 영업이익은 39억2746만6183원으로 2024년 영업손실 20억6246만9600원에서 흑자전환했다. 2025년 당기순이익은 11억5056만7650원으로, 2024년 당기순손실 22억6989만3948원에서 흑자전환했다.",0,146320|비씨엔씨,https://www.digitaltoday.co.kr/news/articleView.html?idxno=634179
146320,"[CBC뉴스] 비씨엔씨가 2025사업연도 연결 기준 실적에서 매출 증가와 함께 영업이익 및 당기순이익 흑자전환에 성공했다.25일 공시에 따르면 2025년 1월 1일부터 2025년 12월 31일까지 연결 기준 매출액은 87,583,804,218원으로 전년(77,373,628,222원) 대비 10,210,175,996원(13.2%) 증가했다.영업이익은 3,927,466,183원으로 전년 영업손실 2,062,469,600원에서 흑자","[CBC뉴스] 비씨엔씨가 2025사업연도 연결 기준 실적에서 매출 증가와 함께 영업이익 및 당기순이익 흑자전환에 성공했다.25일 공시에 따르면 2025년 1월 1일부터 2025년 12월 31일까지 연결 기준 매출액은 87,583,804,218원으로 전년(77,373,628,222원) 대비 10,210,175,996원(13.2%) 증가했다.영업이익은 3,927,466,183원으로 전년 영업손실 2,062,469,600원에서 흑자로 전환했다. 영업이익 증감금액은 5,989,935,783원이다.법인세비용차감전계속사업이익은 -420,599",0,146320|비씨엔씨,https://www.cbci.co.kr/news/articleView.html?idxno=557644
146320,"연결 매출액은 875억8400만원, 영업이익은 39억2700만원, 당기순이익은 11억5100만원, 주당순이익은 90원으로 기재됐고, 회계감사인의견은 별도와 연결 모두 적정으로 표시됐다. 같은 기준 매출액은 851억5900만원, 영업이익은 41억6600만원, 당기순이익은 10억1100만원이며, 주당순이익은 80원으로 적혔다.","비씨엔씨는 2026년 3월 24일 정기주주총회를 열고 제23기 재무제표 승인 안건을 가결했다. 의결권 있는 발행주식 총수 기준 찬성률은 52.5%였고, 의결권 행사 주식 수 기준 찬성률은 100%였다. 재무제표 승인과 함께 정관 일부 변경 안건도 가결됐다.",1,146320|비씨엔씨,https://www.digitaltoday.co.kr/news/articleView.html?idxno=645066
082210,"한국거래소 공시에 따르면 이번에 추가되는 주식수는 1,770,956주이며, 상장 주식의 액면가는 500원이다. 발행내역에 따르면 이번 추가상장은 제38회 차 국내사모 전환사채 전환에 따른 것으로, 발행/전환/행사가액은 1,694원이다.","한국거래소 공시에 따르면 이번에 추가되는 주식수는 1,770,956주이며, 상장 주식의 액면가는 500원이다. 추가상장 후 옵트론텍의 상장주식 총수는 34,963,330주가 되며, 배당기산일은 2026년 1월 1일로 결정됐다. 회사 측은 추가사유가 국내사모 전환사채 전환임을 밝혔다. 상장일은 2026년 4월 9일이다. 발행내역에 따르면 이번 추가상장은 제38회 차 국내사모 전환사채 전환에 따른 것으로, 발행/전환/행사가액은 1,694원이다. 기타 세부사항에 대한 별도 변경사항은 없다고 밝혔다.",0,082210|옵트론텍,https://www.topstarnews.net/news/articleView.html?idxno=16026937
082210,올해 상반기부터는 광학식 손떨림 보정(OIS) 신규 라인을 가동해 연간 최대 1500억원 규모 생산 능력을 확보했다. 북미 완성차 업체 대상으로 자율주행차(FSD)용 전장 렌즈를 월 15만개 규모로 양산 공급하고 있다.,"옵트론텍이 투자주의 환기종목에서 해제됐다고 24일 밝혔다. 옵트론텍은 매년 재무제표 감사의견을 유지해왔으나, 2024년 내부회계관리제도 감사 결과 중요한 취약점이 지적되며 투자주의 환기종목으로 지정됐다. 지난해 회계연도 감사에서 해당 취약점이 해소된 것으로 확인되면서 환기 종목 지정 사유가 소멸됐다.",1,082210|옵트론텍,https://www.thelec.kr/news/articleView.html?idxno=53966
082210,이어 올 상반기부터는 핵심 신성장 동력인 광학식 손떨림 보정(OIS) 신규 라인 가동을 본격화하며 연간 최대 1500억원 이상의 생산 능력을 확보해 모바일 부문 수익성을 극대화하고 있다. 지난 1월부터 북미 글로벌 완성차 업체를 대상으로 자율주행차(FSD)용 전장 렌즈를 월 15만개 규모로 양산 공급하며 안정적인 캐시카우를 확보했다.,옵트론텍은 내부회계관리제도 취약점이 해소되면서 환기종목 지정 사유가 소멸됐다고 24일 밝혔다. 앞서 회사는 2024년 내부회계 감사에서 중대한 미비점이 지적돼 환기종목으로 지정된 바 있다. 이후 외부 전문기관과 협업해 내부통제 체계를 정비하고 운영 안정성을 확보했다.,1,082210|옵트론텍,https://daily.hankooki.com/news/articleView.html?idxno=1351009
082210,이번 해제로 이러한 규제 부담이 걷히면서 자금 조달과 사업 확장의 자유도가 한층 높아질 것으로 기대된다. 지난 1월부터 북미 글로벌 완성차 업체를 대상으로 자율주행차(FSD)용 전장 렌즈를 월 15만개 규모로 양산 공급하며 안정적인 캐시카우를 확보했다.,"!AI가 자동 생성한 요약으로 정확하지 않을 수 있어요. 회사에 따르면 이번 해제는 취임 이후 지속적으로 투명경영을 강조해온 최상호 대표이사의 성과다. 옵트론텍의 재무제표 감사의견은 매년 적정을 유지해왔으나, 지난 2024년 내부회계관리제도 감사 결과 중요한 취약점이 지적되며 환기종목으로 지정된 바 있다.",2,082210|옵트론텍,https://www.newspim.com/news/view/20260324000817
082210,"컨슈머타임스=김지훈 기자 | 옵트론텍(082210)이 투자주의환기종목 지정에서 해제됐다고 24일 밝혔다. 옵트론텍의 재무제표 감사의견은 매년 적정을 유지해왔으나, 2024년 내부회계관리제도 감사 결과 중요한 취약점이...","컨슈머타임스=김지훈 기자 | 옵트론텍(082210)이 투자주의환기종목 지정에서 해제됐다고 24일 밝혔다. 옵트론텍의 재무제표 감사의견은 매년 적정을 유지해왔으나, 2024년 내부회계관리제도 감사 결과 중요한 취약점이...",0,082210|옵트론텍,https://www.cstimes.com/news/articleView.html?idxno=699023
090355,"국내 주식시장에서 11일 건축자재 업종이 제품 가격 인상을 통한 수익성 개선 기대감과 차세대 성장 동력 확보 소식에 힘입어 3% 넘는 강세를 나타내고 있다. 최근 주요 제품 가격을 10% 이상 인상한다는 소식과 함께, 내일부터 열리는 '인터배터리 2026'에서 선보일 이차전지 소재 솔루션에 대한 기대감이 주가를 끌어올리는 동력으로 풀이된다.",국내 주식시장에서 11일 건축자재 업종이 제품 가격 인상을 통한 수익성 개선 기대감과 차세대 성장 동력 확보 소식에 힘입어 3% 넘는 강세를 나타내고 있다. 주요 도료 업체들이 원가 부담을 반영해 제품 가격을 인상하기로 하면서 실적 턴어라운드에 대한 투자자들의 확신이 강해지는 모습이다. 가장 뜨거운 종목은 더코디다.,1,090355|노루페인트우,https://www.pinpointnews.co.kr/news/articleView.html?idxno=435738
090355,한국거래소에 따르면 아스콘(아스팔트 콘크리트) 생산 전문 기업인 SG는 우크라이나 도로 복구 사업 수혜주로 부각되며 12.98% 폭등해 3350원에 거래를 마감했다. 국내 시멘트 업계의 강자 삼표시멘트는 친환경 설비 투자와 단가 인상 효과 기대에 힘입어 1만 9650원에 장을 마쳤다.,침체에 빠졌던 건축자재 업종이 6일 해외 재건 사업 참여 기대감과 국내 주택 공급 확대 정책에 힘입어 모처럼 웃었다. 우크라이나 재건 관련 인프라 테마가 형성되면서 도로 포장 및 기초 소재 기업들을 중심으로 강한 매수세가 유입됐다. 정부가 노후 계획도시 정비사업에 속도를 내겠다는 방침을 밝히며 건자재 수요 회복 전망이 우세해진 점도 업종 지수를 떠받쳤다.,1,090355|노루페인트우,https://www.pinpointnews.co.kr/news/articleView.html?idxno=427060
090355,"여기에 원자재 가격 안정으로 수익성 개선 기대가 커지면서, 삼표시멘트를 비롯해 동양, 동양우, 성신양회, 한일시멘트, 아세아시멘트, 부산산업 등 시멘트 및 레미콘 관련 종목들이 업종 상승을 이끌고 있다. 실적 가시성이 중장기적으로는 유효하다는 평가가 많지만, 단기 수급 부담이 현재 주가를 누르고 있다는 분석이다.","건축자재 업종이 4일 장 초반부터 강하게 치고 올라가고 있다. 건축자재 지수는 현재 4% 넘게 상승하며 업종 전반에 매수세가 유입되는 모습이다. 금리 인하 기대와 함께 국내 건설 경기의 저점 통과 기대, 여기에 정부의 사회간접자본(SOC) 투자 확대 가능성이 맞물리며 자재주들이 시장의 전면으로 떠오르고 있다.",1,090355|노루페인트우,https://www.pinpointnews.co.kr/news/articleView.html?idxno=425411
090355,"3일 인공지능(AI) 인프라 관련 공공 SOC(사회간접자본) 예산 확대와 민간 주택 시장의 회복 조짐이 맞물리며 업종 지수가 6.15% 폭등했다. 지주사인 노루홀딩스가 7%대 강세를 나타냈고, 종합 건자재 기업 동양과 목재 패널 전문인 이건산업도 주택 공급 확대 기대감에 힘입어 우상향했다.",지루한 하락세를 이어오던 건축자재 업종이 오늘 거대한 반격에 나섰다. 3일 인공지능(AI) 인프라 관련 공공 SOC(사회간접자본) 예산 확대와 민간 주택 시장의 회복 조짐이 맞물리며 업종 지수가 6.15% 폭등했다. 원자재 가격 안정화로 건설 현장의 비용 부담이 줄어들면서 그간 억눌려왔던 건자재 기업들의 실적 개선 기대감이 한꺼번에 터져 나왔다.,1,090355|노루페인트우,https://www.pinpointnews.co.kr/news/articleView.html?idxno=424973
090355,성문전자우 ▲노루페인트우 ▲미원홀딩스 ▲미원화학 ▲삼양사우 ▲천일고속 ▲이화산업 ▲조흥 ▲코리아써우 ▲대덕1우 ▲JW중외제약우 ▲JW중외제약2우B ▲깨끗한나라우 ▲동부건설우 ▲CJ씨푸드1우...,성문전자우 ▲노루페인트우 ▲미원홀딩스 ▲미원화학 ▲삼양사우 ▲천일고속 ▲이화산업 ▲조흥 ▲코리아써우 ▲대덕1우 ▲JW중외제약우 ▲JW중외제약2우B ▲깨끗한나라우 ▲동부건설우 ▲CJ씨푸드1우...,1,090355|노루페인트우,https://www.moneys.co.kr/article/2025123017231686276
083420,"최근 실적(2024년 12월 개별 기준)에서 자산총계는 2048억원, 부채총계는 825억원, 자본총계는 1223억원으로 나타났다. 같은 기간 매출액은 3303억원, 영업이익은 107억원, 당기순이익은 82억원이다.","그린케미칼은 조세특례제한법 제104조의27에 따른 고배당기업에 해당한다고 밝혔다. 직전 사업연도인 2025년 배당성향은 58%이며, 2025년 이익배당금액은 55억9831만7760원으로 기재됐다. 회사 측은 2025년(제23기) 연간 배당금을 주당 240원(결산배당 160원, 분기배당 80원)으로 제시했으며, 결산배당 기준일은 2026년 3월 5일이라고 안내했다.",2,083420|그린케미칼,https://www.digitaltoday.co.kr/news/articleView.html?idxno=646191
083420,"전방 산업인 디스플레이와 배터리 시장의 회복세가 화학 소재 기업들의 실적 개선으로 이어질 것이라는 분석이 주가를 끌어올린 원동력이었다. 사업 다각화에 성공한 DL과 농약 및 비료 소재의 인바이오, 합성고무 부문의 수익성이 견조한 금호석유화학과 금호석유화학우가 상승 마감했다.",지나친 공급 과잉으로 침체를 겪던 국내 화학 업계에 훈풍이 불고 있다. 화학 테마는 7일 중국의 경기 부양책에 따른 수요 회복 기대감과 고부가가치 스페셜티 제품군을 보유한 기업들을 중심으로 매수세가 유입되며 상승 마감했다. 이차전지 소재와 연결된 화학 기업들이 테마 전체의 탄력을 주도하는 양상을 보였다.,1,083420|그린케미칼,https://www.pinpointnews.co.kr/news/articleView.html?idxno=443585
083420,"▶삼성물산, 삼성전자와 2.89조원(최근 매출액대비 6.87%) 규모 공급계약(평택캠퍼스 2단지 조성 공사 및 P5 FAB 건축 공사) 체결(계약기간:2022-12-06~2027-07-31) ▶롯데렌탈, 2026년 사업연도 연결 기준 매출액 3.09조원, 영업이익 3,620억원, 순이익 1,400억원 전망 ▶M83, THE SEVEN, Inc.와 104.88억원(최근 매출액대비 18.03%) 규모 공급계약(VFX 제작 용역 계","▶삼성물산, 삼성전자와 2.89조원(최근 매출액대비 6.87%) 규모 공급계약(평택캠퍼스 2단지 조성 공사 및 P5 FAB 건축 공사) 체결(계약기간:2022-12-06~2027-07-31) ▶롯데렌탈, 2026년 사업연도 연결 기준 매출액 3.09조원, 영업이익 3,620억원, 순이익 1,400억원 전망 ▶M83, THE SEVEN, Inc.와 104.88억원(최근 매출액대비 18.03%) 규모 공급계약(VFX 제작 용역 계약) 체결(계약기간:2026-03-01~2027-12-31) ▶메리츠금융지주, 2,000억원 규모 자사주 취득 신탁계약 해지 결정(해지예정일:2",1,083420|그린케미칼,https://www.catchnews.kr/news/articleView.html?idxno=122076
464500,"[데이터넷] ﻿혼성신호 반도체 팹리스 전문기업 아이언디바이스(대표 박기태)는 2025년 101억원의 매출을 달성했다고 밝혔다. 이는 2024년 매출 84억원 대비 21% 증가한 수치로, 스마트폰 외 신규 디바이스로 응용처를 다변화한 것이 주효했다.특히 지난해 4분기 글로벌 주요 고객사의 차기 태블릿 모델에 스마트파워앰프를 최초 공급하며, 해당 분기에만 50.6억 원의 매출을 달성했다.","[데이터넷] ﻿혼성신호 반도체 팹리스 전문기업 아이언디바이스(대표 박기태)는 2025년 101억원의 매출을 달성했다고 밝혔다. 이는 2024년 매출 84억원 대비 21% 증가한 수치로, 스마트폰 외 신규 디바이스로 응용처를 다변화한 것이 주효했다.특히 지난해 4분기 글로벌 주요 고객사의 차기 태블릿 모델에 스마트파워앰프를 최초 공급하며, 해당 분기에만 50.6억 원의 매출을 달성했다. 이는 분기 기준 최대 매출로, 글로벌 오디오 앰프 IC 시장 내 점유율 확대를 위한 교두보를 확보했다.올해는 주요 고객사향 신규 스마트폰 및 태블릿",2,464500|아이언디바이스,https://www.datanet.co.kr/news/articleView.html?idxno=210241
464500,"특히 지난해 4분기 글로벌 주요 고객사의 차기 태블릿 모델에 스마트파워앰프를 최초 공급하며, 해당 분기에만 50억6000만원 매출을 달성했다. 아이언디바이스 지난해 연간 매출액은 101억원으로 집계됐다.",!AI가 자동 생성한 요약으로 정확하지 않을 수 있어요. 아이언디바이스 지난해 연간 매출액은 101억원으로 집계됐다. 이는 전년대비 21.0% 증가한 수치다.,1,464500|아이언디바이스,https://www.newspim.com/news/view/20260319000714
464500,아이언디바이스(대표이사 박기태)가 19일 사업보고서 공시를 통해 2025년 실적을 발표했다. 아이언디바이스의 2025년 연간 매출액은 101억 원으로 집계됐다. 이는 2024년 매출액 84억 원 대비 21.0% 증가한 수치다....,아이언디바이스(대표이사 박기태)가 19일 사업보고서 공시를 통해 2025년 실적을 발표했다. 아이언디바이스의 2025년 연간 매출액은 101억 원으로 집계됐다. 이는 2024년 매출액 84억 원 대비 21.0% 증가한 수치다....,1,464500|아이언디바이스,http://www.newstown.co.kr/news/articleView.html?idxno=697556
464500,"등록 2026.03.19 11:02:16 꽃신에 감동받은 메릴 스트립-앤 헤서웨이 AMRO, 올해 한국 경제성장률 1.9% 전망 '구준엽 처제' 서희제, 방송 복귀서 오열·욕설 ""샤워 매번 같이""…김지영, 파격 '신혼 루틴' 고백 '방한' 트럼프 측근 ""올가을 북미 정상회담 가능성 높다"" 정부, 새만금 2호 투자진흥지구 지정…현대차 9조 투자 뒷받침 美민주, 트럼프 탄핵소추안 발의…'직무정지' 요구도 ""당연히 올 거라고 생각""","등록 2026.03.19 11:02:16 꽃신에 감동받은 메릴 스트립-앤 헤서웨이 AMRO, 올해 한국 경제성장률 1.9% 전망 '구준엽 처제' 서희제, 방송 복귀서 오열·욕설 ""샤워 매번 같이""…김지영, 파격 '신혼 루틴' 고백 '방한' 트럼프 측근 ""올가을 북미 정상회담 가능성 높다"" 정부, 새만금 2호 투자진흥지구 지정…현대차 9조 투자 뒷받침 美민주, 트럼프 탄핵소추안 발의…'직무정지' 요구도 ""당연히 올 거라고 생각"" 정선희, 안재환 실종 신고 지연 이유 故김창민 감독 가해자 ""죽을 죄 지었다…거듭 사죄드린다"" 이란 ""美, 이란 요구 10개항 전부 수용…호르",1,464500|아이언디바이스,https://www.newsis.com/view/NISX20260319_0003555043
464500,"지난해 4분기 글로벌 주요 고객사의 차기 태블릿 모델에 스마트파워앰프를 최초 공급하며, 해당 분기에만 50억6000원의 매출을 달성했다고 밝혔다. 아이언디바이스 이영택 이사는 “응용처 확대를 통해 연 매출 100억원 돌파라는 의미 있는 성과를 거두었다”라며 “현재 피지컬 AI 구현을 위한 차세대 솔루션 개발에 박차를 가하고 있는 만큼, 신규 글로벌 고객사 확보와 제품 포트폴리오 다변화를 통한 가파른 성장세가 지속될 것”이라고","지난해 4분기 글로벌 주요 고객사의 차기 태블릿 모델에 스마트파워앰프를 최초 공급하며, 해당 분기에만 50억6000원의 매출을 달성했다고 밝혔다. 이는 분기 기준 최대 매출로, 글로벌 오디오 앰프 IC 시장 내 점유율 확대를 위한 교두보를 확보했다고 자평했다. 올해는 주요 고객사향 신규 스마트폰 및 태블릿 모델에 대한 공급 물량이 확대됨에 따라 견조한 매출 성장이 예상된다고 회사 측은 밝혔ㄷ.",2,464500|아이언디바이스,https://daily.hankooki.com/news/articleView.html?idxno=1348996
072470,"선임 이후 이사 총수는 4명, 사외이사는 1명으로 사외이사 선임 비율은 25%이며, 상근감사는 1명이다. 안건별로는 이사 보수한도 승인(대표이사 보수한도 30억원, 대표이사 외 보수한도 20억원)과 감사 보수한도 승인 안건이 모두 가결됐다.","이번 주주총회에서는 김명준 사내이사 중임 안건이 가결됐다. 선임 이후 이사 총수는 4명, 사외이사는 1명으로 사외이사 선임 비율은 25%이며, 상근감사는 1명이다. 안건별로는 이사 보수한도 승인(대표이사 보수한도 30억원, 대표이사 외 보수한도 20억원)과 감사 보수한도 승인 안건이 모두 가결됐다.",1,072470|우리산업홀딩스,https://www.digitaltoday.co.kr/news/articleView.html?idxno=648809
072470,"최근 실적(2024년 12월 연결 기준)에서 자산총계는 4890억원, 부채총계는 2908억원, 자본총계는 1982억원이었다. 매출액은 6453억원, 영업이익은 150억원, 당기순이익은 13억원을 기록했다.","배당기준일은 2025년 12월 31일이며, 배당금 총액은 11억3302만3740원으로 제시됐다. 이번 배당은 주주총회 승인을 거쳐 확정된다. 승인기관은 주주총회로, 주주총회 예정일자는 2026년 3월 27일이다.",1,072470|우리산업홀딩스,https://www.digitaltoday.co.kr/news/articleView.html?idxno=640228
072470,"■ 오이솔루션 (138080) 제1회차 71.6억원 규모 사채 취득 사채 취득금액 : 7,403,930,393원 (권면총액 : 7,161,340,000원) 취득후 사채 잔액 : 3,338,660,000원 취득사유 : 발행회사의 매도청구권(Call Option) 행사에 따른 만기전 사채취득 처리방법 : 향후 이사회에서 소각 또는 재매각 등 처리방법을 결정할 예정 [공시관계분석] 콜옵션 행사로 발행 원금 대비 68.2%를 조기 상","■ 오이솔루션 (138080) 제1회차 71.6억원 규모 사채 취득 사채 취득금액 : 7,403,930,393원 (권면총액 : 7,161,340,000원) 취득후 사채 잔액 : 3,338,660,000원 취득사유 : 발행회사의 매도청구권(Call Option) 행사에 따른 만기전 사채취득 처리방법 : 향후 이사회에서 소각 또는 재매각 등 처리방법을 결정할 예정 [공시관계분석] 콜옵션 행사로 발행 원금 대비 68.2%를 조기 상환하였으며, 잔여 미전환 사채는 31.8% 수준임 ■ 자람테크놀로지 (389020) 제1회차 107,174주 전환권 행사 전환청구권 행사주식수",1,072470|우리산업홀딩스,https://www.kdpress.co.kr/news/articleView.html?idxno=203298
072470,"우리산업홀딩스는 2025년 매출액 7123억202만3052원, 영업이익 356억5617만8952원, 당기순이익 178억7207만8500원을 기록했다. 직전사업연도에는 매출액 6452억5910만2794원, 영업이익 150억2593만892원, 당기순이익 13억2833만3380원이었다.","우리산업홀딩스는 2025년 매출액 7123억202만3052원, 영업이익 356억5617만8952원, 당기순이익 178억7207만8500원을 기록했다. 직전사업연도에는 매출액 6452억5910만2794원, 영업이익 150억2593만892원, 당기순이익 13억2833만3380원이었다. 증감률 기준으로는 당기순이익이 1245.45% 증가했고, 영업이익은 137.3%, 매출액은 10.3% 늘었다.",1,072470|우리산업홀딩스,https://www.digitaltoday.co.kr/news/articleView.html?idxno=630940
057050,"냉동채소 및 과일 전문 기업 웰팜이 지난 4일 현대홈쇼핑 ‘왕톡’(왕영은의 톡투게더) 프로그램을 통해 선보인 '유러피안 시그니처 베지믹스'가 준비 수량인 1만 6,420세트의 판매 실적을 기록했다고 밝혔다. 웰팜 관계자는 “해당 제품이 런칭 방송임에도 불구하고 준비된 1만 6,420세트가 조기에 전량 소진되며 시장의 관심을 확인했다”며 “이를 기점으로 프리미엄 냉동채소 분야에서 입지를 확대할 계획이다”라고 설명했다.","냉동채소 및 과일 전문 기업 웰팜이 지난 4일 현대홈쇼핑 ‘왕톡’(왕영은의 톡투게더) 프로그램을 통해 선보인 '유러피안 시그니처 베지믹스'가 준비 수량인 1만 6,420세트의 판매 실적을 기록했다고 밝혔다. 업체 측은 이번 성과에 대해 건강 식단에 대한 수요는 높으나 채소 손질과 보관에 부담을 느끼는 소비자들의 필요를 반영한 결과라고 분석했다. 해당 제품은 벨기에와 스페인 등 산지에서 수확한 6종의 채소와 콩류로 구성됐다.",1,057050|현대홈쇼핑,http://www.sisunnews.co.kr/news/articleView.html?idxno=236582
057050,"현대백화점그룹의 지주사인 현대지에프홀딩스는 이번 달 20일 오전 10시 현대홈쇼핑의 완전자회사 편입을 위한 주총을 소집한다고 3일 공시했다. 현대지에프홀딩스는 ""현대홈쇼핑의 100% 자회사 편입 이후 비상장사 전환을 통해 중복상장에 따른 구조적 디스카운트를 선제적으로 해소, 그룹 차원의 선진 지배구조 구축과 기업가치 제고가 가능할 것""이라고 설명했다.",현대백화점그룹의 지주사인 현대지에프홀딩스는 이번 달 20일 오전 10시 현대홈쇼핑의 완전자회사 편입을 위한 주총을 소집한다고 3일 공시했다. 주총 안건은 현대홈쇼핑과의 포괄적 주식교환 승인의 건이다. 안건이 가결되면 현대홈쇼핑은 현대지에프홀딩스의 100% 자회사로 전환된다.,1,057050|현대홈쇼핑,https://www.bloter.net/news/articleView.html?idxno=658561
057050,전체 거래액이 감소하는 상황에서도 송출수수료는 지난 10년간 70% 넘게 오르며 비용 부담이 빠르게 커지고 있다. 이에 힘입어 패션 상품 주문액은 같은 기간 전년 동기 대비 15% 이상 증가했다.,"GS샵‧롯데홈쇼핑‧현대홈쇼핑 등 홈쇼핑업계는 외부 브랜드 의존도를 낮추고, PB 비중을 확대하며 마진 확보에 집중하고 있다. 패션 카테고리는 기획부터 생산, 판매까지 내재화가 가능해 수익성을 끌어올릴 수 있는 핵심 영역으로 꼽힌다. ◆‘단독 패션 PB 브랜드’로 수익성 강화 PB를 ‘브랜드’로 키우려는 전략도 뚜렷해지고 있다.",0,057050|현대홈쇼핑,http://www.hansbiz.co.kr/news/articleView.html?idxno=831130
057050,"△ 재정경제부, 국무회의 겸 비상경제점검회의 (10시,, 청와대) △ 기획처, 제7차 재정집행 점검회의 (13시15분) △ 금융위, 현대차그룹-정책금융기관 금융협력 업무협약 (13시20분, 산업은행 본관 1층 IR 센터) △ 관세청장, 1분기 마약류 적발 브리핑 (16시, 정부대전청사) △ 산업부, 의약품 수출기업 긴급 간담회 (08시, 달개비) △ 국토부, 전세사기피해지원위원회 제94회 전체회의 결과 △ 공공주택특별법 시행령","△ 재정경제부, 국무회의 겸 비상경제점검회의 (10시,, 청와대) △ 기획처, 제7차 재정집행 점검회의 (13시15분) △ 금융위, 현대차그룹-정책금융기관 금융협력 업무협약 (13시20분, 산업은행 본관 1층 IR 센터) △ 관세청장, 1분기 마약류 적발 브리핑 (16시, 정부대전청사) △ 산업부, 의약품 수출기업 긴급 간담회 (08시, 달개비) △ 국토부, 전세사기피해지원위원회 제94회 전체회의 결과 △ 공공주택특별법 시행령 개정안 국무회의 의결 △ 중기부, 25년 1인 창조기업 실태조사 결과 발표 (12시) △ 농식품부, 주간 수급상황 점검회의 개최 △ 식약처,",1,057050|현대홈쇼핑,http://www.popcornnews.net/news/articleView.html?idxno=117414
057050,"지비엠에스는 지난 2일, 고창군청에서 심덕섭 고창군수와 관계자들이 참석한 가운데 ‘고창 복분자 원물 공급 및 상생 발전을 위한 업무협약'을 체결했다. 고창군은 전 지역이 유네스코 생물권 보전지역으로 지정된 청정 지역으로, 이곳에서 생산되는 복분자는 안토시아닌, 폴리페놀, 비타민 등 풍부한 유효 성분을 지닌 것으로 알려져 있다.","지비엠에스는 지난 2일, 고창군청에서 심덕섭 고창군수와 관계자들이 참석한 가운데 ‘고창 복분자 원물 공급 및 상생 발전을 위한 업무협약'을 체결했다. 이번 협약은 고품질 원물 확보와 제품 개발을 통해 지역 경제 활성화를 도모하는 것이 목표다. 고창군은 전 지역이 유네스코 생물권 보전지역으로 지정된 청정 지역으로, 이곳에서 생산되는 복분자는 안토시아닌, 폴리페놀, 비타민 등 풍부한 유효 성분을 지닌 것으로 알려져 있다.",1,057050|현대홈쇼핑,https://www.gokorea.kr/news/articleView.html?idxno=862497
008290,"감사 반재호 선임 안건도 가결됐으며, 해당 안건은 3% 초과보유 주식에 대한 의결권 제한이 적용됐다고 공시 항목에 기재됐다. 원풍물산은 2026년 3월 31일 정기주주총회를 열고 제53기 재무제표 승인 안건을 가결했다.","원풍물산은 2026년 3월 31일 정기주주총회를 열고 제53기 재무제표 승인 안건을 가결했다. 이와 함께 주식 병합 안건과 정관 일부 변경 안건도 특별결의로 통과됐다. 임원 선임과 관련해서는 사내이사 이두식, 사내이사 홍민영, 사외이사 김영모 선임 안건이 모두 가결됐다.",1,008290|원풍물산,https://www.digitaltoday.co.kr/news/articleView.html?idxno=651169
008290,"주식병합으로 발생하는 1주 미만의 단수주는 신주 상장 초일 종가를 기준으로 산정해 현금으로 지급할 예정이며, 이에 따라 병합 후 발행주식총수는 변경될 수 있다고 덧붙였다. 최근 실적(2024년 12월 개별 기준)에서 자산총계는 523억원, 부채총계는 333억원, 자본총계는 191억원으로 집계됐다.","주식병합에 따라 1주당 액면가는 병합 전 500원에서 병합 후 1000원으로 변경된다. 보통주 발행주식총수는 병합 전 4069만3679주에서 병합 후 2034만6839주로 조정된다. 일정상 주주총회예정일은 2026년 3월 31일이며, 신주의 효력발생일은 2026년 4월 22일이다.",1,008290|원풍물산,https://www.digitaltoday.co.kr/news/articleView.html?idxno=639914
008290,한국거래소에 따르면 원풍물산(008290)이 소수계좌 거래집중 종목으로 지정돼 2026년 2월 20일 단일 투자주의종목으로 지정된다고 밝혔다. 이번 조치는 최근 3일간 원풍물산의 상위 10개 계좌의 매도 관여율이 44.79%로...,한국거래소에 따르면 원풍물산(008290)이 소수계좌 거래집중 종목으로 지정돼 2026년 2월 20일 단일 투자주의종목으로 지정된다고 밝혔다. 이번 조치는 최근 3일간 원풍물산의 상위 10개 계좌의 매도 관여율이 44.79%로...,0,008290|원풍물산,https://www.topstarnews.net/news/articleView.html?idxno=15977214
008290,"원풍물산의 고민이 깊어지고 있다. 규제권 진입이 눈앞인 상황에서 마땅한 돌파구를 찾지 못하고 있다. 특히 전 회장 지분의 상속 문제를 해결하지 못한 것이 걸림돌로 작용하고 있다. ◇주가 액면가 하회, 하반기...","원풍물산의 고민이 깊어지고 있다. 규제권 진입이 눈앞인 상황에서 마땅한 돌파구를 찾지 못하고 있다. 특히 전 회장 지분의 상속 문제를 해결하지 못한 것이 걸림돌로 작용하고 있다. ◇주가 액면가 하회, 하반기...",1,008290|원풍물산,https://www.thebell.co.kr/free/content/ArticleView.asp?key=202602250045227710105048
008290,"등록 2026.02.11 15:24:38 꽃신에 감동받은 메릴 스트립-앤 헤서웨이 AMRO, 올해 한국 경제성장률 1.9% 전망 '구준엽 처제' 서희제, 방송 복귀서 오열·욕설 ""샤워 매번 같이""…김지영, 파격 '신혼 루틴' 고백 '방한' 트럼프 측근 ""올가을 북미 정상회담 가능성 높다"" 정부, 새만금 2호 투자진흥지구 지정…현대차 9조 투자 뒷받침 美민주, 트럼프 탄핵소추안 발의…'직무정지' 요구도 ""당연히 올 거라고 생각""","등록 2026.02.11 15:24:38 꽃신에 감동받은 메릴 스트립-앤 헤서웨이 AMRO, 올해 한국 경제성장률 1.9% 전망 '구준엽 처제' 서희제, 방송 복귀서 오열·욕설 ""샤워 매번 같이""…김지영, 파격 '신혼 루틴' 고백 '방한' 트럼프 측근 ""올가을 북미 정상회담 가능성 높다"" 정부, 새만금 2호 투자진흥지구 지정…현대차 9조 투자 뒷받침 美민주, 트럼프 탄핵소추안 발의…'직무정지' 요구도 ""당연히 올 거라고 생각"" 정선희, 안재환 실종 신고 지연 이유 故김창민 감독 가해자 ""죽을 죄 지었다…거듭 사죄드린다"" 이란 ""美, 이란 요구 10개항 전부 수용…호르",1,008290|원풍물산,https://www.newsis.com/view/NISX20260211_0003511811
078890,"증권가는 LG전자가 단순 가전 기업을 넘어 AI 홈 솔루션과 전장 부품 핵심 공급사로 체질 개선에 성공했다고 평가했다. 휴맥스홀딩스는 2.25% 오른 1498원에 거래 중이며, TJ미디어 역시 노래방 기기 수요 회복 기대감 속에 1.94% 상승한 ,940원을 나타냈다.",전자제품 업종이 8일 전장(자동차 전기·전자 장비) 사업의 가파른 성장세와 인공지능(AI) 가전 시장 확대라는 겹경사를 맞으며 동반 상승 마감했다. 특히 대장주인 LG전자가 전장 부문의 이익 기여도 확대 전망에 힘입어 지수 상승을 견인하는 모습이다. 한국거래소에 따르면 LG전자는 이날 오전 9시2분 개장초 전일 대비 8.03% 오른 11만 5700원에 거래 중이다.,1,078890|가온그룹,https://www.pinpointnews.co.kr/news/articleView.html?idxno=443713
078890,"한국의 지능형 로봇과 AI 시장은 빠른 성장을 보이며, 2025년 AI 시장 규모가 3조 4,385억 원에 달할 전망이다. 로봇 산업은 2023년 총 매출 5조 9,805억 원을 기록하며 제조용 로봇(2조 9,903억 원)이 주도하나, 서비스용 로봇(1조 456억 원)이 6.4% 성장하며 새로운 동력으로 부상했다.","7일 한국거래소에 따르면 모아데이타, 네패스, 네오펙트, 와이즈넛은 상승했다. 모아데이타와 네패스는 전 거래일 대비 각각 270원, 2750원 오른 1171원과 2만1950원에 거래를 마쳤다. 모아데이타와 네패스의 주가 상승률은 각각 29.97%, 14.32% 다.",1,078890|가온그룹,http://www.finomy.com/news/articleView.html?idxno=252809
078890,지능형로봇 인공지능(AI) 테마는 7일 이상 탐지 시스템과 차세대 연산 반도체 기술을 보유한 기업들을 중심으로 강력한 매수세가 유입되는 중이다. 한국거래소에 따르면 인공지능 기술을 활용해 시스템 장애를 예측하는 모아데이타는 이날 오후 1시34분 현재 29.97% 상승한 1171원에 거래 중이며 상한가에 안착했다.,인공지능(AI)이 단순한 명령 수행을 넘어 스스로 상황을 판단하고 학습하는 지능형 로봇 시대가 열리면서 관련 시장이 들썩이고 있다. 지능형로봇 인공지능(AI) 테마는 7일 이상 탐지 시스템과 차세대 연산 반도체 기술을 보유한 기업들을 중심으로 강력한 매수세가 유입되는 중이다. 가장 압도적인 탄력을 보이는 종목은 AI 기반 이상 탐지 전문 기업이다.,1,078890|가온그룹,https://www.pinpointnews.co.kr/news/articleView.html?idxno=443500
078890,"B2B 매출 비중 확대가 이익의 변동성을 낮추며 주가 우상향을 뒷받침하고 있다. 이어 ""전장 사업의 구조적 성장과 함께 AI 가전의 교체 주기가 도래함에 따라 관련 부품 및 완제품 기업들의 실적 우상향 기조가 지속될 전망이다""라고 덧붙였다.","글로벌 경기 회복세와 더불어 인공지능(AI)을 접목한 프리미엄 가전 수요가 늘어나면서 국내 전자제품 업종이 1일 강력한 상승 흐름을 나타내고 있다. 기존 가전 판매 방식에서 벗어나 구독 서비스라는 새로운 비즈니스 모델이 실적을 견인하고 있으며, 전장(자동차 전기·전자 장치) 부품 사업의 수익성이 본궤도에 오르면서 업종 전반의 밸류에이션이 재평가받는 양상이다. 가장 독보적인 상승세를 보이는 종목은 LG전자다.",1,078890|가온그룹,https://www.pinpointnews.co.kr/news/articleView.html?idxno=441805
078890,"IT 및 헬스케어 분야에서는 토모큐브, 에스엠코어, 가온그룹이 참가한다. 특히 이번 행사는 코스닥 성장의 중심에 있는 기업들을 직접 만나볼 수 있는 기회를 제공하는 한편, 키움증권 리서치센터가 처음으로 개인...","IT 및 헬스케어 분야에서는 토모큐브, 에스엠코어, 가온그룹이 참가한다. 특히 이번 행사는 코스닥 성장의 중심에 있는 기업들을 직접 만나볼 수 있는 기회를 제공하는 한편, 키움증권 리서치센터가 처음으로 개인...",1,078890|가온그룹,http://www.thebigdata.co.kr/view.php?ud=20260331081632996fdcde0ec8c_23
448710,"한국거래소 공시에 따르면 이번 계약의 최근 매출액 대비 비율은 11.43%이고, 최근 매출액은 68,114,262,512원으로 집계됐다. 계약 상대방인 엘아이지디펜스앤에어로스페이스(주)는 방산물자의 연구개발, 제조, 정비 및 판매사업을 주요 사업으로 영위하고 있으며, 최근 매출액은 4,306,936,127,418원으로 나타났다.","한국거래소 공시에 따르면 이번 계약의 최근 매출액 대비 비율은 11.43%이고, 최근 매출액은 68,114,262,512원으로 집계됐다. 계약 상대방인 엘아이지디펜스앤에어로스페이스(주)는 방산물자의 연구개발, 제조, 정비 및 판매사업을 주요 사업으로 영위하고 있으며, 최근 매출액은 4,306,936,127,418원으로 나타났다. 코츠테크놀로지와는 최근 3년간 동종계약 이행내역이 있다.",1,448710|코츠테크놀로지,https://www.topstarnews.net/news/articleView.html?idxno=16028863
448710,iM증권은 최근 보고서에서 코츠테크놀로지가 K2 전차와 천궁-Ⅱ 등 주요 무기체계에 탑재되는 장비 공급을 통해 향후 매출 성장이 본격화될 것으로 전망했다. 실제로 지난해 3분기 누적 기준 매출 비중을 보면 싱글보드컴퓨터가 30.8%로 가장 큰 비중을 차지했다.,방산 전자장비 기업 코츠테크놀로지가 국내 방위산업 확대 흐름 속에서 실적 성장 기대감을 높이고 있다. iM증권은 최근 보고서에서 코츠테크놀로지가 K2 전차와 천궁-Ⅱ 등 주요 무기체계에 탑재되는 장비 공급을 통해 향후 매출 성장이 본격화될 것으로 전망했다. 목표주가와 투자의견은 제시하지 않았다.,1,448710|코츠테크놀로지,https://www.pinpointnews.co.kr/news/articleView.html?idxno=435977
448710,"한화시스템의 시가총액은 8조5580억원 증가해 30조192억원이 됐다. K-2 전차와 천궁Ⅱ에 들어가는 컴퓨터를 납품해 왔고, 주요 고객사는 LIG넥스원과 현대로템, 한화시스템 등이 거론됐다.","중동 사태 이후 국내 방산주 강세가 부품 기업까지 확산하고 있다. 한화가 시가총액 상위권 판도를 바꿀 정도로 급부상하자, 시장의 시선은 완성 무기체계 업체를 넘어 전자장비와 레이더 부품, 신호처리 장치를 만드는 기업으로 옮겨갔다. 대형주에서 시작된 매기가 방산 공급망 전반으로 퍼지는 셈이다.",1,448710|코츠테크놀로지,http://www.newsworker.co.kr/news/articleView.html?idxno=416712
448710,"최근 코츠테크놀로지의 성장을 견인하는 핵심 동력은 현대로템의 K2 전차와 LIG넥스원의 천궁-II 수출이다. 이상헌 iM증권 연구원은 “수주잔고를 기반으로 올해 매출성장이 본격화 될 것으로 예상된다""며 “방산업체의 수출증가 등으로 신규수주 역시 증가하면서 매출성장의 지속성이 높아질 것""이라고 전망했다.",코츠테크놀로지는 무기체계의 연산과 제어를 담당하는 싱글보드컴퓨터(SBC)와 군용 전시기 등을 주력으로 생산한다. 현대로템과 LIG넥스원 등 국내 주요 방산 대기업의 핵심 파트너로서 글로벌 시장 점유율 확대에 속도를 내고 있다. 9일 iM증권 리포트에 따르면 코츠테크놀로지의 지난해 3분기 누적 기준 매출 비중은 싱글보드컴퓨터가 30.8%로 가장 높으며 무기체계 탑재용 컴퓨터(25.2%)와 군용 전시기(23.4%)가 뒤를 잇는다.,2,448710|코츠테크놀로지,https://www.fetv.co.kr/news/article.html?no=214576
241590,적용된 평가는 2026~2027년 평균 예상 주당순이익(EPS)에 주가수익비율(P/E) 8배를 적용한 수준이다. 2025년 2분기 이후 관세 영향이 본격화되며 수익성이 크게 흔들렸다.,"화승엔터프라이즈의 실적 부진이 예상보다 길어지고 있다. 글로벌 스포츠 브랜드 고객사들의 보수적인 재고 운영이 이어지면서 단기 실적 개선에 대한 기대감은 낮아진 상황이다. 대신증권은 최근 보고서에서, 화승엔터프라이즈에 대해 투자의견 매수를 유지하면서도 목표주가를 기존 대비 12% 낮춘 8000원으로 제시했다.",0,241590|화승엔터프라이즈,https://www.pinpointnews.co.kr/news/articleView.html?idxno=416103
241590,"세부 변동 내역에 따르면, 변동일은 2025년 11월 30일이며, 전환사채권의 소유 주식 수는 변동 전 125만2495주에서 135만2383주로 9만9888주 증가했다. 직전 보고 기준일인 2025년 4월 30일에는 특정증권등의 수가 4267만6780주였으나, 이번 보고 기준일인 2025년 12월 1일에는 4277만6668주로 증가했다.","직전 보고 기준일인 2025년 4월 30일에는 특정증권등의 수가 4267만6780주였으나, 이번 보고 기준일인 2025년 12월 1일에는 4277만6668주로 증가했다. 이에 따라 특정증권등의 비율은 69.01%에서 69.06%로 0.05%포인트 상승했다. 세부 변동 내역에 따르면, 변동일은 2025년 11월 30일이며, 전환사채권의 소유 주식 수는 변동 전 125만2495주에서 135만2383주로 9만9888주 증가했다.",1,241590|화승엔터프라이즈,https://www.digitaltoday.co.kr/news/articleView.html?idxno=609114
241590,"다만 DS투자증권은 2026년에는 월드컵 특수와 신제품 사이클이 맞물리며 급격한 실적 개선이 가능할 것으로 내다봤다. DS투자증권은 2026년 화승엔터프라이즈의 매출을 1조7400억원(+10.5% 전년비), 영업이익을 884억원(+227.3% 전년비, 영업이익률 5.1%)으로 전망했다.","화승엔터프라이즈는 올해 2분기 관세 이슈로 인한 매출 이연과 3분기 오더 축소로 매출 3558억원(-8% 전년비), 영업이익 1억원(-99% 전년비)에 그치며 어닝 쇼크를 기록했다. 이는 주요 고객사인 아디다스의 보수적 재고 정책 영향이 컸다는 분석이다. 다만 DS투자증권은 2026년에는 월드컵 특수와 신제품 사이클이 맞물리며 급격한 실적 개선이 가능할 것으로 내다봤다.",1,241590|화승엔터프라이즈,https://www.newspim.com/news/view/20251127000263
241590,"김수현·강태호 DS증권 연구원은 ""4분기도 고객사 수주 감소에 따른 가동률 하락과 고정비 부담은 지속될 것""이라며 ""다만 북중미 월드컵에 따른 고객사 재고 확충 시점을 감안하면 내년 2분기부터 회복이 기대된다""고 말했다. DS증권은 화승엔터프라이즈에 대해 고객사 수주감소로 가동률 하락과 고정비 부담이 지속될 것으로 전망된다고 27일 밝혔다.",DS증권은 화승엔터프라이즈에 대해 고객사 수주감소로 가동률 하락과 고정비 부담이 지속될 것으로 전망된다고 27일 밝혔다. DS증권은 화승엔터프라이즈의 목표주가를 기존 1만4000원에서 7000원으로 2분의 1 수준까지 하락했다. 전일 장 마감 기준 화승엔터프라이즈 주가는 4905원으로 목표가까지는 42.7% 상승여력이 있다.,2,241590|화승엔터프라이즈,https://www.mt.co.kr/stock/2025/11/27/2025112708264114773
241590,"또한 ""2분기부터는 북중미 월드컵을 대비한 재고 확충을 시작할 것으로 예상돼 이에 따른 오더 물량 역시 점진적인 증가세로 전환될 전망""이라며 ""고단가 제품 중심으로의 수주 비중 확대는 2026년 오더가 정상화될 경우 ASP 상승과 함께 이익 레버리지 효과를 극대화할 수 있는 구조적 장점""이라고 강조했다. 김수현 DS투자증권 연구원은 ""2026년 북중미 월드컵을 앞둔 아디다스 측의 보수적 재고 정책에 따라 2025년 하반기 실적","김수현 DS투자증권 연구원은 ""2026년 북중미 월드컵을 앞둔 아디다스 측의 보수적 재고 정책에 따라 2025년 하반기 실적 가시성은 대폭 낮아진 상황""이라고 평가했다. 올해 2분기 관세 이슈에 따른 매출 이연과 3분기 고객사 오더 축소 여파로, 화승엔터프라이즈는 3분기 매출 3558억원(전년 대비 -8%), 영업이익 1억원(전년 대비 -99%)으로 어닝 쇼크를 기록했다. 김 연구원은 ""4분기도 고객사 수주 감소에 따른 가동률 하락과 고정비 부담은 지속될 것""이라고 전망했다.",2,241590|화승엔터프라이즈,https://view.asiae.co.kr/article/2025112707491570003
092040,"지난해 아미코젠 배지 매출은 약 3억7000만원, 자회사 퓨리오젠에서 레진 매출은 약 2억5000만원으로 합산 매출은 6억원이라고 회사 측은 설명했다. 남은 차입금 중 금융권 부채는 556억원으로 그중 400억원대는 인천 송도 배지공장을 담보로 한 산업은행 차입금이다.","31일 아미코젠 주총·간담회 개최…주주 50여명 참석 주주들, 배지·레진 매출 지연과 자회사 상장 추진에 우려 제기 회사 “향후 유증 없도록 노력하겠다” 핵심 자회사 내년 상장 추진…“기존 주주 피해 우려” 코스닥 상장사 아미코젠이 주주 간담회에서 4월 중 전략적 투자자(SI) 유치를 위한 우선협상 단계로 넘어가는 것을 목표로 한다고 밝혔다. 회사는 유력 후보 두 곳과 투자 유치를 논의 중이라고 했다. 회사의 신사업 부문인 배지는 국내 유력 제약사에 신규 공급을 시작했다고 밝혔다.",1,092040|아미코젠,https://www.ekn.kr/web/view.php?key=20260401026102923
092040,2026.03.23 | 05:10:00 주주 행동주의는 양날의 검이다. 오는 26일 슈퍼 주총데이를 앞두고 행동주의의 명과 암을 혁신기업 중심으로 짚어본다.,2026.03.23 | 05:10:00 주주 행동주의는 양날의 검이다. 주주가치 제고를 이끌 수 있는 동시에 창업주의 경영권을 위협한다. 혁신기업은 자금 유치 과정에서 창업주 일가 지분이 희석되는 경우가 잦아 행동주의에 더욱 취약하다. 오는 26일 슈퍼 주총데이를 앞두고 행동주의의 명과 암을 혁신기업 중심으로 짚어본다.,1,092040|아미코젠,https://www.sidae.com/article/2026032014421741180
092040,"2026년 3월 3일 공시에 따르면, 소지성 사내이사는 직전 보고 기준일인 2025년 3월 19일에 비해 주식 수가 435주 증가했으며, 지분율은 0.41%에서 0.29%로 감소했다. 임원ㆍ주요주주특정증권등소유상황보고서 주) 상기 발행주식 총수는 유상증자에 따른 신주발행 주식수를 반영하여 기재하였습니다.▶ 유상증자 전 발행주식 총수 : 55,730,013주▶ 유상증자 주식수 : 14,925,374주 주) 직전 보고서상 전체 보","2026년 3월 3일 공시에 따르면, 소지성 사내이사는 직전 보고 기준일인 2025년 3월 19일에 비해 주식 수가 435주 증가했으며, 지분율은 0.41%에서 0.29%로 감소했다. 이는 발행주식총수의 증가로 인한 결과다. 이번 주식 취득은 2026년 2월 26일 유상신주취득에 따른 것으로, 취득 단가는 1164원이었다.",1,092040|아미코젠,https://www.digitaltoday.co.kr/news/articleView.html?idxno=636348
092040,"회사 측은 종속회사 아미코젠(중국)바이오팜유한회사 지분 일부 48.78%를 매각해 관계회사로 분류가 변경됐고, 2024년 12월 말 기준 연결 대상에서 제외되면서 2025년 연결 손익계산서상 매출액과 영업손익이 직전 사업연도 대비 변동했다고 설명했다. 같은 기간 영업이익은 영업손실 169억1267만9199원으로, 직전 사업연도의 영업손실 70억5121만1028원 대비 손실 폭이 확대됐다.","같은 기간 영업이익은 영업손실 169억1267만9199원으로, 직전 사업연도의 영업손실 70억5121만1028원 대비 손실 폭이 확대됐다. 당기순이익은 당기순손실 301억1064만8067원으로, 직전 사업연도의 당기순손실 508억8267만6607원 대비 40.9% 변동했다. 회사 측은 종속회사 아미코젠(중국)바이오팜유한회사 지분 일부 48.78%를 매각해 관계회사로 분류가 변경됐고, 2024년 12월 말 기준 연결 대상에서 제외되면서 2025년 연결 손익계산서상 매출액과 영업손익이 직전 사업연도 대비 변동했다고 설명했다.",0,092040|아미코젠,https://www.digitaltoday.co.kr/news/articleView.html?idxno=635811
092040,"최근 실적을 보면, 아미코젠은 2024년 12월 연결 기준으로 자산 총계 2942억원, 부채 총계 1711억원, 자본 총계 1231억원을 기록했다. 2월 27일 공시에 따르면, 황은성 상무이사는 2025년 6월 30일 기준 5563주를 보유하고 있었으나, 이번 보고 기준일인 2026년 2월 27일에는 9563주로 증가했다.","2월 27일 공시에 따르면, 황은성 상무이사는 2025년 6월 30일 기준 5563주를 보유하고 있었으나, 이번 보고 기준일인 2026년 2월 27일에는 9563주로 증가했다. 이는 장내매수를 통해 4000주를 추가로 취득한 결과다. 이번 주식 매수는 2026년 2월 24일에 이루어졌으며, 취득 단가는 1219원이었다.",1,092040|아미코젠,https://www.digitaltoday.co.kr/news/articleView.html?idxno=635628
066575,LG전자는 8일 코스피 시장에서 오전 9시45분 현재 전 거래일보다 5.98%(6400원) 상승한 11만3500원에 거래되고 있다. LG전자우는 전 거래일보다 3.58%(1750원) 높은 5만600원에 거래되고 있다.,LG전자는 8일 코스피 시장에서 오전 9시45분 현재 전 거래일보다 5.98%(6400원) 상승한 11만3500원에 거래되고 있다. LG전자는 6일을 제외하고 2일부터 7일까지 4% 미만의 낙폭을 기록했다. LG전자우는 전 거래일보다 3.58%(1750원) 높은 5만600원에 거래되고 있다. LG전자우는 6일부터 이날까지 3거래일 연속 상승세다.,1,066575|LG전자우,http://www.econonews.co.kr/news/articleView.html?idxno=434669
066575,글로벌 프리미엄 가전 시장의 수요 회복과 더불어 가전 기업들의 전장(자동차 전기장치) 사업 부문 실적이 가시화되면서 투자심리가 개선되는 양상이다. 가온그룹은 차세대 AI 셋톱박스 공급 확대 기대감으로 3.62% 상승한 6300원에 거래 중이다.,전자제품 업종이 24일 전일 대비 3.28% 상승하며 견조한 흐름을 보이고 있다. 글로벌 프리미엄 가전 시장의 수요 회복과 더불어 가전 기업들의 전장(자동차 전기장치) 사업 부문 실적이 가시화되면서 투자심리가 개선되는 양상이다. 사물인터넷(IoT)과 AI가 결합된 스마트 가전 교체 주기가 도래함에 따라 관련 부품 및 완제품 기업들에 매수세가 유입되는 중이다.,1,066575|LG전자우,https://www.pinpointnews.co.kr/news/articleView.html?idxno=439394
066575,LG전자우는 전 거래일보다 4.72%(2500원) 높은 5만5500원에 거래되고 있다. LG전자우는 9일을 제외하고 5일부터 10일까지 1~8%의 상승폭을 기록했다.,LG전자는 11일 코스피 시장에서 낮 12시43분 현재 전 거래일보다 4.31%(5000원) 상승한 12만900원에 거래되고 있다. LG전자는 9일을 제외하고 5일부터 10일까지 2~6%의 상승폭을 기록했다. LG전자우는 전 거래일보다 4.72%(2500원) 높은 5만5500원에 거래되고 있다. LG전자우는 9일을 제외하고 5일부터 10일까지 1~8%의 상승폭을 기록했다.,1,066575|LG전자우,http://www.econonews.co.kr/news/articleView.html?idxno=430646
066575,LG전자는 4일 코스피 시장에서 오전 9시56분 현재 전 거래일보다 6.82%(8700원) 하락한 11만8900원에 거래되고 있다. LG전자우는 전 거래일보다 5.85%(3400원) 낮은 5만4700원에 거래되고 있다.,LG전자는 4일 코스피 시장에서 오전 9시56분 현재 전 거래일보다 6.82%(8700원) 하락한 11만8900원에 거래되고 있다. LG전자우는 전 거래일보다 5.85%(3400원) 낮은 5만4700원에 거래되고 있다.,1,066575|LG전자우,http://www.econonews.co.kr/news/articleView.html?idxno=429609
066575,LG전자는 26일 코스피 시장에서 오전 9시43분 현재 전 거래일보다 7.58%(1만100원) 상승한 14만3400원에 거래되고 있다. LG전자우는 전 거래일보다 3.81%(2400원) 높은 6만5400원에 거래되고 있다.,LG전자는 26일 코스피 시장에서 오전 9시43분 현재 전 거래일보다 7.58%(1만100원) 상승한 14만3400원에 거래되고 있다. LG전자우는 전 거래일보다 3.81%(2400원) 높은 6만5400원에 거래되고 있다. LG전자우는 19일부터 이날까지 6거래일 연속 상승세다.,1,066575|LG전자우,http://www.econonews.co.kr/news/articleView.html?idxno=428871
317870,"처분 후 엔바이오니아가 보유한 세프라텍의 주식 수는 18만937주로, 지분율은 33.26%가 된다. 엔바이오니아는 코스닥에 상장된 정수필터 및 2차전지 소재 기업으로, 2019년 10월 24일 상장됐다.","처분 후 엔바이오니아가 보유한 세프라텍의 주식 수는 18만937주로, 지분율은 33.26%가 된다. 이번 주식 처분은 4월 10일에 완료될 예정이다. 엔바이오니아는 코스닥에 상장된 정수필터 및 2차전지 소재 기업으로, 2019년 10월 24일 상장됐다.",1,317870|엔바이오니아,https://www.digitaltoday.co.kr/news/articleView.html?idxno=654914
317870,"기타사항본건 부여수량은 부여일 현재 발행주식 총수의 1.2%에 해당하며, 상기 내용에 포함되지 않은 사항은 주식매수선택권과 관련된 제반법규, 당사 정관 및 계약서 등에 정하는 바에 따를 예정입니다. 행사가격 및 수량의 조정주식매수선택권 부여일 이후 유상증자, 무상증자(자본전입), 주식배당, 주식의 분할 또는 병합, 합병 및 회사 분할, 이익소각, 자본감소 등의 사유 발생시 주식매수선택권부여 계약 또는 이사회결의에 따라 행사 가","엔바이오니아는 보통주 주식매수선택권의 행사가격을 9363원으로 정했다. 행사기간은 2028년 3월 27일부터 2033년 3월 26일까지다. 부여일인 2026년 3월 27일 기준, 이번 부여를 포함한 미행사 잔여 주식매수선택권은 보통주 25만2000주로 제시됐다.",1,317870|엔바이오니아,https://www.digitaltoday.co.kr/news/articleView.html?idxno=648071
317870,"엔바이오니아(317870)가 국내사모 신주인수권부사채 신주인수권 행사에 따라 보통주 295,376주를 추가상장한다고 공시했다. 한국거래소에 따르면 이번에 추가 상장되는 주식은 보통주로, 1주당 액면가는 500원이며...","엔바이오니아(317870)가 국내사모 신주인수권부사채 신주인수권 행사에 따라 보통주 295,376주를 추가상장한다고 공시했다. 한국거래소에 따르면 이번에 추가 상장되는 주식은 보통주로, 1주당 액면가는 500원이며...",0,317870|엔바이오니아,https://www.topstarnews.net/news/articleView.html?idxno=15986438
317870,"회사 관계자는 ""현재 실적은 본사와 종속기업 모두에서 미래 성장을 위한 비용이 집중 반영된 결과""라며 ""세프라텍 장비 매출 확대와 신규 소재 양산 효과가 맞물리면 2026~2027년을 기점으로 실적 구조가 뚜렷하게 개선될 것""이라고 전했다. 회사 측은 ""고부가 반도체 공정 장비 특성상 개발 단계에서 비용이 선반영되는 구조""라며 ""고객사 검증을 완료해 양산 공급이 예정된 만큼, 2026년부터 매출과 이익 기여가 본격화될 것""이라","엔바이오니아에 따르면 이번 영업이익 감소 요인 중 약 절반은 세프라텍 영향으로 파악된다. 세프라텍은 S사 반도체 공정에 적용되는 IPA 유해가스 제거 모듈을 지난해부터 공급하기 시작했으며, 올해부터 대량 납품이 예정돼 있다. 다만 제품 개발 및 양산 검증 과정에서 2025년 중 연구개발비, 시제품 제작비, 인력 투입 비용 등이 집중 반영되며 단기 손익 부담이 확대됐다.",0,317870|엔바이오니아,https://www.newspim.com/news/view/20260212000308
322780,"변동내역 총괄표에 따르면, 특별관계자 정해룡은 임원 신규 선임을 통해 주식등 보유 비율이 40만주, 0.86%포인트 증가한 것으로 기재됐다. 종목 시세 정보에 따르면 코퍼스코리아의 주가는 4월 6일 16시 10분 기준 438원이며, 전일 대비 17원(4.04%) 상승했다.","주요 내역을 보면, 보고자 오영섭은 1349만8356주, 28.86%를 보유 중이다. 특별관계자 오영환은 10만주, 0.21%를 보유 중이며, 경진아는 114만3558주, 2.45%를 보유 중이다. 변동내역 총괄표에 따르면, 특별관계자 정해룡은 임원 신규 선임을 통해 주식등 보유 비율이 40만주, 0.86%포인트 증가한 것으로 기재됐다.",1,322780|코퍼스코리아,https://www.digitaltoday.co.kr/news/articleView.html?idxno=654083
322780,이날 주총에서는 특별결의 안건으로 주식병합 승인과 상법 개정에 따른 정관 변경 및 기타 조문 정비 안건이 모두 가결됐다. 회사는 상법 368조의4 제1항에 따른 전자투표 도입으로 출석주주 과반수 찬성으로 감사선임이 가결됐다는 비고를 함께 제시했다.,"이날 주총에서는 특별결의 안건으로 주식병합 승인과 상법 개정에 따른 정관 변경 및 기타 조문 정비 안건이 모두 가결됐다. 보통결의 안건으로는 사내이사 오영섭 재선임, 사내이사 정해룡 신규선임, 사내이사 홍혁기 신규선임 안건이 가결됐다. 감사는 김대규가 재선임됐다.",1,322780|코퍼스코리아,https://www.digitaltoday.co.kr/news/articleView.html?idxno=650788
322780,코퍼스코리아가 벌점 리스크를 무사히 넘겼다. 매각 실패에 따른 파생 효과로 대규모 벌점이 우려됐지만 한국거래소에서 코퍼스코리아의 과실을 높게 책정하지 않은 모양새다. ◇How It Is Now 코퍼스코리아는 지난 25일...,코퍼스코리아가 벌점 리스크를 무사히 넘겼다. 매각 실패에 따른 파생 효과로 대규모 벌점이 우려됐지만 한국거래소에서 코퍼스코리아의 과실을 높게 책정하지 않은 모양새다. ◇How It Is Now 코퍼스코리아는 지난 25일...,1,322780|코퍼스코리아,https://www.thebell.co.kr/free/content/ArticleView.asp?key=202603261804063080108220
322780,"한국거래소 공시에 따르면, 투자주의종목 지정 예고일은 2026년 03월 31일이며, 해당 종목은 지정 예고일부터 계산해 10일째 되는 날 이내의 어느 특정일 기준으로 아래 3가지 요건을 모두 충족할 경우 다음 날에 투자경고종목으로 추가 지정된다. 첫 번째는 판단일의 종가가 5일 전날의 종가보다 60% 이상 상승해야 하며, 두 번째로 판단일의 종가가 최근 15일 종가 중 가장 높은 가격이어야 한다.","한국거래소 공시에 따르면, 투자주의종목 지정 예고일은 2026년 03월 31일이며, 해당 종목은 지정 예고일부터 계산해 10일째 되는 날 이내의 어느 특정일 기준으로 아래 3가지 요건을 모두 충족할 경우 다음 날에 투자경고종목으로 추가 지정된다. 첫 번째는 판단일의 종가가 5일 전날의 종가보다 60% 이상 상승해야 하며, 두 번째로 판단일의 종가가 최근 15일 종가 중 가장 높은 가격이어야 한다. 세 번째로 5일 전날을 기준으로 한 해당종목의 주가 상승률이 같은 기간 종합주가지수 상승률의 5배 이상이어야 한다고 설명했다.",1,322780|코퍼스코리아,https://www.topstarnews.net/news/articleView.html?idxno=16020518
322780,코퍼스코리아(322780)가 최대주주 변경을 수반하는 주식양수도 계약 해제·취소 등 공시 번복 사유 4건으로 인해 불성실공시법인으로 지정됐다고 한국거래소에 따르면 2026년 3월 26일자로 해당 사실이 밝혀졌다....,코퍼스코리아(322780)가 최대주주 변경을 수반하는 주식양수도 계약 해제·취소 등 공시 번복 사유 4건으로 인해 불성실공시법인으로 지정됐다고 한국거래소에 따르면 2026년 3월 26일자로 해당 사실이 밝혀졌다....,0,322780|코퍼스코리아,https://www.topstarnews.net/news/articleView.html?idxno=16016168
396470,"한미반도체와 고영과 테크윙은 전 거래일 대비 각각각 2만7000원, 2200원, 3700원 오른 28만500원과 2만8350원 그리고 5만800원에 장을 마감했다. 한미반도체와 고영과 테크윙의 주가 상승률은 각각각 10.65%, 8.41%, 7.86% 다.","현대경제신문 홍미경 기자 | HBM(고대역폭메모리) 관련주들이 전 거래일 대비 8.69% 상승으로 장을 마감했다. 8일 한국거래소에 따르면 엠케이전자, SK하이닉스, 한미반도체, 고영, 테크윙, 삼성전자, 레이저쎌, 윈팩은 상승했다. 엠케이전자와 SK하이닉스는 전 거래일 대비 각각 4350원, 11만7000원 오른 2만600원과 103만3000원에 거래를 마쳤다.",1,396470|워트,http://www.finomy.com/news/articleView.html?idxno=252887
396470,"에이치엠넥스는 지난 2002년 LED 패키지 사업으로 전환한 이후 자동차 전장용 조명 시장에서 입지를 다져왔으며, 최근 반도체 장비로 사업 영토를 확장하며 제2의 도약을 선언했다. 현대차와 기아로부터 품질 관리 인증인 SQ인증 A등급을 획득하고 글로벌 자동차 산업 품질 경영 시스템(IATF 16949) 인증을 보유해 전장과 반도체를 아우르는 기술 신뢰도를 입증했다.","글로벌 반도체 기업들이 인공지능(AI) 시장 주도권을 잡기 위해 설비 투자를 대폭 확대하면서, 반도체 생산의 핵심인 장비 업체들이 유례없는 호황기를 맞이하고 있다. 메모리 가격 반등과 함께 미세 공정 전환을 위한 신규 장비 도입이 가속화되자 국내 소부장(소재·부품·장비) 기업들에 강력한 수급이 유입 중이다. 반도체 장비 테마 지수는 8일 전일 대비 6.59% 상승하며 기술주 전반의 랠리를 주도하고 있다.",1,396470|워트,https://www.pinpointnews.co.kr/news/articleView.html?idxno=443847
396470,"중성자에 의한 반도체 오류를 잡아내는 중성자 소프트에러 검출 장비와 5G용 시스템 반도체 수명 평가 장비를 잇달아 선보였다. 고온 가압 장비 기술력을 보유한 예스티가 14.76% 오른 2만 2000원에 거래되고 있으며, 반도체 미세 패턴 검사 장비 전문인 넥스틴 또한 14.46% 오른 7만 5200원에 거래 중이다.",인공지능(AI) 반도체의 핵심 부품인 고대역폭메모리(HBM) 시장의 가파른 성장세가 8일 국내 증시를 뒤흔들고 있다. 글로벌 빅테크 기업들의 AI 서버 투자 확대와 맞물려 HBM 공급 부족 현상이 심화될 것이라는 전망이 나오면서 관련 종목들이 기록적인 랠리를 펼치고 있다. HBM 테마 지수는 전일 대비 7.33% 상승하며 독보적인 강세를 나타내고 있다.,1,396470|워트,https://www.pinpointnews.co.kr/news/articleView.html?idxno=443779
396470,인공지능(AI) 반도체 시장의 폭발적인 성장과 고대역폭메모리(HBM) 수요 확대가 국내 반도체 생태계 전반에 활력을 불어넣으며 7일 반도체와반도체장비 테마가 증시의 주인공으로 귀환했다. 마이크로 솔더볼 등 반도체 접합 소재 전문인 덕산하이메탈 역시 13.23% 상승한 1만 1810원을 기록하며 폭등세를 나타냈다.,인공지능(AI) 반도체 시장의 폭발적인 성장과 고대역폭메모리(HBM) 수요 확대가 국내 반도체 생태계 전반에 활력을 불어넣으며 7일 반도체와반도체장비 테마가 증시의 주인공으로 귀환했다. 반도체 업종은 AI 연산의 핵심인 GPU와 연동되는 메모리 반도체 생산 체계가 강화되면서 후공정(OSAT) 및 핵심 소재 기업들을 중심으로 강력한 매수세가 유입된 채 거래를 마감했다. 가장 뜨거운 탄력을 보인 분야는 첨단 패키징과 핵심 소재 부문이다.,1,396470|워트,https://www.pinpointnews.co.kr/news/articleView.html?idxno=443581
396470,반도체 특수 가스 및 화학약품 공급 장치 기술을 보유한 한양이엔지는 이날 오전 9시55분 현재 10.79% 상승한 3만 2350원에 거래 중이다. 한양이엔지는 과거 외산에 의존하던 반도체 제조 공정용 초고순도 배관의 국산화에 성공하며 국내 산업 경쟁력을 한 단계 끌어올렸다.,인공지능(AI) 반도체 시장의 팽창으로 고성능 메모리와 시스템 반도체 생산을 위한 설비 투자가 가속화되면서 반도체 장비 테마가 강력한 상승장을 연출 중이다. 국내 증시에서 반도체 장비 관련 종목들은 주요 반도체 제조사들의 전공정 및 후공정 투자 확대 소식에 힘입어 일제히 오름세를 기록하고 있다. 가장 눈에 띄는 흐름은 반도체 설비 및 인프라 전문 기업들이다.,1,396470|워트,https://www.pinpointnews.co.kr/news/articleView.html?idxno=443433
002200,"비닐봉지와 플라스틱 용기 등에 쓰이는 폴리에틸렌(PE) 가격이 이미 50% 이상 뛰었고, 종이와 골판지까지 오르며 관련 업계 전반에 인상 압력이 커지고 있다. 한국수출포장은 오산공장의 골판지용 원지 제조 사업과 안성, 양산, 대전 공장의 골판지및 골판지 상자 제조, 판매 사업을 하고 있다.","26일 한국거래소에 따르면 대영포장, 태림포장, 한국수출포장은 상승했다. 대영포장은 전 거래일 대비 325원 오른 1409원에 거래를 마쳤다. 대영포장의 주가 상승률은 29.98%다.",1,002200|한국수출포장,http://www.finomy.com/news/articleView.html?idxno=252146
002200,"연결 기준 매출액은 2896억원, 영업손실은 65억5700만원, 당기순손실은 38억8000만원이며, 주당순이익은 108원 손실로 기재됐다. 최근 실적(2024년12월 연결 기준)에서 자산총계는 3512억원, 부채총계는 580억원, 자본총계는 2932억원이다.","이번 공시는 기재정정으로, 제69기 정기주주총회에서 가결된 제4호 의안인 감사 선임과 관련한 내용이 정정됐다. 회사는 주주총회 종료 후 신규선임 감사 후보자가 개인사정으로 취임 승낙을 하지 않았으며, 감사 선임을 위한 임시주주총회를 빠른 시일 내 개최할 예정이라고 설명했다. 정기주주총회는 2026년3월19일 열렸고, 의결권 행사 기준일은 2025년12월31일이었다.",0,002200|한국수출포장,https://www.digitaltoday.co.kr/news/articleView.html?idxno=644354
002200,"같은 기간 매출액은 2896억원, 영업손실은 65억5700만원, 당기순손실은 38억8000만원이며, 주당순이익은 -108원으로 기재됐다. 매출액은 2854억8300만원, 영업손실은 66억9100만원, 당기순손실은 42억3900만원이며, 주당순이익은 -118원으로 기재됐다.","한국수출포장공업은 2026년 3월 19일 정기주주총회를 열고 제69기 재무제표와 연결재무제표 승인 안건을 가결했다. 의결권 행사 기준일은 2025년 12월 31일이었다. 연결 기준으로 자산총계는 3395억1200만원, 부채총계는 581억7400만원, 자본총계는 2813억3800만원으로 집계됐다.",0,002200|한국수출포장,https://www.digitaltoday.co.kr/news/articleView.html?idxno=643090
002200,한국수출포장공업은 61억원 규모의 기취득 자기주식 소각을 결정했다고 16일 공시했다. 한국수출포장공업은 4월6일 1주당 가액 500원에 보통주 200만주를 소각한다.,한국수출포장공업은 61억원 규모의 기취득 자기주식 소각을 결정했다고 16일 공시했다. 한국수출포장공업은 4월6일 1주당 가액 500원에 보통주 200만주를 소각한다. 이번 소각으로 자본금은 감소하지 않는다.,1,002200|한국수출포장,https://www.bloter.net/news/articleView.html?idxno=656738
002200,"이번 소각으로 한국수출포장공업의 발행주식 총수는 보통주 4000만주에서 감소한다. 최근 실적(2024년 12월 연결 기준)에서 자산총계는 3512억원, 부채총계는 580억원, 자본총계는 2932억원이었다.","이번 소각으로 한국수출포장공업의 발행주식 총수는 보통주 4000만주에서 감소한다. 1주당 액면가액은 500원이며, 소각예정금액은 61억2000만원으로 제시됐다. 소각 예정일은 2026년 4월 6일이며, 이사회 결의일은 2026년 3월 16일이다.",1,002200|한국수출포장,https://www.digitaltoday.co.kr/news/articleView.html?idxno=641333
361610,SK아이이테크놀로지는 31일 전자공시를 통해 2025년 2월 체결한 2914억원 규모 분리막 공급계약을 정정한다고 밝혔다. SK아이이테크놀로지(SKIET)가 장기 분리막 공급 계약을 조기 종료했다.,SK아이이테크놀로지(SKIET)가 장기 분리막 공급 계약을 조기 종료했다. 전기차 수요 둔화와 고객사 투자 축소 영향이다. SK아이이테크놀로지는 31일 전자공시를 통해 2025년 2월 체결한 2914억원 규모 분리막 공급계약을 정정한다고 밝혔다.,0,361610|SK아이이테크놀로지,https://www.thelec.kr/news/articleView.html?idxno=54375
361610,"그는 “미국의 RA 전기차 구매 보조금 지급이 2025년 9월 30일 종료되면 현지 전기차 판매가 급감할 가능성이 커 2026년 영업적자 추정치를 종전 -2081억원에서 -2137억원으로 하향 조정했다”고 밝혔다. 이창민 애널리스트는 SK아이이테크놀로지의 2026년 1분기 실적을 매출 432억원(-26% YoY), 영업손실 752억원(적자 지속, 영업이익률 -174%)으로 전망하며, 시장 기대에 미치지 못할 것으로 내다봤다.","KB증권이 31일 SK아이이테크놀로지의 목표주가를 기존 2만4000원에서 2만2000원으로 8% 낮췄다. 이창민 KB증권 애널리스트는 “DCF(현금흐름할인법) 방식으로 목표주가를 산출했으며, WACC 8.21%(COE 10.54%, 세후 COD 4.83%, 60개월 조정 베타 1.05)를 적용했다”고 설명했다. 그는 “미국의 RA 전기차 구매 보조금 지급이 2025년 9월 30일 종료되면 현지 전기차 판매가 급감할 가능성이 커 2026년 영업적자 추정치를 종전 -2081억원에서 -2137억원으로 하향 조정했다”고 밝혔다.",0,361610|SK아이이테크놀로지,https://www.newsclaim.co.kr/news/articleView.html?idxno=3059490
361610,"SK아이이테크놀로지는 2026년 1분기 매출액으로 421억원(-28% y-y, +0% q-q), 영업이익으로 -736억원(OPM-175%)을 기록하며 컨센서스(499억원/-559억원)를 하회할 전망이다. 25일 NH투자증권 주민우 연구원은...","SK아이이테크놀로지는 2026년 1분기 매출액으로 421억원(-28% y-y, +0% q-q), 영업이익으로 -736억원(OPM-175%)을 기록하며 컨센서스(499억원/-559억원)를 하회할 전망이다. 25일 NH투자증권 주민우 연구원은...",1,361610|SK아이이테크놀로지,http://www.biztribune.co.kr/news/articleView.html?idxno=351198
361610,SK아이이테크놀로지는 최대주주 등의 보유주식이 5205주 감소했다고 24일 공시했다. 보유주식은 직전 보고서 제출일인 2025년 3월25일 4364만372주에서 이번 보고서 제출일인 이날 4363만5167주로 조정됐다.,SK아이이테크놀로지는 최대주주 등의 보유주식이 5205주 감소했다고 24일 공시했다. 보유주식은 직전 보고서 제출일인 2025년 3월25일 4364만372주에서 이번 보고서 제출일인 이날 4363만5167주로 조정됐다. 이는 3명의 임원이 퇴임하면서 작성 대상에서 제외된 데 따른 것이다. SK아이이테크놀로지의 최대주주는 4363만3432주(53.35%)를 보유한 SK이노베이션이다.,0,361610|SK아이이테크놀로지,https://www.bloter.net/news/articleView.html?idxno=657575
024910,"이번 변경을 통해 사업 다각화 목적의 사업목적이 추가됐으며, 생산설비 및 기계제조 판매와 산업용 로보트 제조 판매가 포함됐다. 안건별로는 제49기(2025년 1월 1일부터 2025년 12월 31일까지) 연결 및 별도 재무제표 승인 건이 보통결의로 가결됐다.","안건별로는 제49기(2025년 1월 1일부터 2025년 12월 31일까지) 연결 및 별도 재무제표 승인 건이 보통결의로 가결됐다. 의결권 있는 발행주식총수 기준 찬성률은 43.5%였고, 의결권 행사 주식수 기준 찬성률은 100%로 기재됐다. 정관 일부 변경 건은 특별결의로 가결됐다.",1,024910|경창산업,https://www.digitaltoday.co.kr/news/articleView.html?idxno=647872
024910,"달서구는 경창산업㈜으로부터 이웃사랑 후원금 300만원을 기탁받았다고 26일 밝혔다. 경창산업㈜은 달서구가 주최한 ‘우리마을 동산가꾸기 나무심기 행사’에 직원들로 구성된 C&S봉사단이 참여했으며, 이와 함께...","달서구는 경창산업㈜으로부터 이웃사랑 후원금 300만원을 기탁받았다고 26일 밝혔다. 경창산업㈜은 달서구가 주최한 ‘우리마을 동산가꾸기 나무심기 행사’에 직원들로 구성된 C&S봉사단이 참여했으며, 이와 함께...",1,024910|경창산업,https://www.ksmnews.co.kr/news/view.php?idx=597159
024910,"경창산업은 2025년 1월 1일부터 2025년 12월 31일까지 연결 기준 매출액 7042억7192만1515원, 영업손실 60억8716만4513원, 당기순손실 243억5760만9493원을 기록했다. 최근 실적(2025년 연결 기준)에서 자산총계는 4892억182만6516원, 부채총계는 3726억1338만2688원, 자본총계는 1165억8844만3828원으로 집계됐다.","경창산업은 2025년 1월 1일부터 2025년 12월 31일까지 연결 기준 매출액 7042억7192만1515원, 영업손실 60억8716만4513원, 당기순손실 243억5760만9493원을 기록했다. 직전 사업연도(2024년 1월 1일부터 2024년 12월 31일까지) 매출액은 6380억4503만4346원, 영업이익은 96억4123만9878원, 당기순이익은 34억2232만3160원이었다. 회사 측은 운영비용 상승에 따른 매출원가 및 판관비 증가로 이익이 감소했고, 유형자산 손상차손 반영에 따른 영업외비용 증가로 이익이 감소했다고 설명했다.",0,024910|경창산업,https://www.digitaltoday.co.kr/news/articleView.html?idxno=634595
024910,여기에는 ▲유니크(14.3%) ▲모트렉스(12.6%)▲삼보모터스(12.6%) ▲KG모빌리티(12.2%) ▲대유에이텍(12.1%) ▲핸즈코퍼레이션(11.4%)▲경창산업(11.2%) ▲대원산업(11.1%) ▲현대공업(11.1%) ▲에스엘(10.7...,여기에는 ▲유니크(14.3%) ▲모트렉스(12.6%)▲삼보모터스(12.6%) ▲KG모빌리티(12.2%) ▲대유에이텍(12.1%) ▲핸즈코퍼레이션(11.4%)▲경창산업(11.2%) ▲대원산업(11.1%) ▲현대공업(11.1%) ▲에스엘(10.7...,1,024910|경창산업,https://www.greened.kr/news/articleView.html?idxno=338978
024910,"코스닥에서는 한국피아이엠(5.67%), 경창산업(3.98%), 삼보모터스(2.92%) 등이 오르며 지역 기업 전반으로 반등세가 확산됐다. 외환시장에서도 위험자산 선호 회복이 반영됐다. 원·달러 환율은 전 거래일보다 28.8원 내린...","코스닥에서는 한국피아이엠(5.67%), 경창산업(3.98%), 삼보모터스(2.92%) 등이 오르며 지역 기업 전반으로 반등세가 확산됐다. 외환시장에서도 위험자산 선호 회복이 반영됐다. 원·달러 환율은 전 거래일보다 28.8원 내린...",1,024910|경창산업,https://www.idaegu.com/news/articleView.html?idxno=659680
307930,"주요 내역을 보면, 특별관계자 컴퍼니케이AI퓨처테크펀드는 140만400주, 3.58%를, 컴퍼니케이반도체소부장펀드는 145만7559주, 3.72%를 보유 중이다. 세부 변동 내역에 따르면, 컴퍼니케이AI퓨처테크펀드는 3월 26일 제3자배정유상증자를 통해 의결권 있는 주식 140만400주를 취득했으며, 컴퍼니케이반도체소부장펀드도 같은 방식으로 145만7559주를 취득했다.","주요 내역을 보면, 특별관계자 컴퍼니케이AI퓨처테크펀드는 140만400주, 3.58%를, 컴퍼니케이반도체소부장펀드는 145만7559주, 3.72%를 보유 중이다. 세부 변동 내역에 따르면, 컴퍼니케이AI퓨처테크펀드는 3월 26일 제3자배정유상증자를 통해 의결권 있는 주식 140만400주를 취득했으며, 컴퍼니케이반도체소부장펀드도 같은 방식으로 145만7559주를 취득했다. 종목 시세 정보에 따르면 지니너스의 주가는 3월 27일 15시 00분 기준 5430원이며, 전일 대비 80원(-1.45%) 하락했다.",1,307930|컴퍼니케이,https://www.digitaltoday.co.kr/news/articleView.html?idxno=647539
307930,컴퍼니케이파트너스가 AI 반도체 설계 기업 모빌린트에 투자를 단행했다. 모빌린트는 엣지 서버와 온디바이스 환경에서 AI 연산을 수행하는 신경망처리장치(NPU)를 개발하는 팹리스 기업이다. 25일 벤처투자(VC)...,컴퍼니케이파트너스가 AI 반도체 설계 기업 모빌린트에 투자를 단행했다. 모빌린트는 엣지 서버와 온디바이스 환경에서 AI 연산을 수행하는 신경망처리장치(NPU)를 개발하는 팹리스 기업이다. 25일 벤처투자(VC)...,1,307930|컴퍼니케이,https://www.thebell.co.kr/free/content/ArticleView.asp?key=202603250929299280104913
307930,컨슈머타임스=전은정 기자 | 컴퍼니케이 주가가 상승중이다. 컴퍼니케이는 8일 오전 10시 52분 기준 전일보다 10.04% 오른 8110원에 거래중이다. 국내 벤처캐피털 컴퍼니케이파트너스가 투자한 AI 스타트업 업스테이지의...,컨슈머타임스=전은정 기자 | 컴퍼니케이 주가가 상승중이다. 컴퍼니케이는 8일 오전 10시 52분 기준 전일보다 10.04% 오른 8110원에 거래중이다. 국내 벤처캐피털 컴퍼니케이파트너스가 투자한 AI 스타트업 업스테이지의...,1,307930|컴퍼니케이,https://www.cstimes.com/news/articleView.html?idxno=701258
307930,인공지능(AI) 반도체 스타트업 리벨리온이 6400억 원 규모 프리 기업공개(IPO) 투자를 유치했다. AI 반도체 전문 기업 모빌린트가 700억 원 규모 시리즈C 투자를 유치했다.,"인공지능(AI) 반도체 스타트업 리벨리온이 6400억 원 규모 프리 기업공개(IPO) 투자를 유치했다. 투자 라운드는 국민성장펀드 2500억 원, 산업은행 500억 원 등 총 3000억 원의 정책자금과 미래에셋그룹이 주도한 3000억 원의 민간자금으로 이뤄졌다. 기존 투자자도 신주 인수권을 행사하며 투자 라운드에 참여했다.",1,307930|컴퍼니케이,https://it.donga.com/108684/
307930,지난해 하반기에 전년동기대비 45% 증가한 7조9000억원 규모의 벤처펀드가 조성되는 등 벤처투자 시장에 유동성이 증가하면서 당분간 이같은 대규모 투자유치 소식이 이어질 것으로 풀이된다. 4월 첫째주(3월30일~4월3일) 에는 반도체 분야 스타트업들의 대규모 투자유치 소식이 눈길을 끌었다.,"4월 첫째주(3월30일~4월3일) 에는 반도체 분야 스타트업들의 대규모 투자유치 소식이 눈길을 끌었다. 국민성장펀드의 투자를 유치한 리벨리온이 6400억원의 대규모 투자를 유치했고, 모빌린트는 700억원의 시리즈C 투자를 유치했다. 전력반도체의 소재를 개발하는 아이브웍스도 60억원의 프리IPO 투자를 유치했다.",1,307930|컴퍼니케이,https://www.mt.co.kr/future/2026/04/05/2026040515272789652
440110,"2026년 현재, 스마트폰·AI 서버·전장·로봇·IoT 기기 등 모든 IT 생태계의 기초 구조를 이끄는 핵심 칩이 시스템반도체로 수렴되고 있다. 시장조사업체 IC인사이츠에 따르면, 2025년 전 세계 반도체 시장은 약 6,200억 달러 규모로, 이 중 시스템반도체가 차지하는 비중은 72%에 달했다.","1일 한국거래소에 따르면 파두, 삼성전자, 고영, SK하이닉스, 하나마이크론, 테크윙, SFA반도체, 앤씨앤는 상승했다. 파두와 삼성전자는 전 거래일 대비 각각 7050원, 2만2400원 오른 5만3000원과 18만9600원에 거래를 마쳤다. 파두와 삼성전자의 주가 상승률은 각각 15.34%, 13.40%다.",1,440110|파두,http://www.finomy.com/news/articleView.html?idxno=252492
440110,"일부 2차전지 대형주에서 차익 실현에 나서는 대신 로봇, 반도체, 바이오 등 성장 산업으로 자금이 이동하는 흐름이 포착된다. 이어 반도체 설계 기업 파두도 244억 원 순매수되며 데이터센터용 SSD 컨트롤러 성장 기대가 반영됐다.","코스닥 시장에서 외국인 투자자들의 자금 흐름이 뚜렷한 선별 매수 양상으로 전개되고 있다. 일부 2차전지 대형주에서 차익 실현에 나서는 대신 로봇, 반도체, 바이오 등 성장 산업으로 자금이 이동하는 흐름이 포착된다. 31일 한국거래소에 따르면 외국인은 이날 우리기술을 516억 원어치 순매수하며 가장 큰 규모의 자금을 투입했다.",1,440110|파두,https://www.pinpointnews.co.kr/news/articleView.html?idxno=441598
440110,27일 중국 선전에서 열린 '차이나 플래시 마켓 서밋 2026'에서 강뢰(康雷 캉레이) 중국 법인장이 기조연설을 진행하고 있다.,27일 중국 선전에서 열린 '차이나 플래시 마켓 서밋 2026'에서 강뢰(康雷 캉레이) 중국 법인장이 기조연설을 진행하고 있다. 사진=파두 제공,1,440110|파두,https://www.newsway.co.kr/news/view?ud=2026033014454948108
440110,"데이터센터 반도체 전문기업 파두가 27일 중국 선전에서 열린 ‘차이나 플래시 마켓 서밋(CFMS: China Flash... 파두는 행사에서 AI데이터센터 환경에 최적화된 Gen5 및 차세대 Gen6컨트롤러, 맞춤형 플랫폼 ‘플렉스 SSD’...","데이터센터 반도체 전문기업 파두가 27일 중국 선전에서 열린 ‘차이나 플래시 마켓 서밋(CFMS: China Flash... 파두는 행사에서 AI데이터센터 환경에 최적화된 Gen5 및 차세대 Gen6컨트롤러, 맞춤형 플랫폼 ‘플렉스 SSD’...",1,440110|파두,https://magazine.hankyung.com/business/article/202603305585b
440110,지난 27일 중국 선전에서 열린 '차이나 플래시 마켓 서밋 2026'에서 캉레이(康雷) 파두 중국 법인장이 기조연설을 진행하고 있다. 사진 제공= 파두 데이터센터 반도체 전문 기업 파두가 중국 선전에서 개최된 '차이나...,지난 27일 중국 선전에서 열린 '차이나 플래시 마켓 서밋 2026'에서 캉레이(康雷) 파두 중국 법인장이 기조연설을 진행하고 있다. 사진 제공= 파두 데이터센터 반도체 전문 기업 파두가 중국 선전에서 개최된 '차이나...,1,440110|파두,http://www.opinionnews.co.kr/news/articleView.html?idxno=135864
432320,"삼성자산운용의 3월 31일 기준 보유 KB스타리츠 주식등의 수는 652만2051주, 보유 비율은 6.28%로 보고됐다. KB스타리츠는 2022년 10월 6일 코스피 시장에 상장된 부동산 임대 및 공급업체다.","삼성자산운용의 3월 31일 기준 보유 KB스타리츠 주식등의 수는 652만2051주, 보유 비율은 6.28%로 보고됐다. 주권 주식수는 405만2373주, 주권 비율은 4%로 나타났다. 주요 내역을 보면, 삼성자산운용은 652만2051주, 6.28%를 보유 중이다.",1,432320|KB스타리츠,https://www.digitaltoday.co.kr/news/articleView.html?idxno=654027
432320,"세부 변동 내역을 살펴보면, 2026년 1월 19일과 23일, 2월 3일에 각각 장내 매도를 통해 주식 수가 감소했으며, 3월 16일, 18일, 24일, 30일에는 장내 매수를 통해 주식 수가 증가했다. KB스타리츠는 2022년 10월 6일 코스피에 상장된 부동산 임대 및 공급업체로, 부동산 간접투자 기구로서의 역할을 수행하고 있다.","세부 변동 내역을 살펴보면, 2026년 1월 19일과 23일, 2월 3일에 각각 장내 매도를 통해 주식 수가 감소했으며, 3월 16일, 18일, 24일, 30일에는 장내 매수를 통해 주식 수가 증가했다. 특히 3월 30일에는 4만주를 매수하며 보유 주식 수를 2735만1728주로 늘렸다. KB스타리츠는 2022년 10월 6일 코스피에 상장된 부동산 임대 및 공급업체로, 부동산 간접투자 기구로서의 역할을 수행하고 있다.",1,432320|KB스타리츠,https://www.digitaltoday.co.kr/news/articleView.html?idxno=653244
432320,"KB스타리츠는 2022년 10월 6일 코스피 시장에 상장된 부동산 임대 및 공급업체다. 변동내역 총괄표에 따르면, 미래에셋자산운용의 지분은 45만5598주, 0.03%포인트 증가한 것으로 기재됐다.","미래에셋자산운용의 이번 보고서 기준 보유 주식등의 수는 1085만4372주이며, 보유 비율은 10.28%로 보고됐다. 주권 주식수는 666만6615주로, 주권 비율은 6.57%다. 주요 내역을 보면, 보고자 미래에셋자산운용은 1085만4372주, 10.28%를 보유 중이다.",1,432320|KB스타리츠,https://www.digitaltoday.co.kr/news/articleView.html?idxno=653045
432320,KB스타리츠는 금리 민감도가 높은 해외 자산 비중 우려에 6.58% 하락한 2200원에 거래되고 있다. 글로벌 기준금리 인하 시점이 예상보다 늦어질 수 있다는 경계감이 확산되면서 2일 부동산 테마가 0.50% 하락하며 거래 중이다.,글로벌 기준금리 인하 시점이 예상보다 늦어질 수 있다는 경계감이 확산되면서 2일 부동산 테마가 0.50% 하락하며 거래 중이다. 통상 금리 하락기에 배당 수익률이 부각되는 리츠(REITs) 종목들은 자산 조달 비용 상승과 평가 이익 감소 우려가 겹치며 투자 심리가 위축되는 양상을 보이고 있다. 이러한 하락 분위기 속에서도 우량 자산을 보유한 일부 리츠는 차별화된 흐름을 보이고 있다.,1,432320|KB스타리츠,https://www.pinpointnews.co.kr/news/articleView.html?idxno=442252
432320,"직전 보고서와 비교해 주식등의 수는 517만9118주에서 감소했으며, 보유 비율은 5.11%에서 1.02%포인트 하락했다. KB스타리츠는 2022년 10월 6일 코스피 시장에 상장된 부동산 임대 및 공급업체다.","삼성자산운용의 3월 24일 기준 보유 주식등의 수는 414만7361주로, 보유 비율은 4.09%로 나타났다. 직전 보고서와 비교해 주식등의 수는 517만9118주에서 감소했으며, 보유 비율은 5.11%에서 1.02%포인트 하락했다. 세부 변동 내역을 보면, 2025년 10월 10일 삼성자산운용은 기타로 의결권있는 주식 517만9118주에서 2만6466주가 증가해 520만5584주가 됐다.",1,432320|KB스타리츠,https://www.digitaltoday.co.kr/news/articleView.html?idxno=649646
000700,"같은 기간 매출액은 4184억7416만2000원으로 전년 대비 4% 줄었고, 영업이익은 212억1952만4000원으로 전년 대비 15.9% 증가했다. 당기순이익 변동과 관련해서는 환율 영향에 따른 외화환산이익 감소와 법인세비용 증가가 영향을 미쳤다고 덧붙였다.","같은 기간 매출액은 4184억7416만2000원으로 전년 대비 4% 줄었고, 영업이익은 212억1952만4000원으로 전년 대비 15.9% 증가했다. 회사는 IT부문에서 신규 수주금액이 늘며 영업이익 증가 요인으로 작용한 반면, 물류부문에서는 일회성 대손충당금 설정 증가가 영업이익에 부담으로 작용했다고 설명했다. 당기순이익 변동과 관련해서는 환율 영향에 따른 외화환산이익 감소와 법인세비용 증가가 영향을 미쳤다고 덧붙였다.",0,000700|유수홀딩스,https://www.digitaltoday.co.kr/news/articleView.html?idxno=627152
000700,"최근 실적에 따르면, 유수홀딩스는 2024년 12월 결산 기준으로 자산총계 4787억원, 부채총계 670억원, 자본총계 4117억원을 기록했다. 이번 매수로 인해 미리스트래터직이머징마켓츠펀드의 유수홀딩스 주식 보유 수는 398만7644주로 늘어났다.","공시에 따르면, 이번 주식 매수는 장내에서 이루어졌으며, 취득 단가는 6235원이었다. 이번 매수로 인해 미리스트래터직이머징마켓츠펀드의 유수홀딩스 주식 보유 수는 398만7644주로 늘어났다. 유수홀딩스의 주가는 12월 29일 오전 10시 30분 한국거래소 기준으로 전일 대비 4.11% 하락한 5840원에 거래되고 있다.",1,000700|유수홀딩스,https://www.digitaltoday.co.kr/news/articleView.html?idxno=616651
000700,"최근 실적에 따르면, 유수홀딩스는 2024년 12월 결산 기준으로 자산총계 4787억원, 부채총계 670억원, 자본총계 4117억원을 기록했다. 매출액은 4359억원, 영업이익은 183억원, 당기순이익은 316억원이다.","공시에 따르면, 미리스트래터직이머징마켓츠펀드는 12월 11일부터 18일까지 장내 매수를 통해 주식을 추가로 취득했다. 12월 11일에는 2150주를, 12월 12일에는 5050주를, 12월 15일에는 1800주를 매수했다. 이어 12월 16일에는 1만5000주, 12월 17일에는 6700주, 12월 18일에는 5100주를 각각 매수했다.",1,000700|유수홀딩스,https://www.digitaltoday.co.kr/news/articleView.html?idxno=614029
000700,"유수홀딩스는 조세특례제한법 제104조의27에 따른 고배당기업에 해당한다고 밝혔다. 공시 내용에 따르면 2024년 12월 31일이 속하는 사업연도의 배당소득은 91억1463만4200원이며, 직전 사업연도인 2025년 배당성향은 199.43%로 기재됐다.",사업 부문별로는 IT부문에서 AI기술을 단계적으로 도입해 주요 솔루션을 고도화하고 R&D 투자를 확대하기로 했다. 물류부문은 네트워크를 기반으로 해외 물류사업 확대를 추진한다. 유수홀딩스는 조세특례제한법 제104조의27에 따른 고배당기업에 해당한다고 밝혔다.,2,000700|유수홀딩스,https://www.digitaltoday.co.kr/news/articleView.html?idxno=651159
000700,"지난해 3분기까지 유수홀딩스 연결순이익(175억원) 중 95.4%(167억원)를 싸이버로지텍이 책임졌다. ◇ 오너일가, 1100억 주식자산 생겨…배당 중단 가능성 유수홀딩스가 싸이버로지텍 배당을 중지시킬 가능성도 있다.",코스피 상장사 유수홀딩스는 배당주라 불러도 손색이 없다. 최근 3년 평균 배당성향이 50%에 달한다. 배당수익률도 6% 내외로 코스피 평균의 3배에 달한다.,0,000700|유수홀딩스,https://www.the-stock.kr/news/articleView.html?idxno=31981
032750,"중견기업을 대상으로 연구개발(R&D)과 수출, 금융, 컨설팅 등을 패키지로 지원하는 ‘월드클래스 플러스 프로젝트’는 바이오, 반도체, 인공지능(AI) 등 첨단 산업 분야에서 글로벌 성장 잠재력과 경쟁력을 갖춘 기업을 정부가 선정·육성하는 프로그램이다. 삼진제약은 산업통상자원부가 주관하는 ‘월드클래스 플러스 프로젝트 지원사업’에 최종 선정됐다고 밝혔다.","글자크기 설정 시 다른 기사의 본문도 동일하게 적용됩니다. 삼진제약은 산업통상자원부가 주관하는 ‘월드클래스 플러스 프로젝트 지원사업’에 최종 선정됐다고 밝혔다. 중견기업을 대상으로 연구개발(R&D)과 수출, 금융, 컨설팅 등을 패키지로 지원하는 ‘월드클래스 플러스 프로젝트’는 바이오, 반도체, 인공지능(AI) 등 첨단 산업 분야에서 글로벌 성장 잠재력과 경쟁력을 갖춘 기업을 정부가 선정·육성하는 프로그램이다.",2,032750|삼진,https://www.joongang.co.kr/article/25418593
032750,"“엄마, 집에 가라”…죽음에 이르러서야 그곳을 떠난 엄마 [단독] 국방부 영내서 부사관 숨진 채 발견…“사망 경위 파악 중” 돌봄 최전선 ‘요양보호사’ 대란…“어르신 못받아” 호르무즈 유조선 7척 운항 재개되나…정부 “통항 가능 확인 중” “정부도 사전 논의 없었다”…경남도민 전원 ‘생활지원금’ 강행 이란 성명에 붙은 ‘IF(만약)’…“공격 중단시 방어 중단” 요약 내용은 네이버 및 OpenAI 社의 AI 서비스를 통해 제공하","실시간 뜨거운 관심을 받고 있는 뉴스 각 플랫폼에서 최근 1시간 동안 많이 본 KBS 기사를 제공합니다. “엄마, 집에 가라”…죽음에 이르러서야 그곳을 떠난 엄마 [단독] 국방부 영내서 부사관 숨진 채 발견…“사망 경위 파악 중” 돌봄 최전선 ‘요양보호사’ 대란…“어르신 못받아” 호르무즈 유조선 7척 운항 재개되나…정부 “통항 가능 확인 중” “정부도 사전 논의 없었다”…경남도민 전원 ‘생활지원금’ 강행 이란 성명에 붙은 ‘IF(만약)’…“공격 중단시 방어 중단” 요약 내용은 네이버 및 OpenAI 社의 AI 서비스를 통해 제공하고 있습니다. 기사의 내용을 올바르게",1,032750|삼진,https://news.kbs.co.kr/news/pc/view/view.do?ncd=8530235&ref=A
032750,"이날 다저스는 원래 미겔 로하스를 유격수로 기용할 예정이었으나, 갑작스럽게 가족 문제로 로하스가 선발 명단에서 빠지면서 김혜성이 대신 선발로 출장했다. 김혜성은 이날 경기에서 3타수 1안타 2득점 1볼넷 2삼진을 기록하며 2경기 연속 안타 행진을 이어갔다.","김혜성은 이날 경기에서 3타수 1안타 2득점 1볼넷 2삼진을 기록하며 2경기 연속 안타 행진을 이어갔다. 바로 전날 멀티히트를 기록했던 김혜성은, 이번 경기에서도 다시 안타를 기록하며 최근 좋은 타격감을 입증했다. 이날 다저스는 원래 미겔 로하스를 유격수로 기용할 예정이었으나, 갑작스럽게 가족 문제로 로하스가 선발 명단에서 빠지면서 김혜성이 대신 선발로 출장했다.",1,032750|삼진,https://www.ppss.kr/news/articleView.html?idxno=291913
032750,"<이코노믹리뷰>가 사업 보고서를 토대로 매출액 상위 주요 제약바이오 기업 30곳의 연구개발(R&D) 투자 현황을 집계한 결과, 조사 대상 기업들은 지난해 연구개발에 총 2조9166억원을 투입한 것으로 파악됐다. 세부적으로 보면 셀트리온이 1년 새 624억원을 더 집행하며 조사 대상 중 연구개발 비용 증가액이 가장 높았다.","국내 주요 제약바이오 기업들이 어려운 경영 환경 속에서도 미래 성장동력에 대한 투자를 확대했다. 기업 3곳 중 2곳은 1년 사이 연구개발(R&D)에 대한 투자를 늘렸다. <이코노믹리뷰>가 사업 보고서를 토대로 매출액 상위 주요 제약바이오 기업 30곳의 연구개발(R&D) 투자 현황을 집계한 결과, 조사 대상 기업들은 지난해 연구개발에 총 2조9166억원을 투입한 것으로 파악됐다.",1,032750|삼진,https://www.econovill.com/news/articleView.html?idxno=736539
002350,"넥센타이어는 2012년에 처음으로 해외 완성차 제조사에 신차용 타이어 공급을 시작한 이후, 2016년 포르쉐를 필두로 메르세데스-벤츠, BMW, 아우디 등 프리미엄 브랜드와 스텔란티스, 폭스바겐 등 글로벌 완성차 업체의 주요 공급사로 자리매김했다. 넥센타이어는 2024년 출시한 르노코리아의 중형 SUV인 그랑 콜레오스에 이어 이번 필랑트까지 공급을 이어가며 파트너십을 확대하고 있다.",이번에 공급되는 제품은 사계절 주행 성능을 갖춘 스포츠 유틸리티차량(SUV) 및 크로스오버유틸리티차량(CUV) 전용 올시즌 타이어로 19인치 규격이 장착된다. 필랑트는 세단과 SUV의 특성을 결합한 크로스오버 차량으로 최신 하이브리드 동력 장치를 탑재한 르노의 전략 모델이다. 하이브리드 차량은 전기모터와 내연기관을 함께 사용하는 만큼 타이어에 요구되는 기술 기준도 높다.,1,002350|넥센타이어,http://www.popcornnews.net/news/articleView.html?idxno=117582
002350,"넥센타이어는 르노코리아의 '필랑트'에 신차용 타이어로 '로디안 GTX(ROADIAN GTX)'를 공급한다고 6일 밝혔다. 2012년에 처음으로 해외 완성차 제조사에 신차용 타이어 공급을 시작한 이후, 2016년 포르쉐를 필두로 메르세데스-벤츠, BMW, 아우디 등 프리미엄 브랜드와 스텔란티스, 폭스바겐 등 글로벌 완성차 업체의 주요 공급사로 자리매김했다.",넥센타이어는 르노코리아의 '필랑트'에 신차용 타이어로 '로디안 GTX(ROADIAN GTX)'를 공급한다고 6일 밝혔다. 이번에 공급되는 제품은 사계절 주행 성능을 갖춘 스포츠 유틸리티차량(SUV) 및 크로스오버유틸리티차량(CUV) 전용 올시즌 타이어로 19인치 규격이 장착된다. 필랑트는 세단과 SUV의 특성을 결합한 크로스오버 차량으로 최신 하이브리드 동력 장치를 탑재한 르노의 전략 모델이다.,1,002350|넥센타이어,https://www.cnbnews.com/news/article.html?no=787670
002350,"캐딜락·GMC, 부산 전시장 오픈..부산지역 세일즈 네트워크 강화 벤츠 사회공헌위원회, 기브앤 레이스 2만명 참가..기부금 10억여원 조성 넥센타이어, 르노 ‘필랑트’에 신차용 타이어 공급..그 배경은? 넥센타이어, 르노 ‘필랑트’에 신차용 타이어 공급..그 배경은?","넥센타이어, 르노 ‘필랑트’에 신차용 타이어 공급..그 배경은? 캐딜락·GMC, 부산 전시장 오픈..부산지역 세일즈 네트워크 강화 벤츠 사회공헌위원회, 기브앤 레이스 2만명 참가..기부금 10억여원 조성 넥센타이어, 르노 ‘필랑트’에 신차용 타이어 공급..그 배경은? 2026-04-06 16:11 넥센타이어(대표 김현석)는 르노코리아의 신형 플래그십 CUV ‘필랑트’에 신차용 타이어(OE)로 ‘로디안 GTX(ROADIAN GTX)’를 공급한다고 6일 밝혔다.",1,002350|넥센타이어,https://www.dailycar.co.kr/content/news.html?type=view&autoId=61243
002350,넥센타이어가 르노코리아의 '필랑트'에 신차용 타이어로 '로디안 GTX(ROADIAN G...,넥센타이어가 르노코리아의 '필랑트'에 신차용 타이어로 '로디안 GTX(ROADIAN G...,1,002350|넥센타이어,http://mbnmoney.mbn.co.kr/news/view?news_no=MM1005807499
002350,넥센타이어는 6일 르노코리아의 크로스오버 모델 ‘필랑트’에 신차용 타이어(OE)로 ‘로디안 GTX’를 공급한다고 밝혔다. 넥센타이어가 르노코리아 신차에 타이어를 공급하며 협력 관계를 이어간다.,넥센타이어가 르노코리아 신차에 타이어를 공급하며 협력 관계를 이어간다. 넥센타이어는 6일 르노코리아의 크로스오버 모델 ‘필랑트’에 신차용 타이어(OE)로 ‘로디안 GTX’를 공급한다고 밝혔다. 해당 차량은 하이브리드 파워트레인을 탑재한 CUV로 국내 판매 물량과 함께 일부 수출 차량에도 동일 제품이 장착될 예정이다.,2,002350|넥센타이어,https://www.getnews.co.kr/news/articleView.html?idxno=867102
002700,정윤석 신일전자 대표이사가 제67기 정기주주총회에서 인사말을 전하고 있다. 사진=신일전자 제공 매일일보 = 오시내 기자 | 신일전자가 실적 개선 흐름 속에서 정기주주총회를 열고 주요 안건을 확정했다. 영업이익이...,정윤석 신일전자 대표이사가 제67기 정기주주총회에서 인사말을 전하고 있다. 사진=신일전자 제공 매일일보 = 오시내 기자 | 신일전자가 실적 개선 흐름 속에서 정기주주총회를 열고 주요 안건을 확정했다. 영업이익이...,1,002700|신일전자,https://www.m-i.kr/news/articleView.html?idxno=1359816
002700,신일전자가 제67기 정기주주총회를 개최하고 정윤석 대표이사를 사내이사로 재선임했다고 30일 밝혔다. 이날 주주총회에서는 △재무제표 승인 △사내이사 선임 △사외이사 선임 △이사 보수 한도 승인 △감사 보수 한도 승인 등 5개 안건이 모두 원안대로 가결됐다.,신일전자가 제67기 정기주주총회를 개최하고 정윤석 대표이사를 사내이사로 재선임했다고 30일 밝혔다. 이날 주주총회에서는 △재무제표 승인 △사내이사 선임 △사외이사 선임 △이사 보수 한도 승인 △감사 보수 한도 승인 등 5개 안건이 모두 원안대로 가결됐다. 신일전자는 이번 주총을 통해 현금 배당을 1주당 20원으로 확정했다.,1,002700|신일전자,https://www.ajunews.com/view/20260330162814326
002700,신일전자가 실적 개선 흐름 속에서 주주환원과 경영 안정성을 동시에 강화하고 있다. 비용 구조 개선과 제품 경쟁력 강화가 실적 개선을 견인한 것으로 분석된다.,"신일전자가 실적 개선 흐름 속에서 주주환원과 경영 안정성을 동시에 강화하고 있다. 신일전자는 충남 천안 본사에서 제67기 정기주주총회를 개최하고 주요 안건을 원안대로 가결했다고 30일 밝혔다. 이번 주주총회에서는 재무제표 승인과 함께 사내·사외이사 선임, 이사 및 감사 보수 한도 승인 등 5개 안건이 모두 통과됐다.",1,002700|신일전자,https://www.pinpointnews.co.kr/news/articleView.html?idxno=441236
002700,"29일 업계에 따르면 신일전자가 '종합가전기업'으로 도약하겠다고 선언한 지 7년 차에 접어들었지만 여전히 매출 절반이 선풍기에서 나왔다. 신일전자의 전체 매출에서 선풍기 매출 비중은 △2023년 52.1% △2024년 51% △2025년 49.7%(2025년 상반기 기준 75.8%)로 지속적으로 내려왔지만, 여전히 절반에 가까운 비중이다.","다만 기록적 폭염·혹한이라는 기상 특수에 기댄 측면이 강해 탈(脫)계절 구조 전환은 현재 진행형이라는 평가가 나온다. 29일 업계에 따르면 신일전자가 '종합가전기업'으로 도약하겠다고 선언한 지 7년 차에 접어들었지만 여전히 매출 절반이 선풍기에서 나왔다. 신일전자의 전체 매출에서 선풍기 매출 비중은 △2023년 52.1% △2024년 51% △2025년 49.7%(2025년 상반기 기준 75.8%)로 지속적으로 내려왔지만, 여전히 절반에 가까운 비중이다.",1,002700|신일전자,https://www.news1.kr/industry/sb-founded/6116754
002700,지난해 매출·영업익 골고루 상승 선풍기·히터 등 전매출 70% 달해 무선 청소기 등 제품군 속속 확대 계절 의존도 줄이고 수익성 개선 신일전자가 계절가전 호조를 발판으로 실적 반등에 성공했다. 제품군을 확대하며...,지난해 매출·영업익 골고루 상승 선풍기·히터 등 전매출 70% 달해 무선 청소기 등 제품군 속속 확대 계절 의존도 줄이고 수익성 개선 신일전자가 계절가전 호조를 발판으로 실적 반등에 성공했다. 제품군을 확대하며...,0,002700|신일전자,https://www.asiatoday.co.kr/view.php?key=20260325010007768
005090,SGC에너지가 AI 데이터센터 사업 추진을 위해 신규 법인 2곳에 350억원을 출자하기로 했다. 1일 서울 서초구 본사에서 열린 이사회에서는 AI 데이터센터 신규법인 설립을 위한 출자 안건이 의결됐다.,SGC에너지가 AI 데이터센터 사업 추진을 위해 신규 법인 2곳에 350억원을 출자하기로 했다. 1일 서울 서초구 본사에서 열린 이사회에서는 AI 데이터센터 신규법인 설립을 위한 출자 안건이 의결됐다. 신규 법인은 각각 역할이 나뉘어 설계됐다.,1,005090|SGC에너지,https://www.aitimes.com/news/articleView.html?idxno=208773
005090,"상반기 내 신규 법인으로 사업 부지 이관을 마치고, 하반기에는 PF 구조 확정과 착공 개시 등 2028년 1분기 40MW 모듈형 AI 데이터센터 상업 가동을 목표로 전사적 역량을 집중하고 있다. SGC에너지는 이달 초에는 AI 데이터센터 사업 법인 설립을 위한 행정적 절차를 모두 완료하며 미래 성장 엔진 구축에 속도를 낼 계획이다.","출자 금액은 AI 데이터센터 사업 수행을 위한 총 2개의 신규 법인 자본금이며, SGC에너지가 전액 출자해 100% 지분을 갖는다. 신규 법인명은 각각 SGC AI 인프라 주식회사(SGC AI Infra Co., Ltd.)와 SGC 데이터 파워 주식회사(SGC Data Power Co., Ltd.)다. SGC AI 인프라 주식회사가 1단계 사업인 40MW 규모의 모듈형 데이터센터 사업을 맡으며, SGC 데이터 파워 주식회사는 다음 단계인 260MW 데이터센터와 발전소를 구축하는 사업을 수행한다.",1,005090|SGC에너지,https://www.todayenergy.kr/news/articleView.html?idxno=296019
005090,SGC에너지가 AI 데이터센터 사업 본격화를 위해 신규 법인 설립에 350억원을 출자한다. SGC에너지는 1일 서울 서초구 본사에서 이사회를 열고 AI 데이터센터 신규 법인 설립을 위한 총 350억원 출자 안건을 의결했다고 밝혔다.,"SGC에너지가 AI 데이터센터 사업 본격화를 위해 신규 법인 설립에 350억원을 출자한다. SGC에너지는 1일 서울 서초구 본사에서 이사회를 열고 AI 데이터센터 신규 법인 설립을 위한 총 350억원 출자 안건을 의결했다고 밝혔다. 이번 출자는 신규 설립되는 2개 법인의 자본금으로, SGC에너지가 전액 출자해 지분 100%를 보유한다.",1,005090|SGC에너지,https://www.electimes.com/news/articleView.html?idxno=366642
005090,"SGC에너지가 AI 데이터센터 사업 추진을 위한 신규 법인 설립과 출자를 확정했다. 단계별 데이터센터 구축 계획과 함께 전력 기반 인프라 사업 확대에 나선 모습이다. SGC에너지(대표 이복영, 이우성, 박준영)는 1일...","SGC에너지가 AI 데이터센터 사업 추진을 위한 신규 법인 설립과 출자를 확정했다. 단계별 데이터센터 구축 계획과 함께 전력 기반 인프라 사업 확대에 나선 모습이다. SGC에너지(대표 이복영, 이우성, 박준영)는 1일...",2,005090|SGC에너지,http://www.ikld.kr/news/articleView.html?idxno=332007
005090,7일 소방 당국 지난 1월11일 K팝을 소재로 한 애니메이션 ‘케이팝 데몬 헌터스’가 골든글로브 시상식에서 2관왕을 거머 법원이 ‘현금 살포’ 의혹으로 더불어민주당에서 제명된 김관영 전북특별자치도지사의 제명 효력정지 가 경남 함안군에서 같은 날 공장 화재와 안전사고가 잇따라 발생해 인명피해가 이어졌다. 디플러스 기아는 8일 오후 5시 서울 종 “장애 아들을 위한 전문 인력과 집 근처 시설이 필요해요” 서울 은평구에 거주하는 직,"6·3 지방선거를 앞두고 문경의 대표 관광시설인 문경온천을 둘러싼 전·현직 시장 간 관계가 다시 도마 더불어민주당 목포시장 경선에 나선 이호균 예비후보의 당적에 대한 논란이 불거지면서, 전남도당이 이 예비후 이란의 주요 원유 수출 거점인 하르그섬이 미국의 공습으로 7일 오후 2시(한국시간 오후 7시30분) 이후 여러 차례 도널드 트럼프 미국 대통령이 중재국인 파키스탄 측이 제시한 이란과의 전쟁을 2주간 휴전하는데 동의한데 이어 도널드 트럼프 미국 대통령이 제시한 ‘최후통첩 시한’이 임박하면서 중동 정세가 일촉즉발로 치닫고 있 강원서 잇단 사설 구급차가 사고로 중학생이",1,005090|SGC에너지,https://www.kukinews.com/article/view/kuk202604010072
030000,제일기획은 인공지능(AI) 기술을 접목한 배너 이미지 변형 자동화 솔루션 '베리에이드(VariAid)'를 도입했다고 8일 밝혔다. 이 프로그램은 온라인 배너 광고를 매체와 규격에 맞춰 변형해주는 솔루션이다. AI 비주얼 콘텐츠...,제일기획은 인공지능(AI) 기술을 접목한 배너 이미지 변형 자동화 솔루션 '베리에이드(VariAid)'를 도입했다고 8일 밝혔다. 이 프로그램은 온라인 배너 광고를 매체와 규격에 맞춰 변형해주는 솔루션이다. AI 비주얼 콘텐츠...,1,030000|제일기획,http://www.fnnews.com/news/202604081816389374
030000,제일기획이 인공지능(AI) 전문 기업 드랩이 제작한 '베리에이드(VariAid)'를 도입해 광고 제작 효율화에 나선다고 8일 밝혔다. 베리에이드는 AI 기술을 이용한 배너 이미지 변형 자동화 솔루션으로 온라인 배너 광고를...,제일기획이 인공지능(AI) 전문 기업 드랩이 제작한 '베리에이드(VariAid)'를 도입해 광고 제작 효율화에 나선다고 8일 밝혔다. 베리에이드는 AI 기술을 이용한 배너 이미지 변형 자동화 솔루션으로 온라인 배너 광고를...,1,030000|제일기획,https://www.mk.co.kr/article/12011760
030000,"제일기획이 인공지능(AI) 기반 배너 광고 자동화 솔루션 ‘베리에이드’를 도입했다고 8일 밝혔다. 베리에이드는 AI 비주얼 콘텐츠 기업 '드랩'이 개발한 솔루션으로, 온라인 배너 광고를 매체별 규격에 맞춰 자동 변형...","제일기획이 인공지능(AI) 기반 배너 광고 자동화 솔루션 ‘베리에이드’를 도입했다고 8일 밝혔다. 베리에이드는 AI 비주얼 콘텐츠 기업 '드랩'이 개발한 솔루션으로, 온라인 배너 광고를 매체별 규격에 맞춰 자동 변형...",1,030000|제일기획,http://www.inews24.com/view/1958377
030000,제일기획이 AI 기술을 접목한 배너 이미지 베리에이션(변형) 자동화 솔루션 ‘베리에이드(VariAid)’를 도입했다고 8일 밝혔다. 베리에이드는 제일기획이 아이디어를 제공하고 AI 비주얼 콘텐츠 전문기업 드랩(Draph)이...,제일기획이 AI 기술을 접목한 배너 이미지 베리에이션(변형) 자동화 솔루션 ‘베리에이드(VariAid)’를 도입했다고 8일 밝혔다. 베리에이드는 제일기획이 아이디어를 제공하고 AI 비주얼 콘텐츠 전문기업 드랩(Draph)이...,1,030000|제일기획,https://ditoday.com/%ec%a0%9c%ec%9d%bc%ea%b8%b0%ed%9a%8d-ai-%eb%b0%b0%eb%84%88-%ea%b4%91%ea%b3%a0-%ec%9e%90%eb%8f%99%ed%99%94-%ec%86%94%eb%a3%a8%ec%85%98-%eb%b2%a0%eb%a6%ac%ec%97%90%ec%9d%b4%eb%93%9c/
137400,"■ 주식회사 코리아 인스트루먼트가족, [2동탄 동탄산단] 반도체 장비 제조 생산직 구인 ▷지원자격 : 신입 / 학력(학력무관) ▷채용기간 : 채용시까지 ▷전형방법 : 서류, 면접 ▷근무지역 : 경기도 화성시 동탄구 동탄산단4길 9-29, (코리아인스트루먼트) (방교동) ▷근무시간 : 주야 2교대 (부서별 3주단위, 4주단위 교대) -> 08:30~17:30(주간), 21:00 ~ 05:30(야간) ▷임금 : 연봉 33000만원","■ 주식회사 코리아 인스트루먼트가족, [2동탄 동탄산단] 반도체 장비 제조 생산직 구인 ▷지원자격 : 신입 / 학력(학력무관) ▷채용기간 : 채용시까지 ▷전형방법 : 서류, 면접 ▷근무지역 : 경기도 화성시 동탄구 동탄산단4길 9-29, (코리아인스트루먼트) (방교동) ▷근무시간 : 주야 2교대 (부서별 3주단위, 4주단위 교대) -> 08:30~17:30(주간), 21:00 ~ 05:30(야간) ▷임금 : 연봉 33000만원이 ▷고용형태 : 기간의 정함이 있는 근로계약 ▷근무형태 : 주 6일 근무, 2조2교 ▷복리후생 : 통근버스, 기숙사, 차량유지비, 교육비 지원",1,137400|피엔티,https://www.news2day.co.kr/article/20260327500109
137400,피엔티가 일본 배터리 전시회에 참가해 전극 공정 장비와 건식 코팅 기술을 공개한다. 피엔티는 건식 코팅 기반 전고체 배터리 공정 기술과 페로브스카이트 코팅 기술도 공개한다.,피엔티가 일본 배터리 전시회에 참가해 전극 공정 장비와 건식 코팅 기술을 공개한다. 피엔티는 이달 17~19일 일본 도쿄 빅사이트에서 열리는 '배터리재팬(Battery Japan) 2026'에 참가한다고 16일 밝혔다. 피엔티는 고정밀 전극 제조 설비와 차세대 에너지 공정 기술을 소개한다.,1,137400|피엔티,https://www.thelec.kr/news/articleView.html?idxno=53690
137400,배터리재팬은 올해로 20회를 맞는 국제전시회로 배터리·풍력·태양광·수소연료전지·스마트그리드 등 다양한 에너지 산업을 아우르는 'Smart Energy Week' 연합 엑스포 핵심 행사다. 이와 함께 건식 코팅 장비 기술을 토대로한 전고체 배터리 공정 솔루션과 차세대 태양광 소재인 페로브스카이트 코팅 기술을 함께 소개한다.,배터리재팬은 올해로 20회를 맞는 국제전시회로 배터리·풍력·태양광·수소연료전지·스마트그리드 등 다양한 에너지 산업을 아우르는 'Smart Energy Week' 연합 엑스포 핵심 행사다. 피엔티는 이번 전시회에서 고정밀 전극 제조 설비 기술과 차세대 에너지 공정 솔루션을 소개한다. 특히 핵심 장비인 롤투롤 공정 기술을 중점적으로 선보인다.,1,137400|피엔티,https://www.ddaily.co.kr/page/view/2026031610592119429
137400,"등록 2026.03.16 11:13:12 꽃신에 감동받은 메릴 스트립-앤 헤서웨이 AMRO, 올해 한국 경제성장률 1.9% 전망 '구준엽 처제' 서희제, 방송 복귀서 오열·욕설 ""샤워 매번 같이""…김지영, 파격 '신혼 루틴' 고백 '방한' 트럼프 측근 ""올가을 북미 정상회담 가능성 높다"" 정부, 새만금 2호 투자진흥지구 지정…현대차 9조 투자 뒷받침 美민주, 트럼프 탄핵소추안 발의…'직무정지' 요구도 ""당연히 올 거라고 생각""","등록 2026.03.16 11:13:12 꽃신에 감동받은 메릴 스트립-앤 헤서웨이 AMRO, 올해 한국 경제성장률 1.9% 전망 '구준엽 처제' 서희제, 방송 복귀서 오열·욕설 ""샤워 매번 같이""…김지영, 파격 '신혼 루틴' 고백 '방한' 트럼프 측근 ""올가을 북미 정상회담 가능성 높다"" 정부, 새만금 2호 투자진흥지구 지정…현대차 9조 투자 뒷받침 美민주, 트럼프 탄핵소추안 발의…'직무정지' 요구도 ""당연히 올 거라고 생각"" 정선희, 안재환 실종 신고 지연 이유 故김창민 감독 가해자 ""죽을 죄 지었다…거듭 사죄드린다"" 이란 ""美, 이란 요구 10개항 전부 수용…호르",1,137400|피엔티,https://www.newsis.com/view/NISX20260316_0003549746
036710,국세청이 실제로 자금 흐름과 과세 문제를 들여다볼지 여부에 따라 이번 논란은 단순 의혹을 넘어 세무 조사 또는 제도 논쟁으로 확대될 가능성도 제기되고 있다. 심텍은 글로벌 반도체 패키지기판 시장에서 활동하는 기업으로 연 매출 1조 원대 규모의 사업을 운영하고 있다.,"11일 국회에서 열린 재정경제기획위원회 업무보고에서 이소영 의원이 상장사 자금을 활용한 우회 증여 의혹 사례로 이른바 ‘S홀딩스’ 사례를 언급하면서 관련 기업의 지배구조 논란이 다시 주목받고 있다. 이 의원은 이날 발언에서 코스닥 상장 지주사가 해외 법인으로 약 1000억 원 규모 자금을 투자·대여한 뒤 투자금을 손실 처리하고, 이후 오너 2세 개인회사로 지분이 이동했다는 의혹 구조를 사례로 제시하며 상장사 자금 활용 방식과 편법적 승계 가능성을 지적한 것으로 알려졌다. 정치권과 금융시장에서는 이 사례가 심텍홀딩스의 자금 흐름 구조와 유사하다는 지적이 나오며 논란이",1,036710|심텍홀딩스,https://wemakenews.co.kr/news/view.php?no=24793
036710,"같은 기간 영업손실은 332억9091만5753원으로 전년 영업손실 1315억1257만3158원 대비 적자 폭이 74.6% 축소됐다. 심텍홀딩스의 2025년 매출액은 1조5280억8401만2715원으로, 2024년 1조3021억1161만3999원 대비 17.3% 증가했다.","심텍홀딩스의 2025년 매출액은 1조5280억8401만2715원으로, 2024년 1조3021억1161만3999원 대비 17.3% 증가했다. 같은 기간 영업손실은 332억9091만5753원으로 전년 영업손실 1315억1257만3158원 대비 적자 폭이 74.6% 축소됐다. 당기순손실은 1593억7925만5457원으로, 전년 당기순손실 1123억1913만4785원 대비 41.8% 확대됐다.",0,036710|심텍홀딩스,https://www.digitaltoday.co.kr/news/articleView.html?idxno=634518
036710,지난 2020년 주식회사 대덕에서 인적분할하며 유가증권시장에 화려하게 등장한 대덕전자는 이제 단순한 부품 제조사를 넘어 글로벌 첨단 기판 솔루션 기업으로 거듭나고 있다. 고영은 고대역폭메모리(HBM) 검사 수요 증가에 힘입어 8.38% 오른 2만 6500원에 거래 중이다.,"스마트폰과 자동차, 데이터센터가 인공지능(AI)을 직접 탑재하는 '온디바이스 AI' 열풍이 불면서 국내 전자장비와기기 업종이 1일 강력한 상승 랠리를 펼치고 있다. 고성능 연산을 지원하기 위한 고다층 기판(MLB)과 첨단 패키징 기판, 고화소 카메라 모듈 등에 대한 글로벌 수요가 폭발하며 국내 기업들의 실적 눈높이가 가파르게 상향 조정되는 추세다. 가장 뜨거운 관심을 받는 종목은 카메라 모듈의 강자 LG이노텍이다.",1,036710|심텍홀딩스,https://www.pinpointnews.co.kr/news/articleView.html?idxno=441754
036710,이수페타시스는 AI 가속기용 기판 공급 물량 확대 소식에 힘입어 9.00% 상승한 12만 5900원에 거래되며 업종 상승을 주도하고 있다. 가장 눈에 띄는 종목은 에이엔피다.한국거래소에 따르면 이날 오전 9시28분 현재 기판 사업의 수익성 개선 전망 속에 18.53% 상승한 678원에 거래되고 있다.,전자장비와기기 업종이 24일 전일 대비 4.66% 급등하며 강력한 상승 모멘텀을 과시하고 있다. 인공지능(AI) 데이터센터 확충에 필수적인 고다층 기판(MLB) 수요 폭증과 자율주행 및 전기차용 전장 부품의 공급 확대가 업종 전체의 지수를 끌어올리는 주된 동력이다. 고부가 가치 부품을 중심으로 실적 개선 기대감이 반영되며 외국인과 기관의 동반 매수세가 유입되는 모습이다.,1,036710|심텍홀딩스,https://www.pinpointnews.co.kr/news/articleView.html?idxno=439379
012630,Redirecting to /news/view/1631292/HDC-%E2%80%9C%EA%B3%B5%EC%A0%95%EC%9C%84-171%EC%96%B5-%EA%B3%BC%EC%A7%95%EA%B8%88-%EC%9C%A0%EA%B0%90-2026 Moved Permanently.,Moved Permanently. Redirecting to /news/view/1631292/HDC-%E2%80%9C%EA%B3%B5%EC%A0%95%EC%9C%84-171%EC%96%B5-%EA%B3%BC%EC%A7%95%EA%B8%88-%EC%9C%A0%EA%B0%90-2026,1,012630|HDC,https://www.dailian.co.kr/news/view/1631292/?sc=Naver
012630,"출처 = HDC 공정거래위원회가 HDC의 계열사 부당지원 행위를 문제 삼아 제재를 결정한 가운데, HDC가 이에 대해 강하게 반발하고 나섰다. 공정거래위원회는 HDC가 용산민자역사 개장 초기, 임대차 거래를 가장해 약 360억 원...","출처 = HDC 공정거래위원회가 HDC의 계열사 부당지원 행위를 문제 삼아 제재를 결정한 가운데, HDC가 이에 대해 강하게 반발하고 나섰다. 공정거래위원회는 HDC가 용산민자역사 개장 초기, 임대차 거래를 가장해 약 360억 원...",1,012630|HDC,http://www.biztribune.co.kr/news/articleView.html?idxno=352074
012630,"입력 2026.04.08 18:00 하이퍼스타-필앤굿컴퍼니, 전략적 제휴…“노출 아닌 매출 중심 인플루언서 마케팅 전환” 이란戰 휴전 소식에 코스피 '불기둥'...6.87% 오르며 '고지전' 시작 농심, 6월 러시아 법인 설립…“2030년까지 매출 3000만달러 달성”","입력 2026.04.08 18:00 하이퍼스타-필앤굿컴퍼니, 전략적 제휴…“노출 아닌 매출 중심 인플루언서 마케팅 전환” 이란戰 휴전 소식에 코스피 '불기둥'...6.87% 오르며 '고지전' 시작 농심, 6월 러시아 법인 설립…“2030년까지 매출 3000만달러 달성”",1,012630|HDC,https://economist.co.kr/article/view/ecn202604080089
012630,"HDC는 공정거래위원회의 계열사 부당지원 제재에 반발하고, 법적 절차를 통해 정상적인 거래였음을 소명하겠다는 입장을 내놨다. HDC는 8일 입장문을 통해 “임대차 거래로 위장해 보증금 명목으로 자금을 대여했다는...","HDC는 공정거래위원회의 계열사 부당지원 제재에 반발하고, 법적 절차를 통해 정상적인 거래였음을 소명하겠다는 입장을 내놨다. HDC는 8일 입장문을 통해 “임대차 거래로 위장해 보증금 명목으로 자금을 대여했다는...",1,012630|HDC,https://www.viva100.com/article/20260408501306
012630,"공정거래위원회가 계열사 부당지원 혐의로 HDC에게 과징금 171억3300만원을 부과하고 검찰에 고발하기로 했습니다.아이파크몰과 임대차 계약을 맺고 360억원을 사실상 무이자 수준으로 빌려줬다는 건데요.HDC는 ""상가...","공정거래위원회가 계열사 부당지원 혐의로 HDC에게 과징금 171억3300만원을 부과하고 검찰에 고발하기로 했습니다.아이파크몰과 임대차 계약을 맺고 360억원을 사실상 무이자 수준으로 빌려줬다는 건데요.HDC는 ""상가...",0,012630|HDC,https://news.mtn.co.kr/news-detail/2026040816372280509
012330,"특히 기아(대표 송호성·최준영)와 현대모비스(대표 정의선, 이규석)는 10% 이상 늘었다. 현대모비스는 처음으로 보유 특허 1만 건을 넘어섰다. 반면 현대자동차(대표 정의선·무뇨스)와 현대케피코(대표 오준동)는 특허...","특히 기아(대표 송호성·최준영)와 현대모비스(대표 정의선, 이규석)는 10% 이상 늘었다. 현대모비스는 처음으로 보유 특허 1만 건을 넘어섰다. 반면 현대자동차(대표 정의선·무뇨스)와 현대케피코(대표 오준동)는 특허...",2,012330|현대모비스,http://www.consumernews.co.kr/news/articleView.html?idxno=753569
012330,"이어 그는 현대모비스의 1분기 영업이익이 자사 추정치를 하회한 8560억원 수준에 그칠 것으로 전망했다. 유지웅 다올투자증권 연구원은 현대모비스의 2026년 1분기 매출액은 15조7000억원, 영업이익은 8244억원을 기록할 것으로 예상하면서도 “이는 시장 기대치를 약 4%가량 하회하는 수치”라고 설명했다.","6일 김귀연 대신증권 연구원은 “올해 중동 전쟁에 따른 원재료비 부담 감안해 이익 추정치 및 목표주가를 소폭 조정했다”며 “상저하고 실적 패턴상 올해 1분기 실적 모멘텀은 제한적”이라고 밝혔다. 이어 그는 현대모비스의 1분기 영업이익이 자사 추정치를 하회한 8560억원 수준에 그칠 것으로 전망했다. 그러면서 “모듈·부품은 완성차 물량 효과 제한적인 가운데, 반도체-환율 동반 상승으로 핵심부품/전동화 사업부 부담이 늘었을 것이고 AS는 기존 재고 영향으로 미국 관세 인하 영향이 2분기부터 반영될 것”이라고 전망했다.",1,012330|현대모비스,http://www.koreastocknews.com/news/articleView.html?idxno=117779
012330,울산 현대모비스의 함지훈은 4월 8일 울산동천체육관에서 열린 2025-2026 LG 전자 프로농구 정규시즌 마지막 경기이자 은퇴 경기에 선발 출전했다. 경기 전 현대모비스 선수들은 함지훈의 등번호(12번)가 찍힌 티셔츠를...,울산 현대모비스의 함지훈은 4월 8일 울산동천체육관에서 열린 2025-2026 LG 전자 프로농구 정규시즌 마지막 경기이자 은퇴 경기에 선발 출전했다. 경기 전 현대모비스 선수들은 함지훈의 등번호(12번)가 찍힌 티셔츠를...,1,012330|현대모비스,https://m.sports.naver.com/basketball/article/065/0000295992
012330,"한국기업평판연구소의 2026년 4월 자동차부품 상장기업 브랜드평판 빅데이터 분석 결과, 현대모비스가 1위를 차지했다. 이어 한온시스템이 2위, 현대위아가 3위에 올랐다. 이번 조사는 2026년 3월 8일부터...","한국기업평판연구소의 2026년 4월 자동차부품 상장기업 브랜드평판 빅데이터 분석 결과, 현대모비스가 1위를 차지했다. 이어 한온시스템이 2위, 현대위아가 3위에 올랐다. 이번 조사는 2026년 3월 8일부터...",1,012330|현대모비스,https://www.cbci.co.kr/news/articleView.html?idxno=566331
012330,"삼성증권은 8일 현대모비스(012330)가 A/S 사업의 구조적 성장과 신사업 확대를 바탕으로 실적 개선 흐름을 이어갈 것이라며 투자의견 '매수(BUY)'와 목표주가 60만원을 유지했다. 현대모비스는 자동차 부품과 전동화, A/S...","삼성증권은 8일 현대모비스(012330)가 A/S 사업의 구조적 성장과 신사업 확대를 바탕으로 실적 개선 흐름을 이어갈 것이라며 투자의견 '매수(BUY)'와 목표주가 60만원을 유지했다. 현대모비스는 자동차 부품과 전동화, A/S...",2,012330|현대모비스,http://www.newsprime.co.kr/news/article.html?no=729540
010770,"평화이엔지는 자산총계 464억3600만원, 자본금 51억7400만원, 부채총계 349억6600만원, 자본총계 114억7000만원, 당기순손익 -78억8300만원을 기록하고 있다. 평화홀딩스는 1986년 3월 31일 코스피에 상장된 자동차 신품 부품 제조업체다.","평화이엔지는 자산총계 464억3600만원, 자본금 51억7400만원, 부채총계 349억6600만원, 자본총계 114억7000만원, 당기순손익 -78억8300만원을 기록하고 있다. 평화홀딩스는 1986년 3월 31일 코스피에 상장된 자동차 신품 부품 제조업체다. 타인에대한채무보증결정(자회사의주요경영사항)",1,010770|평화홀딩스,https://www.digitaltoday.co.kr/news/articleView.html?idxno=650879
010770,"평화홀딩스는 2025년 1월 1일부터 2025년 12월 31일까지 연결 기준 매출액 8836억9633만7000원, 영업이익 351억3014만3000원을 기록했다. 회사 측은 자회사 매출 증가에 따른 영업이익 개선과 영업외비용 감소가 당기순이익 개선에 영향을 줬다고 설명했다.","평화홀딩스는 2025년 1월 1일부터 2025년 12월 31일까지 연결 기준 매출액 8836억9633만7000원, 영업이익 351억3014만3000원을 기록했다. 각각 전년 대비 5.8%, 21.9% 늘었다. 재무현황을 보면 2025년 연결 기준 자산총계는 5582억5132만2000원, 부채총계는 3953억6727만9000원, 자본총계는 1628억8404만4000원이다.",0,010770|평화홀딩스,https://www.digitaltoday.co.kr/news/articleView.html?idxno=633437
010770,"평화산업의 채무보증 총 잔액은 727억8942만5840원이며, 채무보증 총잔액은 1602억7791만1440원이다. 한편, 평화홀딩스는 1986년 3월 31일 코스피에 상장된 자동차 신품 부품 제조업체다.","평화산업의 채무보증 총 잔액은 727억8942만5840원이며, 채무보증 총잔액은 1602억7791만1440원이다. 한편, 평화홀딩스는 1986년 3월 31일 코스피에 상장된 자동차 신품 부품 제조업체다.",1,010770|평화홀딩스,https://www.digitaltoday.co.kr/news/articleView.html?idxno=631439
010770,"최근실적은 2024년 12월 결산 기준으로, 자산총계 5334억원, 부채총계 4135억원, 자본총계 1199억원을 기록했다. 매출액은 8352억원, 영업이익은 288억원, 당기순이익은 24억원이다.","종목시세정보에 따르면, 평화홀딩스의 주가는 11월 25일 16시 10분 기준으로 전일 대비 1.50% 하락한 3620원에 거래를 마쳤다. 최근실적은 2024년 12월 결산 기준으로, 자산총계 5334억원, 부채총계 4135억원, 자본총계 1199억원을 기록했다. 매출액은 8352억원, 영업이익은 288억원, 당기순이익은 24억원이다. 평화홀딩스는 1986년 3월 31일 코스피 시장에 상장된 자동차 신품 부품 제조업체다. 타인에대한채무보증결정(자회사의주요경영사항)",1,010770|평화홀딩스,https://www.digitaltoday.co.kr/news/articleView.html?idxno=607616
010770,대구의 자동차 부품 전문 기업인 평화홀딩스는 지난해 연결 기준 당기순이익이 전년 대비 1천764.3% 증가하며 실적이 급반등했다. 공시에 따르면 당기순이익은 453억원으로 전년 24억원보다 429억원 늘었다. 법인세 차감...,대구의 자동차 부품 전문 기업인 평화홀딩스는 지난해 연결 기준 당기순이익이 전년 대비 1천764.3% 증가하며 실적이 급반등했다. 공시에 따르면 당기순이익은 453억원으로 전년 24억원보다 429억원 늘었다. 법인세 차감...,2,010770|평화홀딩스,https://www.imaeil.com/page/view/2026022613503712693
016710,"같은 기간 당기순이익은 216억1478만4000원으로 전년 442억7757만5000원 대비 51.2% 감소했다. 전년 매출액 1조2123억5471만8000원 대비 0.8% 늘었고, 전년 영업이익 232억9761만4000원 대비 17.4% 증가했다.","대성홀딩스의 2025년 연결기준 매출액은 1조2226억2191만1000원, 영업이익은 273억6078만4000원이었다. 전년 매출액 1조2123억5471만8000원 대비 0.8% 늘었고, 전년 영업이익 232억9761만4000원 대비 17.4% 증가했다. 같은 기간 당기순이익은 216억1478만4000원으로 전년 442억7757만5000원 대비 51.2% 감소했다.",0,016710|대성홀딩스,https://www.digitaltoday.co.kr/news/articleView.html?idxno=635082
016710,"[주주총회] 오름테라퓨틱, 액트로, 태양, 코렌텍, 시선AI, 위메이드, 코스메카코리아, 국일제지, 메디톡스, CG인바이츠, 골프존홀딩스, 네오이뮨텍, 오이솔루션, 노바렉스, 엘티씨, 오브젠, 엠투엔, 골프존, 바이오스마트, 그린생명과학, 우리로, 신테카바이오, 티플랙스, 에코글로우, 노바텍, 윈팩, 삼진, 에이텀, 제이티, 유니온바이오메트릭스, 인터플렉스, 대한광통신, 플래티어, 코어라인소프트, 위니아에이드, 비나텍, 대원,","[주주총회] 오름테라퓨틱, 액트로, 태양, 코렌텍, 시선AI, 위메이드, 코스메카코리아, 국일제지, 메디톡스, CG인바이츠, 골프존홀딩스, 네오이뮨텍, 오이솔루션, 노바렉스, 엘티씨, 오브젠, 엠투엔, 골프존, 바이오스마트, 그린생명과학, 우리로, 신테카바이오, 티플랙스, 에코글로우, 노바텍, 윈팩, 삼진, 에이텀, 제이티, 유니온바이오메트릭스, 인터플렉스, 대한광통신, 플래티어, 코어라인소프트, 위니아에이드, 비나텍, 대원, 메가스터디, 판타지오, SOOP, 이지트로닉스, 씨어스테크놀로지, 대모, 네오오토, 세종메디칼, 휴림에이텍, 앤디포스, 인선이엔티, 원익홀딩스",1,016710|대성홀딩스,https://www.etoday.co.kr/news/view/2569925
016710,"세계은행(WB) 출신 경제통 조정훈 의원은 OCI(40주), 대성창투(1050주), 대성홀딩스(223주), 영진약품(3082주)와 비상장주식인 엘피스셀테라퓨틱스(6000주)를 갖고 있다. 그가 보유한 증권은 총 2244만원 규모다. 본인...","세계은행(WB) 출신 경제통 조정훈 의원은 OCI(40주), 대성창투(1050주), 대성홀딩스(223주), 영진약품(3082주)와 비상장주식인 엘피스셀테라퓨틱스(6000주)를 갖고 있다. 그가 보유한 증권은 총 2244만원 규모다. 본인...",1,016710|대성홀딩스,http://www.fnnews.com/news/202603261045520731
016710,특히 한국가스공사는 미수금 회수 지연 및 재무 구조 악화 우려가 겹치며 4.24% 하락하며 고전 중이다. 글로벌 지정학적 위기가 심화되며 천연가스 공급망에 비상이 걸리자 국내 주식시장에서 도시가스 테마가 23일 상승랠리를 하고 있다.,글로벌 지정학적 위기가 심화되며 천연가스 공급망에 비상이 걸리자 국내 주식시장에서 도시가스 테마가 23일 상승랠리를 하고 있다. 특히 중동 지역의 군사적 긴장감이 천연가스 가격 상승을 부추길 것이라는 전망이 나오며 투자자들의 시선이 집중되고 있다. 한구거래소에 따르면 대성에너지는 이날 오전 9시17분 현재 전일 대비 16.25% 급등하며 1만 2950원에 거래 중이다.,1,016710|대성홀딩스,https://www.pinpointnews.co.kr/news/articleView.html?idxno=438998
016710,"[주주총회] 롯데칠성음료, 한화오션, 호텔신라, 신한서부티엔디리츠, GS리테일, SK리츠, 진흥기업, 일진다이아, 일진홀딩스, 일진하이솔루스, GS피앤엘, 일진전기, 고려산업, 한솔홈데코, 하이스틸, 이리츠코크렙, 미원에스씨, 효성중공업, 롯데정밀화학, 효성화학, 롯데하이마트, 송원산업, 한국수출포장공업, 삼성생명, 삼성카드, LG디스플레이, 한솔테크닉스, 삼성E&A, 디씨엠, 에스원, 유니드, 영보화학, 라피치, 파트론, K","[주주총회] 롯데칠성음료, 한화오션, 호텔신라, 신한서부티엔디리츠, GS리테일, SK리츠, 진흥기업, 일진다이아, 일진홀딩스, 일진하이솔루스, GS피앤엘, 일진전기, 고려산업, 한솔홈데코, 하이스틸, 이리츠코크렙, 미원에스씨, 효성중공업, 롯데정밀화학, 효성화학, 롯데하이마트, 송원산업, 한국수출포장공업, 삼성생명, 삼성카드, LG디스플레이, 한솔테크닉스, 삼성E&A, 디씨엠, 에스원, 유니드, 영보화학, 라피치, 파트론, KZ정밀, 삼미금속, 우수AMS, 케이엔더블유, 네이블, SGC E&C, 캐프, 키움히어로제1호스팩, LS티라유텍, 신한제16호스팩, 코나아이,",1,016710|대성홀딩스,https://www.etoday.co.kr/news/view/2566913
072990,"이 외 주요 내용으로, 이수찬은 농협은행과 주식담보대출 계약을 4월 3일 체결했으며 대상 주식등의 수는 33만주다. 이번 보고서에 따르면, 이수찬과 특별관계자 4인의 4월 3일 기준 에이치시티 보유 주식등의 수는 530만1332주, 보유 비율은 36.57%로 보고됐다.","이번 보고서에 따르면, 이수찬과 특별관계자 4인의 4월 3일 기준 에이치시티 보유 주식등의 수는 530만1332주, 보유 비율은 36.57%로 보고됐다. 주요 내역을 보면, 보고자 이수찬은 217만8632주, 15.03%, 특별관계자 허봉재는 180만503주, 12.42%, 권용택은 130만5093주, 9%를 보유 중이다. 이 외 주요 내용으로, 이수찬은 농협은행과 주식담보대출 계약을 4월 3일 체결했으며 대상 주식등의 수는 33만주다.",1,072990|에이치시티,https://www.digitaltoday.co.kr/news/articleView.html?idxno=653371
072990,입력2026.01.09 09:33 수정2026.01.09 09:40 글자크기 조절 입력2026.01.09 09:33 수정2026.01.09 09:40,입력2026.01.09 09:33 수정2026.01.09 09:40 글자크기 조절 입력2026.01.09 09:33 수정2026.01.09 09:40,1,072990|에이치시티,https://www.hankyung.com/article/202601090677i
072990,시험인증·교정 분야를 선도하는 에이치시티 허봉재 대표가 표준아너스소사이어티와 함께 지난 8일 새해 첫... 표준아너스소사이어티 회장인 허봉재 에이치시티 대표는 “앞으로 다가올 AI 시대는 AI 탑재 객체들의...,시험인증·교정 분야를 선도하는 에이치시티 허봉재 대표가 표준아너스소사이어티와 함께 지난 8일 새해 첫... 표준아너스소사이어티 회장인 허봉재 에이치시티 대표는 “앞으로 다가올 AI 시대는 AI 탑재 객체들의...,2,072990|에이치시티,https://www.etnews.com/20260109000030
072990,"이번 주식 증가는 2025년 12월 31일 자사주 상여금으로 인한 것으로, 이에 따라 김 상무의 지분율은 0.33%에서 0.35%로 0.02%포인트 상승했다. 최근 실적을 보면, 에이치시티는 2024년 12월 결산 기준으로 자산총계 1672억원, 부채총계 728억원, 자본총계 944억원을 기록했다.","이번 주식 증가는 2025년 12월 31일 자사주 상여금으로 인한 것으로, 이에 따라 김 상무의 지분율은 0.33%에서 0.35%로 0.02%포인트 상승했다. 2026년 1월 8일 오후 4시 4분 한국거래소 기준 에이치시티의 주가는 전일 대비 40원 상승한 5520원에 거래를 마쳤다. 최근 실적을 보면, 에이치시티는 2024년 12월 결산 기준으로 자산총계 1672억원, 부채총계 728억원, 자본총계 944억원을 기록했다.",1,072990|에이치시티,https://www.digitaltoday.co.kr/news/articleView.html?idxno=619582
072990,이는 직전 보고 기준일인 2025년 12월 10일 대비 1800주 증가한 수치다. 이번 주식 증가는 2025년 12월 31일 자사주상여금으로 인한 것이다.,"1월 8일 공시에 따르면, 박근호 이사는 에이치시티의 보통주 4만1052주를 보유하고 있다. 이는 직전 보고 기준일인 2025년 12월 10일 대비 1800주 증가한 수치다. 지분율도 0.27%에서 0.28%로 0.01%포인트 상승했다.",1,072990|에이치시티,https://www.digitaltoday.co.kr/news/articleView.html?idxno=619583
452190,"이는 직전 보고일인 2025년 6월 10일과 동일한 주식 수지만, 지분율은 0.01%포인트 감소했다. 이에 따라 기타 특정증권등의 수는 6만7000주 감소했으며, 보통주로 6만7000주가 증가했다.","이번 보고일 기준으로 최상국 이사의 주권 주식 수는 6만7000주로, 주권 비율은 0.28%로 나타났다. 이는 직전 보고일인 2025년 6월 10일과 동일한 주식 수지만, 지분율은 0.01%포인트 감소했다. 세부변동내역에 따르면, 최상국 이사는 2026년 3월 9일 주식매수청구권을 행사했다.",1,452190|한빛레이저,https://www.digitaltoday.co.kr/news/articleView.html?idxno=641288
452190,"이번 보고일인 2026년 3월 16일 기준으로는 주식 수가 15만5000주로 감소했으며, 비율은 1.07%로 변동됐다. 반면 주권 주식수는 10만주 증가하며 지분율은 0.42%가 됐다.","직전 보고일인 2025년 11월 13일 기준으로 장주환 상무는 25만5000주의 특정증권등을 보유하고 있었으며, 보유 비율은 1.09%였다. 이번 보고일인 2026년 3월 16일 기준으로는 주식 수가 15만5000주로 감소했으며, 비율은 1.07%로 변동됐다. 반면 주권 주식수는 10만주 증가하며 지분율은 0.42%가 됐다.",1,452190|한빛레이저,https://www.digitaltoday.co.kr/news/articleView.html?idxno=641283
452190,"최근 실적에 따르면, 한빛레이저는 2024년 12월 결산 기준으로 자산총계 344억원, 부채총계 64억원, 자본총계 281억원을 기록했다. 이에 따라 이번 보고 기준일인 2026년 3월 13일 기준으로 보유한 특정증권등의 수는 25만5000주에서 15만5000주로 감소했다.","2026년 3월 16일 공시에 따르면, 조 상무는 2026년 3월 9일 주식매수청구권을 행사해 보통주 10만주를 취득했다. 이에 따라 이번 보고 기준일인 2026년 3월 13일 기준으로 보유한 특정증권등의 수는 25만5000주에서 15만5000주로 감소했다. 조 상무의 이번 보고 기준일 기준 특정증권등의 비율은 1.07%로, 직전 보고 기준일인 2025년 11월 3일의 1.09%에서 0.02%포인트 하락했다.",0,452190|한빛레이저,https://www.digitaltoday.co.kr/news/articleView.html?idxno=641198
452190,"김정묵과 특별관계자 24인의 2026년 3월 13일 기준 한빛레이저 보유 주식등의 수는 1115만2162주, 보유 비율은 46.62%로 보고됐다. 변동내역 총괄표에 따르면, 특별관계자 최병규의 지분은 7만주, 0.29%포인트 감소한 것으로 기재됐다.","김정묵과 특별관계자 24인의 2026년 3월 13일 기준 한빛레이저 보유 주식등의 수는 1115만2162주, 보유 비율은 46.62%로 보고됐다. 주요 내역을 보면, 보고자 김정묵은 714만500주, 29.85%, 특별관계자 노영희는 103만3250주, 4.32%, 김재원은 53만3000주, 2.23%를 보유 중이다. 변동내역 총괄표에 따르면, 특별관계자 최병규의 지분은 7만주, 0.29%포인트 감소한 것으로 기재됐다.",1,452190|한빛레이저,https://www.digitaltoday.co.kr/news/articleView.html?idxno=641022
452190,"세부변동내역에 따르면, 최병규 부사장은 2026년 3월 9일 주식매수청구권 행사로 보통주가 22만주 증가했다. 3월 13일 공시에 따르면, 최병규 부사장은 직전 보고일인 2025년 12월 9일 기준으로 특정증권등의 수 66만9500주, 비율 2.86%, 주권 주식수 16만4500주, 주권 비율 0.7%를 보유하고 있었다.","3월 13일 공시에 따르면, 최병규 부사장은 직전 보고일인 2025년 12월 9일 기준으로 특정증권등의 수 66만9500주, 비율 2.86%, 주권 주식수 16만4500주, 주권 비율 0.7%를 보유하고 있었다. 이번 보고일 기준으로는 특정증권등의 수 66만9500주, 비율 2.8%, 주권 주식수 38만4500주, 주권 비율 1.61%로 집계됐다. 주권 주식수는 22만주 증가했으며, 주권 비율은 0.91% 상승했다.",1,452190|한빛레이저,https://www.digitaltoday.co.kr/news/articleView.html?idxno=641018
361670,"당기순손실은 11억2962만9785원으로, 직전사업연도 당기순손실 33억6161만2360원 대비 66.4% 개선됐다. 이는 직전사업연도 매출액 123억9376만9268원 대비 11.4% 감소한 수치다.",삼영에스앤씨는 2025년 1월 1일부터 2025년 12월 31일까지 연결기준 매출액 109억7590만3718원을 기록했다. 이는 직전사업연도 매출액 123억9376만9268원 대비 11.4% 감소한 수치다. 같은 기간 영업손실은 16억9846만4868원으로 집계됐다.,0,361670|삼영에스앤씨,https://www.digitaltoday.co.kr/news/articleView.html?idxno=636491
361670,삼영에스앤씨가 오는 2월 3일부터 5일까지 미국 라스베이거스에서 열리는 세계 최대 냉난방·공조 전시 회인 AHR 엑스포 2026에 참가하고 북미 시장 공략에 나선다. AHR 엑스포는 1930년대 처음 시작한 이후 냉난방공조설비...,삼영에스앤씨가 오는 2월 3일부터 5일까지 미국 라스베이거스에서 열리는 세계 최대 냉난방·공조 전시 회인 AHR 엑스포 2026에 참가하고 북미 시장 공략에 나선다. AHR 엑스포는 1930년대 처음 시작한 이후 냉난방공조설비...,1,361670|삼영에스앤씨,https://www.etnews.com/20260127000174
361670,이수페타시스는 AI 가속기용 기판 공급 물량 확대 소식에 힘입어 9.00% 상승한 12만 5900원에 거래되며 업종 상승을 주도하고 있다. 가장 눈에 띄는 종목은 에이엔피다.한국거래소에 따르면 이날 오전 9시28분 현재 기판 사업의 수익성 개선 전망 속에 18.53% 상승한 678원에 거래되고 있다.,전자장비와기기 업종이 24일 전일 대비 4.66% 급등하며 강력한 상승 모멘텀을 과시하고 있다. 인공지능(AI) 데이터센터 확충에 필수적인 고다층 기판(MLB) 수요 폭증과 자율주행 및 전기차용 전장 부품의 공급 확대가 업종 전체의 지수를 끌어올리는 주된 동력이다. 고부가 가치 부품을 중심으로 실적 개선 기대감이 반영되며 외국인과 기관의 동반 매수세가 유입되는 모습이다.,1,361670|삼영에스앤씨,https://www.pinpointnews.co.kr/news/articleView.html?idxno=439379
361670,"2,655.97억원(최근 매출액대비 24.7%) 규모 내업1공장 내 중량물 취급작업 생산중단(생산중단일:2026-02-28, 생산재개예정일:미정) ▶DH오토넥스, 그룹지배구조 투명성 확보 및 미래투자재원 확보 목적으로 (주)디에이치오토리드 지분(3,044,246주) 전량을 91.63억원에 양도하기로 결정(양도예정일:2026-03-31) ▶동서, 기업가치 제고 계획(ROE 5%이상 유지, 배당성향 40% 이상 유지 등) ▶유니온","▶형지I&C, 운영자금 등 확보 목적으로 2,800,000주(130.76억원) 규모 주주배정후 실권주 일반공모 유상증자 결정(예정발행가:4,670원, 1주당 약 0.65주 배정,청약예정:2026년 06월 15일~2026년 06월 16일(구주주),상장예정:2026-07-02) ▶기가비스, 대만 반도체 기판 제조회사와 109.11억원(최근 매출액대비 41.75%) 규모 공급계약(반도체 기판 검사 및 수리장비) 체결(계약기간:2026-02-27~2026-12-03) ▶그린리소스, 초전도선재 양산라인 구축을 위한 설비투자 등 시설자금 투자 목적으로 (주)래티스 주식 800,",1,361670|삼영에스앤씨,https://www.catchnews.kr/news/articleView.html?idxno=121235
361670,"표면실장기술(SMT) 검사 장비를 시작으로 반도체, 2차전지 분야까지 사업 영역을 성공적으로 확장하며 탄탄한 포트폴리오를 구축했다. 최근 AI 서버 확산에 따른 고대역폭메모리(HBM)의 적층 구조 고도화는 펨트론에 거대한 기회가 되고 있다.",전자장비와 기기 업종이 대형 IT 하드웨어 기업들의 실적 개선 전망과 전장 부품 수요 확대에 힘입어 상승 중이다. 26일 유가증권시장과 코스닥 시장에서 전자장비와기기섹터는 전일 대비 2.06% 오르며 견조한 흐름을 보이고 있다. 인공지능(AI) 서버 및 자율주행차 시장의 팽창으로 적층세라믹콘덴서(MLCC)와 고성능 인쇄회로기판(PCB) 수요가 급증하고 있는 것이 주요 상승 이유로 꼽힌다.,1,361670|삼영에스앤씨,https://www.pinpointnews.co.kr/news/articleView.html?idxno=432485
130740,"이로 인해 주식 수가 증가했으며, 매수 단가는 각각 1973원, 2071원, 2027원이었다. 2026년 3월 9일부터 11일까지 이정훈 대표이사는 장내 매수를 통해 각각 3만주, 5만2000주, 1만8000주를 추가로 매수했다.","2026년 3월 9일부터 11일까지 이정훈 대표이사는 장내 매수를 통해 각각 3만주, 5만2000주, 1만8000주를 추가로 매수했다. 이로 인해 주식 수가 증가했으며, 매수 단가는 각각 1973원, 2071원, 2027원이었다. 2026년 3월 11일 한국거래소 기준 티피씨글로벌의 주가는 전일 대비 10원 하락한 2040원에 거래를 마쳤다.",1,130740|티피씨글로벌,https://www.digitaltoday.co.kr/news/articleView.html?idxno=639751
130740,"이정훈과 특별관계자 2인의 2026년 3월 11일 기준 티피씨글로벌 보유 주식등의 수는 445만1126주, 보유 비율은 39.47%로 보고됐다. 이정훈은 2026년 3월 5일부터 3월 9일까지 장내 매수를 통해 주식등의 수를 증가시켰다.","이정훈과 특별관계자 2인의 2026년 3월 11일 기준 티피씨글로벌 보유 주식등의 수는 445만1126주, 보유 비율은 39.47%로 보고됐다. 주요 내역을 보면, 보고자 이정훈은 225만1126주, 19.96%, 특별관계자 이헌은 170만주, 15.08%, 이민우는 50만주, 4.43%를 보유 중이다. 이정훈은 2026년 3월 5일부터 3월 9일까지 장내 매수를 통해 주식등의 수를 증가시켰다.",1,130740|티피씨글로벌,https://www.digitaltoday.co.kr/news/articleView.html?idxno=639750
130740,"티피씨글로벌의 2025년 매출액은 794억429만3659원으로, 2024년 804억2234만8875원 대비 1.3% 감소했다. 2025년 당기순손실은 6억2152만9914원으로, 2024년 당기순손실 3억683만6314원 대비 102.6% 감소했다.","티피씨글로벌의 2025년 매출액은 794억429만3659원으로, 2024년 804억2234만8875원 대비 1.3% 감소했다. 같은 기간 영업손실은 31억2708만2535원으로, 2024년 영업손실 9억173만5070원보다 확대됐다. 2025년 당기순손실은 6억2152만9914원으로, 2024년 당기순손실 3억683만6314원 대비 102.6% 감소했다.",0,130740|티피씨글로벌,https://www.digitaltoday.co.kr/news/articleView.html?idxno=633909
130740,"과거에는 대규모 공장의 산업용 로봇이 주를 이루었으나, 이제는 치킨을 튀기는 로봇, 병원 내 물류 로봇, 거동이 불편한 사람을 돕는 웨어러블 로봇 등으로 시장이 급팽창하고 있다. 아이티엠반도체는 현재 29.97% 상승한 1만 4920원을 기록하며 상한가에 안착했다.","전 세계적인 인구 구조 변화와 노동력 부족 문제가 심화되면서, 이를 해결할 핵심 열쇠인 로봇 산업이 증시의 뜨거운 감자로 부상하고 있다. 단순 반복 작업을 넘어 인간과 함께 작업하는 협동로봇과 스스로 길을 찾는 자율주행 물류 로봇의 수요가 급증하며 관련 기업들의 주가를 밀어 올리고 있다. 로봇(산업용 협동로봇 등) 테마 지수는 8일 전일 대비 7.21% 상승하며 전 업종을 통틀어 압도적인 수익률을 기록 중이다.",1,130740|티피씨글로벌,https://www.pinpointnews.co.kr/news/articleView.html?idxno=443868
130740,"2차전지 보호회로에서 로봇 배터리 팩으로 사업을 확장 중인 아이티엠반도체가 7.25% 상승한 1만 1390원을 기록하며 상승 폭을 넓히고 있다. 고스트 로보틱스 인수로 로봇 사업을 가속화하는 LIG넥스원이 상승 중이며, 로봇 자동화 공정 소프트웨어를 공급하는 LS티라유텍 역시 전장 사업 확장에 힘입어 오름세를 기록 중이다.",인력 부족과 인건비 상승에 대응하기 위한 산업 현장의 자동화 요구가 거세지면서 관련 로봇 테마가 시장의 중심에 서고 있다. 로봇(산업용 협동로봇 등) 테마는 7일 독보적인 하드웨어 기술력을 갖춘 기업들과 대기업 자본이 투입된 종목들을 중심으로 강한 매수 에너지가 응집되고 있다. 가장 뜨거운 탄력을 보여주는 종목은 협동로봇 솔루션 전문 기업이다.,1,130740|티피씨글로벌,https://www.pinpointnews.co.kr/news/articleView.html?idxno=443525
049470,비트플래닛이 비트코인 재무전략(DAT) 기업을 넘어 AI 데이터센터와 비트코인 채굴을 아우르는 에너지 인프라 기업으로의 전환 방침을 밝히면서 시장의 관심을 받고 있다. 단순한 비트코인 보유 기업이 아니라 안정적인...,비트플래닛이 비트코인 재무전략(DAT) 기업을 넘어 AI 데이터센터와 비트코인 채굴을 아우르는 에너지 인프라 기업으로의 전환 방침을 밝히면서 시장의 관심을 받고 있다. 단순한 비트코인 보유 기업이 아니라 안정적인...,1,049470|비트플래닛,https://www.tokenpost.kr/news/economy/346672
049470,"SGA는 교육·공공 부문을 중심으로 SI 사업을 영위해 왔으며, 해당 사업이 전체 연간 매출의 약 80%를 차지한다. 비트플래닛은 이같은 기존 사업의 안정적인 매출과 현금흐름을 기반으로 AI 데이터센터 구축과 가상자산 채굴 등 신사업을 확대해 나간다는 방침이다.",국내 대표 가상자산 재무전략(DAT) 기업 비트플래닛이 에너지 인프라 기업으로의 도약을 선언했다. 비트코인 축적을 넘어 인공지능(AI) 데이터센터 설립과 비트코인 채굴 사업으로 확대하겠다는 구상이다. 이성훈 비트플래닛 대표는 지난달 20일 지디넷코리아와 만나 이같은 장기 비전을 밝혔다.,1,049470|비트플래닛,https://zdnet.co.kr/view/?no=20260406141918
049470,"비트플래닛은 2001년 10월 11일 코스닥 시장에 상장된 소프트웨어 개발 및 공급업체다. 변동내역 총괄표에 따르면, 이성훈의 지분은 117만7244주, 1%포인트 증가한 것으로 기재됐다.","이번 보고서에 따르면, 아시아스트레티지파트너스와 특별관계자 이성훈은 비트플래닛 주식등을 각각 5771만5845주와 117만7244주 보유 중이다. 주요 내역을 보면, 보고자 아시아스트레티지파트너스는 5771만5845주, 49.03%를 보유 중이다. 특별관계자 이성훈은 117만7244주, 1%를 보유 중이다.",1,049470|비트플래닛,https://www.digitaltoday.co.kr/news/articleView.html?idxno=653549
464080,에스오에스랩은 임직원 51명을 대상으로 보통주식 38만525주의 주식매수선택권을 부여했다. 대상자별로는 신호석 외 50명에게 보통주식 38만525주를 부여했다.,"에스오에스랩은 임직원 51명을 대상으로 보통주식 38만525주의 주식매수선택권을 부여했다. 부여일자는 2026년3월26일이며, 부여 결의는 주주총회에서 이뤄졌고 근거는 정관 제13조다. 행사가격은 보통주식 1만7830원으로 정했다.",1,464080|에스오에스랩,https://www.digitaltoday.co.kr/news/articleView.html?idxno=647083
464080,"이 연구원은 “보스톤다이내믹스는 2027년 양산을 시작해 2028년 3만대를 시작으로 2029년 15만대까지 생산량을 늘릴 계획”이라며 “양산 계획을 그대로 적용해, 에스오에스랩이 라이다를 납품한다고 가정했을 시, 2030년 매출액은 3000억원 수준일 것으로 예상된다”고 강조했다. 이 연구원은 “MobED향 수주 규모는 연간 2000대 수준으로, 모베드향 매출액은 연간 40억원 수준일 것으로 예상된다”며 “로보틱스랩에서 개발","LS증권은 17일 에스오에스랩에 대해 현대차 로보틱스랩향 라이다 공급 기반, 보스톤다이내믹스(BD)향 라이다 채택 가능성이 높다고 분석했다. 목표주가와 투자의견은 제시하지 않았다. 이병근 LS증권 연구원은 “에스오에스랩은 라이다(LiDAR) 전문 기업으로, 자율 주행의 핵심 센서인 라이다 하드웨어와 소프트웨어를 동시에 공급하고 있다”며 “특히 기존의 복잡한 회전식 메커니컬 방식이 아닌, 구동 부품이 없는 ‘완전 고정형 라이다’ 기술을 보유하고 있다”고 분석했다.",2,464080|에스오에스랩,https://www.financialpost.co.kr/news/articleView.html?idxno=251603
464080,"17일 에스오에스랩에 대해 현대차 로보틱스랩향 라이다 공급 기반, 보스톤다이내믹스(BD)향 라이다 채택 가능성이 높다고 분석했다. 목표주가와 투자의견은 제시하지 않았다. 이병근 LS증권 연구원은 ""에스오에스랩은...","17일 에스오에스랩에 대해 현대차 로보틱스랩향 라이다 공급 기반, 보스톤다이내믹스(BD)향 라이다 채택 가능성이 높다고 분석했다. 목표주가와 투자의견은 제시하지 않았다. 이병근 LS증권 연구원은 ""에스오에스랩은...",1,464080|에스오에스랩,https://www.cstimes.com/news/articleView.html?idxno=697802
464080,"자율주행차용 3차원 스캐닝 라이다와 로봇·공장 자동화용 라이다 센서 등을 개발하고 있다. 그는 ""라이다 기반 센서와 공간 인식 기술이 향후 피지컬 AI와 로봇 산업 발전에 중요한 역할을 할 것""이라고 강조했다.",에스오에스랩이 피지컬 인공지능(AI) 시대 핵심 기술로 공간지능의 중요성을 강조했다. 로봇이 실제 환경에서 상황을 인식하고 행동하려면 라이다(LiDAR) 등 센서 기반 공간 인식 기술이 필요하다고 밝혔다. 정종규 에스오에스랩 이사는 4일 서울 코엑스에서 디일렉 주최로 열린 '피지컬 AI 콘퍼런스'에서 로봇 산업 발전과 공간지능 기술의 필요성을 설명했다.,1,464080|에스오에스랩,https://www.thelec.kr/news/articleView.html?idxno=53031
464080,"2016년 설립된 에스오에스랩(대표이사 정지성)은 레이저를 이용하여 주변 환경의 거리와 형태를 측정할 수 있는 센서인 3D 라이다의 개발, 제조 및 솔루션 하는 기술전문 기업으로, 자동차(자율주행), 로봇, 스마트 인프라 등 다양한 산업에 라이다 솔루션 및 제품 등 핵심센서를 공급하는 사업을 영위하고 있다. 광주를 기반으로 국내외 자동차 OEM 및 글로벌 IT 기업들과 협력 관계를 강조하며 빠르게 시장에 진입했지만, 2024년","2016년 설립된 에스오에스랩(대표이사 정지성)은 레이저를 이용하여 주변 환경의 거리와 형태를 측정할 수 있는 센서인 3D 라이다의 개발, 제조 및 솔루션 하는 기술전문 기업으로, 자동차(자율주행), 로봇, 스마트 인프라 등 다양한 산업에 라이다 솔루션 및 제품 등 핵심센서를 공급하는 사업을 영위하고 있다. 광주를 기반으로 국내외 자동차 OEM 및 글로벌 IT 기업들과 협력 관계를 강조하며 빠르게 시장에 진입했지만, 2024년 상장 이후에도 지속적인 적자가 고착화되며 문제점으로 지적되고 있다. 최대주주는 창업자 정지성 대표로, 지분 19.23%를 보유하고 있고, 특수",1,464080|에스오에스랩,http://www.newsworker.co.kr/news/articleView.html?idxno=418182
252500,"같은 기간 매출액은 376억4511만414원으로 전년 대비 14.19% 줄었고, 당기순이익은 11억5375만2090원으로 전년 대비 65.14% 감소했다. 회사는 판관비로 처리되었던 고객에게 지급할 대가 35억원을 매출 차감으로 반영한 점을 주요 변동 요인으로 제시했다.","같은 기간 매출액은 376억4511만414원으로 전년 대비 14.19% 줄었고, 당기순이익은 11억5375만2090원으로 전년 대비 65.14% 감소했다. 회사는 판관비로 처리되었던 고객에게 지급할 대가 35억원을 매출 차감으로 반영한 점을 주요 변동 요인으로 제시했다. 재무현황은 2025년 말 기준 자산총계 447억9280만9235원, 부채총계 44억1686만3819원, 자본총계 403억7594만5416원, 자본금 41억4863만9000원으로 집계됐다.",1,252500|세화피앤씨,https://www.digitaltoday.co.kr/news/articleView.html?idxno=630313
252500,"헤어케어 브랜드 ‘모레모(MOREMO)’를 보유한 화장품 기업 ‘세화피앤씨’가 일본 시장 수출 호조와 함께 3분기 매출 118억을 기록했다. 상반기 주력 브랜드 ‘모레모’의 리뉴얼에 따른 제품 공백으로 인해 일시적인 매출 감소를 겪었으나, 3분기는 리뉴얼된 ‘모레모’ 제품이 출고되며 매출이 전년 수준으로 개선됐다.","헤어케어 브랜드 ‘모레모(MOREMO)’를 보유한 화장품 기업 ‘세화피앤씨’가 일본 시장 수출 호조와 함께 3분기 매출 118억을 기록했다. 상반기 주력 브랜드 ‘모레모’의 리뉴얼에 따른 제품 공백으로 인해 일시적인 매출 감소를 겪었으나, 3분기는 리뉴얼된 ‘모레모’ 제품이 출고되며 매출이 전년 수준으로 개선됐다. ■ 리뉴얼된 모레모(MOREME)로 글로벌 헤어 케어 공략 나선 ‘세화피앤씨’ 세화피앤씨는 기존 브랜드 로고, 제품 패키징 등을 개선해 브랜드 아이덴티티를 강화했다.",0,252500|세화피앤씨,https://www.startuptoday.co.kr/news/articleView.html?idxno=544127
252500,"코스닥 화장품기업 '세화피앤씨'(대표 이훈구)가 일본 시장에서의 안정적인 수출 흐름과 함께, 2025년 3분기 매출이 점진적으로 회복되고 있다고 19일 밝혔다. 세화피앤씨는 일본 내 주요 화장품 벤더사와의 협업을 확대해 다양한 유통 채널에서 판매가 발생함에 따라, 올해 3분기 들어 일본 시장 수출이 증가하며 전체 매출에 안정적으로 기여했다고 설명했다.","코스닥 화장품기업 '세화피앤씨'(대표 이훈구)가 일본 시장에서의 안정적인 수출 흐름과 함께, 2025년 3분기 매출이 점진적으로 회복되고 있다고 19일 밝혔다. 세화피앤씨는 일본 내 주요 화장품 벤더사와의 협업을 확대해 다양한 유통 채널에서 판매가 발생함에 따라, 올해 3분기 들어 일본 시장 수출이 증가하며 전체 매출에 안정적으로 기여했다고 설명했다. 올해 상반기(1~2분기)는 주력 브랜드 '모레모'(MOREMO) 리뉴얼 과정에 따른 제품 공백 영향으로 매출이 일시적으로 감소했으나, 3분기에는 리뉴얼 제품의 출고가 본격화되며 매출 흐름이 개선되는 모습을 보였다.",0,252500|세화피앤씨,https://www.polinews.co.kr/news/articleView.html?idxno=714326
252500,세화피앤씨는 일본 내 주요 화장품 벤더사와의 협업을 확대해 다양한 유통 채널에서 판매가 발생함에 따라 올해 3분기 들어 일본 시장 수출이 증가하며 전체 매출에 안정적으로 기여했다고 설명했다. 세화피앤씨는 2025년 3분기 매출액 118억3000만원을 기록했으며 전년 동기와 유사한 수준을 유지했다.,세화피앤씨는 일본 내 주요 화장품 벤더사와의 협업을 확대해 다양한 유통 채널에서 판매가 발생함에 따라 올해 3분기 들어 일본 시장 수출이 증가하며 전체 매출에 안정적으로 기여했다고 설명했다. 올해 상반기(1~2분기)는 주력 브랜드 '모레모'(MOREMO) 리뉴얼 과정에 따른 제품 공백 영향으로 매출이 일시적으로 감소했으나 3분기에는 리뉴얼 제품의 출고가 본격화되며 매출 흐름이 개선되는 모습을 보였다. 세화피앤씨는 2025년 3분기 매출액 118억3000만원을 기록했으며 전년 동기와 유사한 수준을 유지했다.,0,252500|세화피앤씨,http://www.hansbiz.co.kr/news/articleView.html?idxno=793026
252500,"세화피앤씨는 2025년 3분기 매출액 118억 3000만원을 기록했으며, 전년 동기와 유사한 수준을 유지했다. [중앙이코노미뉴스 윤남웅] 세화피앤씨(대표 이훈구)가 일본 시장에서의 안정적인 수출 흐름과 함께, 2025년 3분기 매출이 점진적으로 회복되고 있다고 19일 밝혔다.","[중앙이코노미뉴스 윤남웅] 세화피앤씨(대표 이훈구)가 일본 시장에서의 안정적인 수출 흐름과 함께, 2025년 3분기 매출이 점진적으로 회복되고 있다고 19일 밝혔다. 세화피앤씨는 일본 내 주요 화장품 벤더사와의 협업을 확대해 다양한 유통 채널에서 판매가 발생함에 따라 올해 3분기 들어 일본 시장 수출이 증가하며 전체 매출에 안정적으로 기여했다고 설명했다. 올해 상반기(1~2분기)는 주력 브랜드 '모레모'(MOREMO) 리뉴얼 과정에 따른 제품 공백 영향으로 매출이 일시적으로 감소했으나 3분기에는 리뉴얼 제품의 출고가 본격화되며 매출 흐름이 개선되는 모습을 보였다.",0,252500|세화피앤씨,https://www.joongangenews.com/news/articleView.html?idxno=467137
053030,"이 외 주요 내용으로는, 에이블파트너스는 신한투자증권과 주식담보대출 계약을 체결했으며, 대상 주식등의 수는 27만8200주다. 또한, 에이블파트너스는 신한투자증권과 주식담보대출 계약을 2026년 3월 24일 체결했으며 대상 주식등의 수는 5만3042주다.","주요 내역을 보면, 보고자 더에이블은 299만9117주, 9.18%를 보유 중이다. 특별관계자 에이블파트너스는 38만6288주, 1.18%를, 이혁종은 13만900주, 0.4%를 보유 중이다. 이 외 주요 내용으로는, 에이블파트너스는 신한투자증권과 주식담보대출 계약을 체결했으며, 대상 주식등의 수는 27만8200주다.",1,053030|바이넥스,https://www.digitaltoday.co.kr/news/articleView.html?idxno=647818
053030,"서봉수 전무는 이번 매수로 바이넥스의 주식 보유 비율을 0.07%에서 0.08%로 0.01%포인트 증가시켰다. 매출액은 1301억원, 영업손실은 308억원, 당기순손실은 352억원으로 집계됐다.","이번 주식 매수는 3월 25일에 장내 매수로 이루어졌으며, 주식의 취득 단가는 12090원과 12100원이었다. 서봉수 전무는 이번 매수로 바이넥스의 주식 보유 비율을 0.07%에서 0.08%로 0.01%포인트 증가시켰다. 바이넥스의 2026년 3월 27일 종가는 1만1860원으로, 전일 대비 40원 하락했다.",0,053030|바이넥스,https://www.digitaltoday.co.kr/news/articleView.html?idxno=647791
053030,"국내 최초 바이오의약품 위탁개발 및 생산기업(CDMO) 바이넥스의 지난해 연결 매출액은 전년동기비 29.5% 증가한 1,685억 원, 영업손실은 45억 원으로 2024년의 308억원에 비해 크게 축소됐다. 특히 바이오 CDMO 매출은 817억...","국내 최초 바이오의약품 위탁개발 및 생산기업(CDMO) 바이넥스의 지난해 연결 매출액은 전년동기비 29.5% 증가한 1,685억 원, 영업손실은 45억 원으로 2024년의 308억원에 비해 크게 축소됐다. 특히 바이오 CDMO 매출은 817억...",0,053030|바이넥스,http://www.newsfc.co.kr/news/articleView.html?idxno=77438
053030,"바이넥스는 2025년 바이오부문 성장에 힘입어 매출과 수익성이 개선됐지만, 차입 확대와 이자비용 증가로 재무부담도 함께 커진 것으로 나타났다. 바이오부문 성장 vs 4분기 둔화 바이넥스는 2025년 바이오부문 성장에 힘입어 연간 매출이 늘었지만, 4분기에는 바이오부문 수익성 둔화로 영업적자를 기록한 것으로 나타났다.","바이넥스는 2025년 바이오부문 성장에 힘입어 매출과 수익성이 개선됐지만, 차입 확대와 이자비용 증가로 재무부담도 함께 커진 것으로 나타났다. 연간 기준 적자는 축소됐으나 4분기에는 바이오부문 수익성 둔화로 영업적자가 이어졌다. 2026년 3월 공시된 바이넥스의 사업보고서 연결재무제표에 따르면, 지난해 바이넥스 주요 재무지표에서 ROE는 개선됐으나 부채 및 차입 관련 지표는 상승했다.",1,053030|바이넥스,https://www.yakup.com/news/index.html?mode=view&cat=12&nid=324751
053030,"이 외 주요 내용으로, 에이블파트너스는 신한투자증권과 주식담보대출 계약을 2026년 3월 5일 체결했으며 대상 주식등의 수는 의결권있는 주식 7만9564주다. 계약기간은 2026년 3월 5일부터 2026년 4월 13일까지이다.","주요 내역을 보면, 보고자 더에이블은 299만9117주, 9.18%, 특별관계자 에이블파트너스는 38만6288주, 1.18%, 이혁종은 13만900주, 0.4%를 보유 중이다. 이 외 주요 내용으로, 에이블파트너스는 신한투자증권과 주식담보대출 계약을 2026년 3월 5일 체결했으며 대상 주식등의 수는 의결권있는 주식 7만9564주다. 계약기간은 2026년 3월 5일부터 2026년 4월 13일까지이다.",1,053030|바이넥스,https://www.digitaltoday.co.kr/news/articleView.html?idxno=637984
003060,"이번 보고서에 따르면, 에이프로젠은 온리홀딩스대부와의 주식담보계약을 통해 의결권 있는 주식 550만 주를 담보로 제공했다. 계약 체결일은 4월 2일이며, 계약 기간은 10월 2일까지다.","이번 보고서에 따르면, 에이프로젠은 온리홀딩스대부와의 주식담보계약을 통해 의결권 있는 주식 550만 주를 담보로 제공했다. 계약 체결일은 4월 2일이며, 계약 기간은 10월 2일까지다. 종목 시세 정보에 따르면 에이프로젠바이오로직스의 주가는 4월 3일 16시 10분 기준 장마감 시 267원이며, 전일 대비 13원(4.64%) 하락했다.",1,003060|에이프로젠바이오로직스,https://www.digitaltoday.co.kr/news/articleView.html?idxno=653497
003060,"주총 안건으로는 제67기 재무제표 및 연결재무제표 승인 안건이 보통결의로 가결됐다. 해당 안건은 의결권 있는 발행주식총수 기준 찬성률 58.9%, 의결권 행사 주식수 기준 찬성률 99.9%로 통과됐다.","주총 안건으로는 제67기 재무제표 및 연결재무제표 승인 안건이 보통결의로 가결됐다. 해당 안건은 의결권 있는 발행주식총수 기준 찬성률 58.9%, 의결권 행사 주식수 기준 찬성률 99.9%로 통과됐다. 임원 선임과 보수한도 안건도 모두 의결을 마쳤다.",1,003060|에이프로젠바이오로직스,https://www.digitaltoday.co.kr/news/articleView.html?idxno=649559
003060,"이 외 주요 내용으로 에이프로젠은 주식회사 온리홀딩스대부와 의결권있는 주식 500만주에 대한 담보제공계약을 3월 24일 체결했으며, 계약기간은 9월 24일까지다. 종목 시세 정보에 따르면 에이프로젠바이오로직스의 주가는 3월 27일 16시 10분 기준 305원이며, 전일 대비 3원(0.99%) 상승했다.","주요 내역을 보면, 보고자 에이프로젠은 1억1283만917주, 특별관계자 김정출은 2만1880주, 앱튼은 1억4423만5500주를 보유 중이다. 이 외 주요 내용으로 에이프로젠은 주식회사 온리홀딩스대부와 의결권있는 주식 500만주에 대한 담보제공계약을 3월 24일 체결했으며, 계약기간은 9월 24일까지다. 종목 시세 정보에 따르면 에이프로젠바이오로직스의 주가는 3월 27일 16시 10분 기준 305원이며, 전일 대비 3원(0.99%) 상승했다.",1,003060|에이프로젠바이오로직스,https://www.digitaltoday.co.kr/news/articleView.html?idxno=647816
003060,"에이프로젠바이오로직스가 바이오의약품 생산 기술력과 반도체 장비 부품 제조 역량을 결합하며 종합 산업 기업으로 거듭나고 있다. 2022년 바이오 생산 설비를 보유한 계열사를 흡수합병한 데 이어, 반도체 부품 전문 기업 엔투텍을 종속회사로 편입하며 사업 포트폴리오를 대폭 강화했다.","치매 테마가 27일 상승세를 나타내며 바이오 섹터 내에서 견조한 흐름을 보이고 있다. 인구 고령화에 따른 치매 환자 급증으로 치료제와 관리 용품에 대한 사회적 수요가 폭발적으로 늘어나는 가운데, 관련 기업들의 임상 성과와 신사업 확장 소식이 투자 심리를 자극하는 모습이다. 가장 눈에 띄는 탄력을 보여주는 종목은 모나리자다.",1,003060|에이프로젠바이오로직스,https://www.pinpointnews.co.kr/news/articleView.html?idxno=440495
003060,한국거래소에 따르면 안과 질환 치료제 아일리아의 바이오시밀러 글로벌 계약 성과가 가시화되며 이날 오전 11시5분 현재 4.17% 상승한 67만 5000원에 거래 중이다. 이날 금융감독원 전자공시시스템에 따르면 삼천당제약은 전 대표의 약 2500억 원 규모 지분 매각 계획을 철회한다고 공시했다.,미국 생물보안법 추진으로 중국 CDMO(위탁개발생산) 기업들의 입지가 좁아지면서 국내 바이오시밀러(복제 바이오의약품) 기업들이 6일 반사 이익 기대감에 강세를 보이고 있다. 글로벌 대형 바이오 의약품들의 특허 만료가 잇따르는 특허 절벽 시기를 맞아 저렴한 복제 의약품 시장이 급팽창하고 있는 점도 투자심리를 자극하는 모양새다. 가장 가파른 상승 곡선을 그리는 종목은 삼천당제약이다.,1,003060|에이프로젠바이오로직스,https://www.pinpointnews.co.kr/news/articleView.html?idxno=443087
041960,"부여 대상자는 1명이며, 대상자별 부여 내역에서 문성철 대표이사에게 보통주 30만주를 배정했다. 행사가격 및 수량의 조정주식매수선택권 부여일 이후 준비금의 자본전입(무상증자), 주식분할, 주식병합, 자본감소, 이익소각 등을 하는 경우, 행사가액 및 수량은 주식매수선택권 부여 계약 및 관계법령에 따라 조정할 수 있습니다 마.","주식매수선택권 행사가격은 보통주 8622원으로 정했다. 행사기간은 2028년 3월 26일부터 2035년 3월 25일까지다. 부여 대상자는 1명이며, 대상자별 부여 내역에서 문성철 대표이사에게 보통주 30만주를 배정했다.",1,041960|코미팜,https://www.digitaltoday.co.kr/news/articleView.html?idxno=647098
041960,"같은 기간 매출액은 524억6800만원이었고, 영업이익은 37억8900만원인 반면 당기순이익은 당기순손실 48억7200만원으로 나타났다. 매출액은 524억6500만원, 영업이익은 19억6000만원이었으며, 당기순이익은 당기순손실 80억2800만원이었다.","이번 주총에서는 특별결의 안건인 ‘정관 일부 변경의건’이 가결됐다. 의결권 있는 발행주식총수 기준 찬성률은 41.2%, 의결권 행사 주식수 기준 찬성률은 99.6%였다. 보통결의 안건으로는 이사 보수한도 승인, 감사 보수한도 승인, 임원 보수 및 퇴직금 규정 제정, 자기주식 보유·처분 계획 승인 안건이 모두 통과됐다.",0,041960|코미팜,https://www.digitaltoday.co.kr/news/articleView.html?idxno=647026
041960,"고려비엔피, 코미팜 등 민간업체들과 손잡고 구제역 백신 상용화와 ASF 백신 개발에 속도가 붙을 것으로 보인다. 이번 간담회는 한국동물약품협회와 고려비엔피, 코미팜 등 국내 백신 개발을 주도하는 10개 주요 산업체가 참석해 머리를 맞댔다.","고려비엔피, 코미팜 등 민간업체들과 손잡고 구제역 백신 상용화와 ASF 백신 개발에 속도가 붙을 것으로 보인다. 이의 일환으로 농림축산검역본부(본부장 최정록)는 최근 경북 김천에서 구제역 및 아프리카돼지열병(ASF) 백신 개발 지원을 위한 민관 간담회를 개최했다. 이번 간담회는 한국동물약품협회와 고려비엔피, 코미팜 등 국내 백신 개발을 주도하는 10개 주요 산업체가 참석해 머리를 맞댔다.",1,041960|코미팜,https://www.kenews.co.kr/news/article.html?no=89032
041960,"당기순이익은 2024년 146억9012만1292원에서 2025년 당기순손실 74억2726만9318원으로 돌아섰다. 코미팜의 2025년 1월 1일부터 2025년 12월 31일까지 연결 기준 매출액은 524억6529만4279원으로, 2024년 1월 1일부터 2024년 12월 31일까지의 587억7854만9707원 대비 10.74% 감소했다.","코미팜의 2025년 1월 1일부터 2025년 12월 31일까지 연결 기준 매출액은 524억6529만4279원으로, 2024년 1월 1일부터 2024년 12월 31일까지의 587억7854만9707원 대비 10.74% 감소했다. 같은 기간 영업이익은 22억2746만242원으로 전년 61억9293만3611원 대비 64.03% 줄었다. 당기순이익은 2024년 146억9012만1292원에서 2025년 당기순손실 74억2726만9318원으로 돌아섰다.",0,041960|코미팜,https://www.digitaltoday.co.kr/news/articleView.html?idxno=632866
041960,"전 세계적으로 상용화된 백신이 없는 상황에서 코미팜은 최근 120억 원 규모의 자금을 확보, ASF 백신 전용 생산 시설 확충에 돌입했다. 비마약성 항암 진통제와 동물 백신 기술력을 보유한 코미팜은 대규모 공급 계약 기대감에 힘입어 전일 대비 13.02% 급등한 9550원에 거래를 마쳤다.","13일 국내 증시에서 백신 진단시약 방역(신종플루, AI 등) 관련주들이 포진한 보건 섹터가 외국인과 기관의 집중 매도 공세에 밀려 깊은 수렁에 빠졌다. 이날 해당 테마는 전일 대비 2.01% 하락하며 장을 마감했다. 코로나19 엔데믹 이후 진단키트 수요 급감과 정부의 방역 예산 축소 소식이 전해지며 업종 전반의 수익성 악화 우려가 커진 것이 투자 심리를 급격히 냉각시킨 주요 원인이었다.",1,041960|코미팜,https://www.pinpointnews.co.kr/news/articleView.html?idxno=429833
336370,"◆ 솔루스첨단소재, 전지박 집중 및 OLED 캐시카우 안착…유럽·북미 거점 경쟁력 강화 독립리서치 아리스는 7일 솔루스첨단소재(대표이사 곽근만)에 대해 전지박 현지 생산 거점 확보를 통한 시장 우위와 유기발광다이오드(OLED) 신공장 가동에 따른 이익 확대를 긍정적으로 평가했다. 또 북미 시장 공략을 위해 캐나다 퀘벡에 6만3000톤 규모의 공장을 건설 중이며, AI 데이터센터 확산으로 급성장 중인 에너지저장장치(ESS)용 전","에이치피오의 건강기능식품 제조 자회사인 비오팜이 상공업 발전과 국가 경제에 기여한 공로를 인정받았다. 솔루스첨단소재가 유럽과 북미의 전지박 생산 거점을 기반으로 경쟁력을 확보하며 실적 반등을 꾀하고 있다. ◆ 비오팜, 박효남 대표이사 '제53회 상공의 날' 산통부 장관상 수상 비오팜은 박효남 대표이사가 지난달 31일 열린 '제53회 상공의 날 기념식'에서 산업통상자원부 장관상을 수상했다고 밝혔다.",1,336370|솔루스첨단소재,http://www.thevaluenews.co.kr/news/view.php?idx=197937
336370,"이 연구원은 ""캐나다 퀘벡에 전지박 공장을 건설 중이며 장기적으로 총 6만톤 이상 생산능력을 확보할 계획""이라며 ""북미 전기차 시장 확대에 대응하기 위한 핵심 거점이 될 것""이라고 설명했다. 이 연구원은 ""2026년 매출액은 약 5330억원 수준으로 전지박 사업 중심의 성장과 고객사 확대를 기반으로 턴어라운드가 본격화될 것""이라고 밝혔다.","!AI가 자동 생성한 요약으로 정확하지 않을 수 있어요. 이재모 아리스 연구원은 ""솔루스첨단소재는 전지박 사업을 중심으로 고객사 다변화와 제품 포트폴리오 확대를 동시에 추진하며 구조적 성장 구간에 진입하고 있다""고 말했다. 이어 이 연구원은 ""유럽과 북미 생산거점을 확보하며 고객사 대응력을 강화하고 있고, ESS 중심 수요 확대를 통해 외형 성장과 수익성 개선을 동시에 추진하고 있다""고 설명했다.",1,336370|솔루스첨단소재,https://www.newspim.com/news/view/20260407000138
336370,"등록 2026.04.07 08:10:00 꽃신에 감동받은 메릴 스트립-앤 헤서웨이 AMRO, 올해 한국 경제성장률 1.9% 전망 '구준엽 처제' 서희제, 방송 복귀서 오열·욕설 ""샤워 매번 같이""…김지영, 파격 '신혼 루틴' 고백 '방한' 트럼프 측근 ""올가을 북미 정상회담 가능성 높다"" 정부, 새만금 2호 투자진흥지구 지정…현대차 9조 투자 뒷받침 美민주, 트럼프 탄핵소추안 발의…'직무정지' 요구도 ""당연히 올 거라고 생각""","등록 2026.04.07 08:10:00 꽃신에 감동받은 메릴 스트립-앤 헤서웨이 AMRO, 올해 한국 경제성장률 1.9% 전망 '구준엽 처제' 서희제, 방송 복귀서 오열·욕설 ""샤워 매번 같이""…김지영, 파격 '신혼 루틴' 고백 '방한' 트럼프 측근 ""올가을 북미 정상회담 가능성 높다"" 정부, 새만금 2호 투자진흥지구 지정…현대차 9조 투자 뒷받침 美민주, 트럼프 탄핵소추안 발의…'직무정지' 요구도 ""당연히 올 거라고 생각"" 정선희, 안재환 실종 신고 지연 이유 故김창민 감독 가해자 ""죽을 죄 지었다…거듭 사죄드린다"" 이란 ""美, 이란 요구 10개항 전부 수용…호르",1,336370|솔루스첨단소재,https://www.newsis.com/view/NISX20260407_0003580296
336370,컨슈머타임스=전은정 기자 | 솔루스첨단소재는 북미 고객사향 원통형 배터리용 전지박 공급이 본격 확대되며 해당 고객사향 이달 공급 물량이 전월 대비 약 4배 증가할 예정이라고 2일 밝혔다. 솔루스첨단소재는 지난달...,컨슈머타임스=전은정 기자 | 솔루스첨단소재는 북미 고객사향 원통형 배터리용 전지박 공급이 본격 확대되며 해당 고객사향 이달 공급 물량이 전월 대비 약 4배 증가할 예정이라고 2일 밝혔다. 솔루스첨단소재는 지난달...,1,336370|솔루스첨단소재,https://www.cstimes.com/news/articleView.html?idxno=700516
005710,"그러나 ▲2025년도 현금 배당(총 50억원, 지배 주주 순이익의 6.5% 수준) ▲2인 이상의 이사 선임 시 집중 투표제 배제를 포함해 회사 측 안이 모두 통과됐으며, 이들 안건은 의결권 있는 주식 기준 70% 이상이라는 압도적인 찬성률을 기록했다. 이에 따라 장부 열람권이 법적 조치로 이어질 경우 대원산업은 타 행동주의 펀드나 주주 연대로부터 추가적인 법적 압박을 받을 수 있다는 전망까지 나온다.","코스닥 상장사인 대원산업과의 표 대결에서 패배한 사모펀드(PEF) 운용사 VIP자산운용의 후속 행보에 이목이 집중된다. 우호적 행동주의를 표방하는 만큼, 일단 소통으로 풀어 나간다는 기조를 유지하고 있다. 하지만 대원산업 측이 침묵으로 일관하면서, 대화의 진전은커녕 물꼬를 트는 것조차 힘든 실정이다.",1,005710|대원산업,https://www.bloter.net/news/articleView.html?idxno=658902
005710,"지배 구조 개선과 주주 환원 확대는 모든 주주에게 이익이지만, 오너가에는 승계 비용을 높이는 요인이다. 최근 3년간 외형 확대를 지속하면서 2025년 매출액 '1조 클럽'에 입성했고, 영업 이익도 연간 700억원 이상으로 견조하다.","차량용 시트 제조사인 대원산업은 자동차 부품 업계에서 알짜로 통하는 중견 기업이다. 최근 3년간 외형 확대를 지속하면서 2025년 매출액 '1조 클럽'에 입성했고, 영업 이익도 연간 700억원 이상으로 견조하다. 부채 비율은 29.5%에 불과할 정도로 튼튼한 재무구조까지 갖췄다.",1,005710|대원산업,https://www.bloter.net/news/articleView.html?idxno=658691
005710,차량용 시트 제조사인 대원산업의 경우 특수 관계자와의 내부 거래는 영업 거래(매입액 기준)만 따져도 연간 4000억원에 이른다. 이를 통해 최대주주 일가의 개인 회사들이 매출의 80% 이상을 올리고 있다.,차량용 시트 제조사인 대원산업의 경우 특수 관계자와의 내부 거래는 영업 거래(매입액 기준)만 따져도 연간 4000억원에 이른다. 매출 원가의 절반 정도를 투입하는 셈이다. 이를 통해 최대주주 일가의 개인 회사들이 매출의 80% 이상을 올리고 있다.,1,005710|대원산업,https://www.bloter.net/news/articleView.html?idxno=658421
005710,최대 주주 일가의 개인 회사들은 이를 통해 매출의 80% 이상을 올리는 구조다. 2000억이 오너가 소유 회사로…매출 의존도 최소 80% 8개사의 특수 관계자들 중 진진테크와 대원정밀공업을 제외한 6개사가 대원산업에 매출을 크게 의존하는 양상이다.,대원산업의 집중 투표제 배제와 이사회 독립성 약화가 문제시되는 이유는 무엇보다 특수관계자와의 빈번한 내부 거래에 있다. 회사는 특수관계 법인들로부터 연간 4000억원 가량의 물량을 매입한다. 매출 원가의 절반 정도를 투입하는 셈이다.,1,005710|대원산업,https://www.bloter.net/news/articleView.html?idxno=658306
005710,만성적 저평가 기업으로 시장 주목을 받아 온 코스닥 상장사 대원산업이 행동주의 펀드 공격을 받으면서 지배구조 변화 가능성에 이목이 쏠리고 있다. 대원산업은 최근 정기주주총회에서 정관에 집중투표제 도입을...,만성적 저평가 기업으로 시장 주목을 받아 온 코스닥 상장사 대원산업이 행동주의 펀드 공격을 받으면서 지배구조 변화 가능성에 이목이 쏠리고 있다. 대원산업은 최근 정기주주총회에서 정관에 집중투표제 도입을...,1,005710|대원산업,https://www.thebell.co.kr/free/content/ArticleView.asp?key=202603251514505840101226
012170,아센디오가 인수 이후 사업 전반에 대한 전략적 리밸런싱을 단행하며 체질 개선을 가속화하고 있다는 평가가 제기된다. 업계에서는 “확장 일변도 전략에서 벗어나 수익성과 효율성 중심 구조로 전환했다는 점이 의미 있다”는 평가를 내놓고 있다.,"아센디오가 인수 이후 사업 전반에 대한 전략적 리밸런싱을 단행하며 체질 개선을 가속화하고 있다는 평가가 제기된다. 시장에서는 단순한 구조 조정이 아니라 중장기 성장 기반을 설계하는 과정이라는 해석이 나온다. 최근 회사는 솔리드원투자조합, 이리스투자조합, 데이터솔루션, 에이치월드와이드를 100% 출자 방식으로 자회사에 편입하고, 기존 종속회사였던 히어로랩을 매각하는 결정을 내렸다.",1,012170|아센디오,https://www.esgeconomy.com/news/articleView.html?idxno=14622
012170,"아센디오가 남궁견 회장 인수 이후 전사적 전략 재정비에 착수하며 사업 구조 개편에 속도를 내고 있다.... 인수 이후 아센디오는 프로젝트별 성과에 의존하던 운영 방식에서 벗어나, 기획·제작·유통·확장으로 이어지는...","아센디오가 남궁견 회장 인수 이후 전사적 전략 재정비에 착수하며 사업 구조 개편에 속도를 내고 있다.... 인수 이후 아센디오는 프로젝트별 성과에 의존하던 운영 방식에서 벗어나, 기획·제작·유통·확장으로 이어지는...",1,012170|아센디오,http://www.beyondpost.co.kr/view.php?ud=2026022710325633579aeda69934_30
012170,"아센디오가 남궁견 회장 인수 이후 전사 차원의 전략 재정비에 속도를 내며 체질 개선에 나섰다. 업계에서는... 이번 인수 이후 아센디오는 프로젝트 단위 성과 중심 운영에서 벗어나, 기획·제작·유통·확장으로 이어지는...","아센디오가 남궁견 회장 인수 이후 전사 차원의 전략 재정비에 속도를 내며 체질 개선에 나섰다. 업계에서는... 이번 인수 이후 아센디오는 프로젝트 단위 성과 중심 운영에서 벗어나, 기획·제작·유통·확장으로 이어지는...",1,012170|아센디오,http://www.globalepic.co.kr/view.php?ud=2026022710350998089aeda69934_29
012170,"수익성과 전략 적합성을 기준으로 자산을 재배치하는 ‘선택과 집중’ 기조를 분명히 한 조치로 해석된다. 엔터테인먼트 업계에 따르면 아센디오는 최근 솔리드원투자조합, 이리스투자조합, 데이터솔루션, 에이치월드와이드를 100% 출자해 자회사로 편입하고, 기존 종속회사였던 히어로랩을 매각했다.","엔터테인먼트 업계에 따르면 아센디오는 최근 솔리드원투자조합, 이리스투자조합, 데이터솔루션, 에이치월드와이드를 100% 출자해 자회사로 편입하고, 기존 종속회사였던 히어로랩을 매각했다. 수익성과 전략 적합성을 기준으로 자산을 재배치하는 ‘선택과 집중’ 기조를 분명히 한 조치로 해석된다. 이 같은 재편을 통해 영화 투자·제작·배급, 드라마 기획·제작, 공연·전시 등 콘텐츠 전반의 밸류체인을 유기적으로 연결하는 구조를 구축했다는 것이 회사 측 설명이다.",1,012170|아센디오,https://sateconomy.co.kr/news/view/1065576482875944
012170,"아센디오, 남궁견 회장 전략 통했다…인수 후 체질 개선 본궤도 기사입력 2026-02-27 10:04:52 폰트크기 변경","아센디오, 남궁견 회장 전략 통했다…인수 후 체질 개선 본궤도 기사입력 2026-02-27 10:04:52 폰트크기 변경",1,012170|아센디오,https://www.dnews.co.kr/uhtml/view.jsp?idxno=202602271004440720343
020560,실제로 아시아나항공은 최근 수익성이 떨어지는 중국 및 캄보디아 등 4개 노선을 감편하는 결단을 내렸다. 대신 엔저 영향으로 수요가 견고한 일본 노선에는 연료 효율이 높은 최신 기재 에어버스 A321네오(neo)를 투입하고 심야 특가를 내놓는 등 '선택과 집중' 전략을 구사하고 있다.,"8일 아시아나항공에 따르면 오사카(간사이)~서울(인천) 노선의 심야 운항편을 대상으로 오는 13일까지 특별 할인 운임을 판매한다. 왕복 기준 최저 2만600엔(약 19만원)부터 시작하는 이번 프로모션은 유류할증료가 포함된 가격으로 책정돼 여행객들의 체감 물가 부담을 대폭 낮춘 것이 특징이다. 해당 특가 항공권은 아시아나항공 공식 홈페이지와 모바일 애플리케이션(앱)을 통해 구매할 수 있으며, 탑승 기간은 오는 10일부터 오는 6월 30일까지다.",1,020560|아시아나항공,https://www.theguru.co.kr/news/article.html?no=100266
020560,"▲ ⓒ컬리 ◇ 컬리, 올 1분기 라방 조회수 40% 급증 컬리는 1분기 라이브 방송 누적 조회수가 전년 동기 대비 40% 증가했다. ◇ 컬리, 올 1분기 라방 조회수 40% 급증 컬리는 1분기 라이브 방송 누적 조회수가 전년 동기 대비 40% 증가했다.","입력 2026-04-08 11:05수정 2026-04-08 11:05 음성으로 듣기 입력 2026-04-08 11:05수정 2026-04-08 11:05 G마켓, 봄 숙박 최대 8만원 할인... '숙박세일 페스타' 참여동원홈푸드, 구오컴퍼니와 식자재 공급 업무협약 체결마테라소, 온라인 전용 원목 베드룸 ‘모리’ 출시 ▲ ⓒG마켓 ◇ G마켓, 봄 숙박 최대 8만원 할인 ... '숙박세일 페스타' 참여 G마켓이 오는 30일까지 ‘대한민국 숙박세일 페스타 봄편’을 진행한다.",1,020560|아시아나항공,https://biz.newdaily.co.kr/site/data/html/2026/04/08/2026040800039.html
020560,특히 트리니티항공은 올해 말 대한항공과 합병이 완료되는 아시아나항공의 빈자리를 채우며 성장하겠다는 전략이다. 대한항공과 아시아나항공의 합병 과정에서 이관받은 유럽 노선을 발판 삼아 영토를 넓히고 있다....,특히 트리니티항공은 올해 말 대한항공과 합병이 완료되는 아시아나항공의 빈자리를 채우며 성장하겠다는 전략이다. 대한항공과 아시아나항공의 합병 과정에서 이관받은 유럽 노선을 발판 삼아 영토를 넓히고 있다....,1,020560|아시아나항공,https://www.thebell.co.kr/free/content/ArticleView.asp?key=202604061417110760101493
020560,"기존에는 100Wh 이하 보조배터리에 대한 수량 제한이 명확하지 않았으나(국내는 5개까지 허용), 앞으로는 용량에 관계없이 1인당 최대 2개까지만 기내에 가지고 탈 수 있다. 국토교통부는 우리나라가 국제민간항공기구(ICAO)에 제안한 '보조배터리 기내 안전관리 강화 방안'이 이사회 최종 승인을 거쳐 국제기준으로 확정되었다고 8일 밝혔다.",국토교통부는 우리나라가 국제민간항공기구(ICAO)에 제안한 '보조배터리 기내 안전관리 강화 방안'이 이사회 최종 승인을 거쳐 국제기준으로 확정되었다고 8일 밝혔다. 이번 개정안은 오는 4월 20일부터 전면 시행된다. 그간 보조배터리 반입 규정은 국가와 항공사마다 제각각이었다.,1,020560|아시아나항공,https://www.delighti.co.kr/news/articleView.html?idxno=114871
020560,"이번 상품은 오는 5월 9일부터 16일까지 8일 일정으로, 아시아나항공 직항편을 이용해 로스앤젤레스를 방문하며, 시내 중심 4성급 호텔에서 5연박 하는 일정으로 구성됐다. 참가자들은 LA 다저스 3경기를 직관하며, 이중...","이번 상품은 오는 5월 9일부터 16일까지 8일 일정으로, 아시아나항공 직항편을 이용해 로스앤젤레스를 방문하며, 시내 중심 4성급 호텔에서 5연박 하는 일정으로 구성됐다. 참가자들은 LA 다저스 3경기를 직관하며, 이중...",1,020560|아시아나항공,http://www.fnnews.com/news/202604080950339173
109070,"한국거래소에 따르면 주성코퍼레이션(109070)이 2026년 3월 26일(1일간) 투자주의종목으로 지정된다고 밝혔다. 회사는 15일간 주가상승률이 89.61%로 집계됐으며, 당일 상위 20개 계좌의 매수관여율이 40.10%에 달한 사실이...","한국거래소에 따르면 주성코퍼레이션(109070)이 2026년 3월 26일(1일간) 투자주의종목으로 지정된다고 밝혔다. 회사는 15일간 주가상승률이 89.61%로 집계됐으며, 당일 상위 20개 계좌의 매수관여율이 40.10%에 달한 사실이...",0,109070|주성코퍼레이션,https://www.topstarnews.net/news/articleView.html?idxno=16016292
109070,주성코퍼레이션은 주성그룹 인수 이후 전략적 사업 다각화를 통해 재무 안정성과 수익성을 개선하며 체질 개선에 나섰다고 25일 밝혔다. 2024년 영업이익 흑자전환에 성공한 데 이어 2025년에는 매출 약 850억원을 기록하며 외형 성장을 이어갔다.,주성코퍼레이션이 주성그룹 편입 이후 물류와 통신을 양축으로 한 사업 구조 재편을 통해 성장 기반을 강화하고 있다. 주성코퍼레이션은 주성그룹 인수 이후 전략적 사업 다각화를 통해 재무 안정성과 수익성을 개선하며 체질 개선에 나섰다고 25일 밝혔다. 우선 물류 사업이 안정적인 수익원으로 자리 잡았다.,2,109070|주성코퍼레이션,https://www.etoday.co.kr/news/view/2569220
109070,해운 업종이 글로벌 해상 운임의 반등세와 지정학적 리스크 지속에 따른 공급망 긴장감에 힘입어 2.46% 상승하며 강한 탄력을 받고 있다. 벌크선 운임지수(BDI) 회복의 수혜주인 대한해운 역시 5.82% 상승하며 가파른 우상향 곡선을 그리고 있다.,"해운 업종이 글로벌 해상 운임의 반등세와 지정학적 리스크 지속에 따른 공급망 긴장감에 힘입어 2.46% 상승하며 강한 탄력을 받고 있다. 중동 지역의 긴장으로 인한 수에즈 운하 통행 차질이 선박들의 우회 항로 선택으로 이어지며, 선복량이 실질적으로 감소하는 효과가 나타나자 운임 상방 압력이 주가를 밀어 올리는 모습이다. 가장 뜨거운 수급을 보이는 종목은 주성코퍼레이션이다.",1,109070|주성코퍼레이션,https://www.pinpointnews.co.kr/news/articleView.html?idxno=438572
109070,18일 증시에서 단기(20일) 이동평균선이 장기(60일) 이동평균선을 상향 돌파하는 ‘골든크로스’ 종목들이 잇따라 등장하며 투자자들의 관심이 커지고 있다. 다만 실적 지표가 아직 적자 상태라는 점에서 기술적 반등 이상의 의미를 갖기 위해서는 실적 개선이 동반돼야 한다는 지적이 나온다.,18일 증시에서 단기(20일) 이동평균선이 장기(60일) 이동평균선을 상향 돌파하는 ‘골든크로스’ 종목들이 잇따라 등장하며 투자자들의 관심이 커지고 있다. 기술적 분석상 상승 추세 전환 신호로 해석되는 만큼 단기 매매뿐 아니라 중기 투자 전략에도 참고 지표로 활용되고 있다. 이번에 골든크로스가 발생한 종목들을 보면 업종과 성격이 매우 다양하다.,1,109070|주성코퍼레이션,https://www.pinpointnews.co.kr/news/articleView.html?idxno=437934
042600,"냉난방 설비 전문 오텍과 정수기용 피팅 부품 제조사 스톰테크는 거래를 마감했다. 이어 ""단기적으로는 원자재 가격 변동과 소비 심리 위축에 따라 일부 중소형주가 하락했으나, 글로벌 시장에서 브랜드 인지도를 높이며 고정적인 렌탈료 수익을 확보한 상위 기업들의 기초 체력은 더욱 단단해질 것""이라며 ""해외 현지 법인의 실적 성장세가 가시적인 수출 주도형 가전 기업을 중심으로 선별적인 투자 접근이 필요하다""고 덧붙였다.",집에서 머무는 시간의 질을 높이려는 소비 트렌드가 확산되면서 국내 가정용기기 및 용품 테마가 렌탈 서비스와 고부가가치 가전 기업들을 중심으로 견조한 상승세를 기록했다. 가장 두드러진 오름세를 보인 종목은 국내 렌탈 업계 대장주다. 한국거래소에 따르면 정수기와 공기청정기 등 환경 가전 렌탈 계정을 꾸준히 늘리며 동남아 시장에서도 성과를 내고 있는 코웨이는 이날 7.46% 상승한 7만 7800원에 거래를 마감했다.,1,042600|새로닉스,https://www.pinpointnews.co.kr/news/articleView.html?idxno=443575
042600,"한국거래소 공시에 따르면 새로닉스는 지정 전 3일간 15.56%의 주가변동률을 기록했으며, 당일 특정계좌의 매수 관여율은 12.31%로 나타났다. 투자주의 종목 지정 제도는 일정 기간 동안 주가가 급등하는 등 시장 경보가 필요한 종목을 대상으로, 투자주의종목에서 투자경고종목, 투자위험종목 단계로 구분된다.","한국거래소 공시에 따르면 새로닉스는 지정 전 3일간 15.56%의 주가변동률을 기록했으며, 당일 특정계좌의 매수 관여율은 12.31%로 나타났다. 또한 최근 3일 중 2일에서 5% 이상의 매수 관여율을 보였고, 같은 기간 정규시장 기준 일평균거래량이 3만주를 초과해 지정 요건을 모두 충족했다는 설명이다. 투자주의 종목 지정 제도는 일정 기간 동안 주가가 급등하는 등 시장 경보가 필요한 종목을 대상으로, 투자주의종목에서 투자경고종목, 투자위험종목 단계로 구분된다.",0,042600|새로닉스,https://www.topstarnews.net/news/articleView.html?idxno=16017148
042600,"처분 결정일은 2026년 2월 12일로, 사외이사와 감사가 참석한 가운데 이사회 결의가 이루어졌다. 이번 처분은 회사의 경상적인 사업운영에 필요한 운영자금 및 금융기관 차입금 상환 등 재무구조 개선을 위해 사용될 예정이다.","처분 대상 주식의 가격은 1만3700원으로, 총 처분 예정 금액은 26억3046만8500원이다. 이번 처분은 시간외대량매매 방식으로 진행되며, FOX CAPITAL MANAGEMENT LTD와 MERIDIAN ONE ASSET MANAGEMENT가 처분 상대방으로 선정됐다. 새로닉스는 처분 전 보통주 19만2005주를 보유하고 있으며, 이는 발행주식총수의 1.55%에 해당한다.",1,042600|새로닉스,https://www.digitaltoday.co.kr/news/articleView.html?idxno=630736
042600,새로닉스는 7일 코스닥 시장에서 오전 10시55분 현재 전 거래일보다 6.16%(1180원) 상승한 2만350원에 거래되고 있다. 새로닉스는 31일을 제외하고 27일부터 4일까지 3~9%의 상승폭을 기록했다.,새로닉스는 7일 코스닥 시장에서 오전 10시55분 현재 전 거래일보다 6.16%(1180원) 상승한 2만350원에 거래되고 있다. 새로닉스는 31일을 제외하고 27일부터 4일까지 3~9%의 상승폭을 기록했다. 엘앤에프는 전 거래일 대비 8.62%(1만4700원) 높은 18만5300원에 거래되고 있다. 엘앤에프는 31일을 제외하고 27일부터 6일까지 10% 미만의 상승폭을 기록했다. 새로닉스는 엘앤에프의 모회사다. 엘앤에프는 이차전지 핵심 소재인 양극활물질을 생산하는 업체다.,1,042600|새로닉스,http://www.econonews.co.kr/news/articleView.html?idxno=434475
042600,엘앤에프는 전 거래일 대비 5.59%(9300원) 높은 17만5700원에 거래되고 있다. 엘앤에프는 31일을 제외하고 27일부터 3일까지 10% 미만의 상승폭을 기록했다.,새로닉스는 6일 코스닥 시장에서 오전 10시44분 현재 전 거래일보다 2.68%(490원) 상승한 1만8770원에 거래되고 있다. 새로닉스는 31일을 제외하고 27일부터 3일까지 3~9%의 상승폭을 기록했다. 엘앤에프는 전 거래일 대비 5.59%(9300원) 높은 17만5700원에 거래되고 있다. 엘앤에프는 31일을 제외하고 27일부터 3일까지 10% 미만의 상승폭을 기록했다. 새로닉스는 엘앤에프의 모회사다. 엘앤에프는 이차전지 핵심 소재인 양극활물질을 생산하는 업체다.,1,042600|새로닉스,http://www.econonews.co.kr/news/articleView.html?idxno=434329
014130,한익스프레스는 모아시스템즈와 AI 기반 주문수집 솔루션 ‘AION(아이온)’의 시스템 고도화와 기술 이전을 위한 전략적 업무협약(MOU)을 체결했다고 16일 전했다. 한익스프레스는 지난 4개월간 모아시스템즈와 AION을 공동 개발한 바 있다.,종합물류기업 한익스프레스가 AI 전문 개발사인 모아시스템즈와 손잡고 인공지능(AI) 기술의 디지털 전환(DX) 가속화에 나선다. 한익스프레스는 모아시스템즈와 AI 기반 주문수집 솔루션 ‘AION(아이온)’의 시스템 고도화와 기술 이전을 위한 전략적 업무협약(MOU)을 체결했다고 16일 전했다. 한익스프레스는 지난 4개월간 모아시스템즈와 AION을 공동 개발한 바 있다.,1,014130|한익스프레스,https://www.klnews.co.kr/news/articleView.html?idxno=320359
014130,"종합물류기업 한익스프레스는 AI 기술의 전사적 내재화를 위한 AI 통합 플랫폼 ‘AION(AI Orchestration Network)’을 구축했다고 30일 밝혔다. 우선 현장에서 빈번하게 발생하는 비정형 데이터 처리를 위해 PDF, 이미지, 이메일, 엑셀 등 주문, 계약, 운송 관련 데이터들을 AI가 자동으로 인식하고 구조화한다.","종합물류기업 한익스프레스는 AI 기술의 전사적 내재화를 위한 AI 통합 플랫폼 ‘AION(AI Orchestration Network)’을 구축했다고 30일 밝혔다. 한익스프레스가 개발한 AION은 주문정보 수집부터 배차, 운송, 정산, 리스크 관리 등 물류 전 영역에 적용 가능한 차세대 AI 기반 물류 플랫폼이다. AION은 설계부터 물류시장의 변화와 고객 요구에 유연하게 대응하고 실무 중심의 AI 활용과 기술 내재화의 동시 달성에 중점을 두었다.",1,014130|한익스프레스,https://www.klnews.co.kr/news/articleView.html?idxno=319860
014130,"이번 보고에서는 주식 수가 1만8608주 증가하며 지분율이 0.15% 상승했다. 최근 실적을 보면, 한익스프레스는 최근 결산 기준으로 매출액 7123억원, 영업이익 34억원, 당기순이익 172억원을 기록했다.","2025년 9월 3일 직전 보고 기준일에는 471만9531주를 보유하고 있었으며, 지분율은 39.33%였다. 이번 보고에서는 주식 수가 1만8608주 증가하며 지분율이 0.15% 상승했다. 세부변동내역에 따르면, 이석환은 2026년 1월 13일 장내매수를 통해 여러 차례에 걸쳐 총 1만8608주를 매수했다.",1,014130|한익스프레스,https://www.digitaltoday.co.kr/news/articleView.html?idxno=621074
014130,"한익스프레스(014130)가 유가증권시장 공시규정에 따라 불성실공시법인으로 지정됐다고 한국거래소에... 한익스프레스에 대해 교체요구 대상 등은 발생하지 않았으며, 관리종목 여부에도 해당되지 않는 것으로...","한익스프레스(014130)가 유가증권시장 공시규정에 따라 불성실공시법인으로 지정됐다고 한국거래소에... 한익스프레스에 대해 교체요구 대상 등은 발생하지 않았으며, 관리종목 여부에도 해당되지 않는 것으로...",0,014130|한익스프레스,https://www.topstarnews.net/news/articleView.html?idxno=15993512
014130,"한익스프레스의 2025년 매출액은 6297억8067만8000원으로, 2024년 7123억38만6000원 대비 825억1970만8000원 감소했다. 같은 기간 영업이익은 33억7063만5000원에서 영업손실 36억1144만2000원으로 적자전환했다.","한익스프레스의 2025년 매출액은 6297억8067만8000원으로, 2024년 7123억38만6000원 대비 825억1970만8000원 감소했다. 같은 기간 영업이익은 33억7063만5000원에서 영업손실 36억1144만2000원으로 적자전환했다. 2025년 당기순이익도 당기순손실 147억3234만1000원으로, 2024년 당기순이익 171억5807만1000원에서 적자전환했다.",0,014130|한익스프레스,https://www.digitaltoday.co.kr/news/articleView.html?idxno=629026
039420,"4월 2일 공시에 따르면, 이시우는 케이엘넷의 보통주 5만2298주를 보유하고 있으며, 이는 전체 발행주식총수 대비 0.23%의 지분율을 차지한다. 이시우의 주식 보유는 신규 선임에 따른 보고 의무 발생으로 인해 이번에 처음 공시됐다.","4월 2일 공시에 따르면, 이시우는 케이엘넷의 보통주 5만2298주를 보유하고 있으며, 이는 전체 발행주식총수 대비 0.23%의 지분율을 차지한다. 이시우의 주식 보유는 신규 선임에 따른 보고 의무 발생으로 인해 이번에 처음 공시됐다. 케이엘넷은 2002년 3월 12일 코스닥 시장에 상장된 전기 통신업체다. 임원ㆍ주요주주특정증권등소유상황보고서 ※ 교환대상이 주식인 교환사채권 및 기초자산이 주식인 증권예탁증권, 파생결합증권 등에 한하여 분모에서 제외하고 소유비율을 산정",1,039420|케이엘넷,https://www.digitaltoday.co.kr/news/articleView.html?idxno=652973
039420,"한국거래소 공시에 따르면 해당 소각 주식의 배당기산일은 2026년 1월 1일로 설정됐으며, 변경상장일은 2026년 4월 7일로 예정돼 있다. 케이엘넷은 이번 주식소각을 통해 주주가치 제고 및 효율적 주식관리를 추진한다고 밝혔다.","한국거래소 공시에 따르면 해당 소각 주식의 배당기산일은 2026년 1월 1일로 설정됐으며, 변경상장일은 2026년 4월 7일로 예정돼 있다. 소각된 주식은 2026년 3월 10일자로 처리됐다. 케이엘넷은 이번 주식소각을 통해 주주가치 제고 및 효율적 주식관리를 추진한다고 밝혔다. 기타 세부사항은 공시 원문을 통해 확인할 수 있다.",2,039420|케이엘넷,https://www.topstarnews.net/news/articleView.html?idxno=16023926
039420,"최근 실적을 보면, 케이엘넷은 자산 총계 665억원, 부채 총계 63억원, 자본 총계 602억원을 기록했다. 매출액은 502억원, 영업이익은 100억원, 당기순이익은 89억원이다.","처분 예정 주식은 보통주 9800주이며, 주당 처분 가격은 2900원으로 책정됐다. 총 처분 예정 금액은 2842만원이다. 처분은 2026년 4월 1일부터 4월 3일까지 진행될 예정이다.",1,039420|케이엘넷,https://www.digitaltoday.co.kr/news/articleView.html?idxno=648066
039420,"인천국제공항공사는 올해 하계시즌(3월29일~10월24일) 일평균 정기편 항공기 운항 횟수가 지난해 1159회보다 최대 9.1% 늘어난 1260회 이상이 될 것으로 전망된다고 30일 밝혔다.공사는 인천공항의 시간당 이착... 선사들이 중동 사태를 배경으로 한 국제유가 상승에 대응해 운임 인상에 나선다.장금상선과 계열사인 흥아라인은 20피트 컨테이너(TEU)당 베트남·태국항로에서 150달러, 말레이시아항로에서 200달러, 인도..","해운 물류 항만 조선 항공 무역 해양종합 인사/동정 특집/기획 라이프 연재소설 English news Photo News 무역 해양종합 인사/동정 특집/기획 라이프 연재소설 English news Photo News KCTC “재무 안정성 확보와 디지털 전환... 항만물류기업 케이씨티시(KCTC)가 글로벌 종합물류기업 도약을 목표로 중장기 경영계획 ‘비전 2030’을 수립하고, 올해부터 ▲내실경영 기반 핵심사업 경쟁력 강화 ▲디지털 전환 및 운영 효율화 추진 등... 케이엘넷, 정지원 대표 재선임·이시원...",1,039420|케이엘넷,https://www.ksg.co.kr/news/main_newsView.jsp?pNum=146901
039420,"처분 후 자기주식 보유 현황(2026년 4월 1일 기준)을 보면, 직접 보유 수량은 보통주식 155만3128주(6.8%)이며 취득원가 총가액은 36억7300만원이다. 신탁계약 등 보유 수량은 114만7309주(5%)로, 계약금액은 30억원이다.","처분은 2026년 4월 1일 하루 동안 진행됐으며, 1주당 처분가액은 2745원이다. 처분가액 총액은 2690만1000원이며 처분 대상은 임직원이다. 회사 측은 1주당 처분가액이 처분일 전일인 2026년 3월 31일 종가 기준이라고 설명했다.",1,039420|케이엘넷,https://www.digitaltoday.co.kr/news/articleView.html?idxno=654016
039570,"HDC랩스, 서울특별시 어린이병원과 장애 예술인 고용 업무협약 체결 기사입력 2026-03-23 13:21:36 폰트크기 변경 발달장애 예술 분야 인재 고용 통해 기업의 사회적 책임 실현","HDC랩스, 서울특별시 어린이병원과 장애 예술인 고용 업무협약 체결 기사입력 2026-03-23 13:21:36 폰트크기 변경 발달장애 예술 분야 인재 고용 통해 기업의 사회적 책임 실현",1,039570|HDC랩스,https://www.dnews.co.kr/uhtml/view.jsp?idxno=202603201605180980014
039570,"HDC랩스가 20일 서울특별시 어린이병원과 ‘레인보우 예술센터’ 장애 예술인 고용을 위한 업무 협약을 체결했다고 23일 밝혔다. HDC랩스와 협약을 맺은 서울특별시 어린이병원 레인보우 예술센터는 2023년 개소한 국내 최초의 발달장애인 대상 의료기반 예술 치료·교육센터로, 예술의 치유적 가치를 바탕으로 전 생애주기별 통합 치료·교육 모델을 구축하고 있다.",HDC랩스가 20일 서울특별시 어린이병원과 ‘레인보우 예술센터’ 장애 예술인 고용을 위한 업무 협약을 체결했다고 23일 밝혔다. 이번 협약은 HDC랩스가 장애인 고용 의무를 이행하고 기업의 사회적 책임(CSR)을 다하기 위한 고용 모델의 일환으로 추진됐다. 이날 행사는 협약의 주인공인 발달장애 예술인들의 축하 연주회로 시작됐다.,1,039570|HDC랩스,https://www.goodkyung.com/news/articleView.html?idxno=284781
039570,HDC랩스(대표 이준형)가 20일 서울특별시 어린이병원과 '레인보우 예술센터' 장애 예술인 고용을 위한 업무 협약을 체결했다고 밝혔다. 이번 협약은 HDC랩스가 장애인 고용 의무를 이행하고 기업의 사회적 책임(CSR)을...,HDC랩스(대표 이준형)가 20일 서울특별시 어린이병원과 '레인보우 예술센터' 장애 예술인 고용을 위한 업무 협약을 체결했다고 밝혔다. 이번 협약은 HDC랩스가 장애인 고용 의무를 이행하고 기업의 사회적 책임(CSR)을...,1,039570|HDC랩스,https://www.etnews.com/20260320000263
039570,"HDC랩스가 20일 서울특별시 어린이병원과 ‘레인보우 예술센터’ 장애 예술인 고용을 위한 업무 협약을 체결했다고 23일 밝혔다. HDC랩스와 협약을 맺은 서울특별시 어린이병원 레인보우 예술센터는 2023년 개소한 국내 최초의 발달장애인 대상 의료기반 예술 치료·교육센터로, 예술의 치유적 가치를 바탕으로 전 생애주기별 통합 치료·교육 모델을 구축하고 있다.",HDC랩스가 20일 서울특별시 어린이병원과 ‘레인보우 예술센터’ 장애 예술인 고용을 위한 업무 협약을 체결했다고 23일 밝혔다. 이번 협약은 HDC랩스가 장애인 고용 의무를 이행하고 기업의 사회적 책임(CSR)을 다하기 위한 고용 모델의 일환으로 추진됐다. 이날 행사는 협약의 주인공인 발달장애 예술인들의 축하 연주회로 시작됐다.,1,039570|HDC랩스,https://www.businesskorea.co.kr/news/articleView.html?idxno=265774
039570,"HDC랩스(대표 이준형)가 지난 20일 서울특별시 어린이병원과 ‘레인보우 예술센터’ 장애 예술인 고용을 위한 업무 협약을 체결했다고 밝혔다. HDC랩스와 협약을 맺은 서울특별시 어린이병원 레인보우 예술센터는 2023년 개소한 국내 최초의 발달장애인 대상 의료기반 예술 치료·교육센터로, 예술의 치유적 가치를 바탕으로 전 생애주기별 통합 치료·교육 모델을 구축하고 있다.",HDC랩스(대표 이준형)가 지난 20일 서울특별시 어린이병원과 ‘레인보우 예술센터’ 장애 예술인 고용을 위한 업무 협약을 체결했다고 밝혔다. 이번 협약은 HDC랩스가 장애인 고용 의무를 이행하고 기업의 사회적 책임(CSR)을 다하기 위한 고용 모델의 일환으로 추진됐다. 이날 행사는 협약의 주인공인 발달장애 예술인들의 축하 연주회로 시작됐다.,1,039570|HDC랩스,https://www.eroun.net/news/articleView.html?idxno=76196
210120,이 외 주요 내용으로 디비투자조합은 디비프라이빗에쿼티와 계약당사자 지위 승계 계약을 2024년 10월 28일 체결했으며 대상 주식등의 수는 50만주다. 원정인프라홀딩스는 지엔파이낸스현대부티크와 담보설정에 따른 질권설정 계약을 2026년 1월 28일 체결했으며 대상 주식등의 수는 212만8892주다.,"디비투자조합과 특별관계자 4인의 2026년 4월 3일 기준 캔버스엔 보유 주식등의 수는 297만3572주, 보유 비율은 12.26%로 보고됐다. 주요 내역을 보면, 보고자 디비투자조합은 283만6794주, 11.7%를 보유 중이다. 특별관계자 김영진은 13만6778주, 0.56%를 보유 중이다.",1,210120|캔버스엔,https://www.digitaltoday.co.kr/news/articleView.html?idxno=653464
210120,"캔버스엔, 새 인수 후보자로 크레이지픽스 거론 딜 성사 쉽지 않아... 김영진 회장 측 일부 자금 지원 가능성 이 기사는 2026년 3월 17일 17시 43분 조선비즈 머니무브(MM) 사이트에 표출됐습니다. 코스닥 상장사 캔버스엔의...","캔버스엔, 새 인수 후보자로 크레이지픽스 거론 딜 성사 쉽지 않아... 김영진 회장 측 일부 자금 지원 가능성 이 기사는 2026년 3월 17일 17시 43분 조선비즈 머니무브(MM) 사이트에 표출됐습니다. 코스닥 상장사 캔버스엔의...",1,210120|캔버스엔,https://biz.chosun.com/stock/market_trend/2026/03/18/CMPNUESGE5AYJCUOGJZ46H4E3I/?utm_source=naver&utm_medium=original&utm_campaign=biz
210120,"품에자산운용은 지난 1월 22일 나노캠텍이 디비투자조합을 통해 소유하고 있던 캔버스엔 주식 81만579주를 39억원에 취득하는 계약을 체결했는데, 이는 계약 전날 종가(1732원)와 비교해 3배 가까운 가격에 인수한 것이다. 유상증자와 CB 투자를 모두 포함할 경우 김 씨 측이 캔버스엔 경영권 확보와 유동성 공급을 위해 투입하려 했던 자금 규모는 최소 300억원 안팎에 달했던 것으로 추산된다.",9일 금융감독원 전자공시시스템에 따르면 김대식 씨 측이 주도한 캔버스엔 인수가 최근 불발됐다. 김 씨가 100% 출자한 디에스체인은 100억원 규모의 캔버스엔 유상증자에 참여해 최대주주로 등극할 예정이었지만 주금 납입에 실패했다. 김 씨는 지난 6일 경영지배인 자리에서도 해임됐다.,2,210120|캔버스엔,https://dealsite.co.kr/articles/158016
210120,캔버스엔의 매각이 안갯속으로 빠졌다. 시장에서 이름있는 인물이 등장하면서 딜이 마무리 될 것처럼... 캔버스엔은 콘텐츠 제작 관련 사업을 영위하는 법인이다. 나오캠텍이 2024년 사업 다각화 차원에서 인수했다....,캔버스엔의 매각이 안갯속으로 빠졌다. 시장에서 이름있는 인물이 등장하면서 딜이 마무리 될 것처럼... 캔버스엔은 콘텐츠 제작 관련 사업을 영위하는 법인이다. 나오캠텍이 2024년 사업 다각화 차원에서 인수했다....,1,210120|캔버스엔,https://www.thebell.co.kr/free/content/ArticleView.asp?key=202602271441230240104416
210120,"이 외 주요 내용으로 디비투자조합은 디비프라이빗에쿼티와 계약당사자 지위 승계를 2024년 10월 28일 체결했으며 대상 주식등의 수는 50만주다. 디비투자조합과 특별관계자 4인의 2월 26일 기준 캔버스엔 보유 주식등의 수는 307만6199주, 보유 비율은 12.68%로 보고됐다.","디비투자조합과 특별관계자 4인의 2월 26일 기준 캔버스엔 보유 주식등의 수는 307만6199주, 보유 비율은 12.68%로 보고됐다. 주요 내역을 보면, 보고자 디비투자조합은 293만9421주, 12.12%를 보유 중이다. 특별관계자 김영진은 13만6778주, 0.56%를 보유 중이다.",1,210120|캔버스엔,https://www.digitaltoday.co.kr/news/articleView.html?idxno=635036
060570,음원 유통업체 드림어스컴퍼니가 195억원 규모로 자사 음원스트리밍서비스 FLO 이용권을 SKT에 제공하는 계약을 체결했다고 27일 공시했다. 이번 계약규모는 2024년 연결기준 매출 대비 8.86% 수준이다.,"음원 유통업체 드림어스컴퍼니가 195억원 규모로 자사 음원스트리밍서비스 FLO 이용권을 SKT에 제공하는 계약을 체결했다고 27일 공시했다. 이번 계약규모는 2024년 연결기준 매출 대비 8.86% 수준이다. 계약기간은 올해 1월 초부터 6월 말까지다. 계약금 및 선급금은 없으며, 계약기간 내 대금 100%를 지급받는다.",2,060570|드림어스컴퍼니,https://www.bloter.net/news/articleView.html?idxno=657941
060570,"계약금액은 드림어스컴퍼니의 최근 매출액 대비 8.66%에 해당한다. 드림어스컴퍼니의 최근 실적은 2024년 12월 결산 기준으로, 자산총계 2473억원, 부채총계 1006억원, 자본총계 1467억원이다.","에스케이텔레콤은 드림어스컴퍼니의 주요주주 계열회사로, 유/무선통신사업을 주요 사업으로 하고 있다. 계약금액은 드림어스컴퍼니의 최근 매출액 대비 8.66%에 해당한다. 2026년 3월 27일 오전 11시 21분 한국거래소 기준 드림어스컴퍼니의 주가는 전일 대비 2.54% 상승한 1293원에 거래되고 있다.",1,060570|드림어스컴퍼니,https://www.digitaltoday.co.kr/news/articleView.html?idxno=647452
060570,27일 계약 내역에 따르면 드림어스컴퍼니는 주요 주주의 계열회사인 SK텔레콤에 FLO 음악 서비스 이용권을 공급한다. 이번 공급 계약 금액인 195억원은 2024년 말 연결재무제표 기준 매출액 2250억6000만원을 근거로 산정됐다.,27일 계약 내역에 따르면 드림어스컴퍼니는 주요 주주의 계열회사인 SK텔레콤에 FLO 음악 서비스 이용권을 공급한다. 계약 기간은 2026년 1월1일부터 6월30일까지이며 대금은 계약 기간 내 100% 지급 예정이다. 이번 공급 계약 금액인 195억원은 2024년 말 연결재무제표 기준 매출액 2250억6000만원을 근거로 산정됐다.,1,060570|드림어스컴퍼니,https://www.fetv.co.kr/news/article.html?no=215828
060570,"한국거래소 공시에 따르면, 계약금액인 19,500,000,000원은 부가가치세가 제외된 금액으로, 대금지급 조건은 계약기간 내 100% 지급으로 명시됐다. FLO 이용권 제공 방식이며, 계약금과 선급금은 별도로 없으며, 기타 상세 내용은 계약서 규정에 따라 변동될 수 있다고 밝혔다.","한국거래소 공시에 따르면, 계약금액인 19,500,000,000원은 부가가치세가 제외된 금액으로, 대금지급 조건은 계약기간 내 100% 지급으로 명시됐다. FLO 이용권 제공 방식이며, 계약금과 선급금은 별도로 없으며, 기타 상세 내용은 계약서 규정에 따라 변동될 수 있다고 밝혔다. 한편, 계약(수주) 일자는 2026년 3월 26일이고, 계약기간은 소급 적용된다고 회사는 공시했다.",1,060570|드림어스컴퍼니,https://www.topstarnews.net/news/articleView.html?idxno=16017675
060570,"글로벌 투자은행 골드만삭스 또한 ‘뮤직 인 디 에어(Music in the Air)’ 보고서에서 슈퍼팬을 대상으로 한 프리미엄 상품, 라이브 경험, 직접 소통 모델이 향후 음악 산업 수익성의 핵심 변수가 될 것이라고 전망했다. 드림어스컴퍼니의 ‘음악 IP 360’ 관련 사업 비중은 2025년 기준 전체 매출의 약 65%까지 확대된 것으로 집계된다.","글로벌 음악 산업이 스트리밍 중심의 유통 경쟁을 넘어 이제는 팬과 얼마나 직접적이고 지속적인 관계를 구축하느냐가 중요한 요소로 떠오르고 있다. 글로벌 음악 데이터 분석 기관 루미네이트(Luminate)가 발표한 ‘2024 연간 음악 결산 보고서’에 따르면 아티스트와 5가지 이상 방식으로 상호작용하는 ‘슈퍼팬(SuperFan)’은 일반 음악 청취자보다 월평균 음악 관련 지출이 약 2~3배 높다. 이들은 공연 관람, 실물 음반 구매, 공식 멤버십 가입, MD 소비, 사회관계망서비스(SNS) 참여 등 다양한 접점을 통해 아티스트와 관계를 형성하며 산업 내 가장 높은 객단가",1,060570|드림어스컴퍼니,https://www.segye.com/newsView/20260323517324?OutUrl=naver
054050,"국내 대표 종자기업 NH농우바이오(대표이사 양현구)는 2026년 4월 2일(목), 서울대학교 농업생명과학대학에서 미래 농업 인재 육성을 위한 장학금 전달식을 개최했다고 밝혔다.이날 전달식에는 NH농우바이오 양현구 대표이사를 비롯해 조병중 R&D본부장, 채원기 여주육종연구소장, 황인서 기획조정실장과 서울대 농업생명과학대학 강병철 학장 등 주요 인사들이 참석했다.NH농우바이오는 지난 2012년 5,000만 원의 발전기금을 기부한","국내 대표 종자기업 NH농우바이오(대표이사 양현구)는 2026년 4월 2일(목), 서울대학교 농업생명과학대학에서 미래 농업 인재 육성을 위한 장학금 전달식을 개최했다고 밝혔다.이날 전달식에는 NH농우바이오 양현구 대표이사를 비롯해 조병중 R&D본부장, 채원기 여주육종연구소장, 황인서 기획조정실장과 서울대 농업생명과학대학 강병철 학장 등 주요 인사들이 참석했다.NH농우바이오는 지난 2012년 5,000만 원의 발전기금을 기부한 것을 시작으로, 매년 1,000만 원씩 서울대학교 발전기금을 꾸준히 출연해 오고 있다. 이에 따라 2026년",1,054050|농우바이오,http://www.nongup.net/news/articleView.html?idxno=32840
054050,"�����̿��� 4�� ��� �ñ⿡ ������ ��õ ǰ������ ��, ����, �丶�� �� 3�� �۸��� �����ϸ� �������� ������ ���� ǰ�� ���� ������ �����ߴ�. ��� �ñ�� ��ź�� ���� 5�� ���� �� 7�� �� ��Ȯ, ���������� 5�� �� ���� �� 8�� ��Ȯ�� �����ϴ�.","���� �������� Ŀ���� ��� ���� ������ ��Ȳ�� �¿��ϴ� �ٽ� ������ �������� �ִ�. �ֿ� ä�� ǰ�� ���� ‘��� ������’�� ‘ȯ�� ������’�� �߽����� ��ȭ�ϴ� �帧�̴�. �����̿��� 4�� ��� �ñ⿡ ������ ��õ ǰ������ ��, ����, �丶�� �� 3�� �۸��� �����ϸ� �������� ������ ���� ǰ�� ���� ������ �����ߴ�.",1,054050|농우바이오,http://www.youngnong.co.kr/news/articleView.html?idxno=58482
054050,기후위기 대응한 온실가스 저감 생물 다양성 보전에 앞장 모든 협력업체와 '청렴이행각서' 의무화 상호 신뢰 기반 동반성장 모델 제시 NH농우바이오는 종자 안전성 위협에 대응하기 위해 생물다양성을 보전하고 농가소득...,기후위기 대응한 온실가스 저감 생물 다양성 보전에 앞장 모든 협력업체와 '청렴이행각서' 의무화 상호 신뢰 기반 동반성장 모델 제시 NH농우바이오는 종자 안전성 위협에 대응하기 위해 생물다양성을 보전하고 농가소득...,1,054050|농우바이오,http://www.aflnews.co.kr/news/articleView.html?idxno=317520
054050,"농우바이오는 고부가가치 우수품종 개발 정책을 추진하고, 재무구조 개선을 통해 자본구조 최적화와 자본효율성 제고에 나선다고 밝혔다. 전전 사업연도 대비 직전 사업연도 이익배당금액 증가율은 13.64%로 제시됐다.","농우바이오는 고부가가치 우수품종 개발 정책을 추진하고, 재무구조 개선을 통해 자본구조 최적화와 자본효율성 제고에 나선다고 밝혔다. 안정적인 현금흐름 확보를 바탕으로 지속가능한 배당 정책도 유지한다는 방침이다. 조세특례제한법 제104조의27에 따른 고배당기업 여부는 해당으로 제시됐다.",2,054050|농우바이오,https://www.digitaltoday.co.kr/news/articleView.html?idxno=640325
067770,"영업이익은 영업손실 2억724만5981원으로 전년 7억3603만9898원에서 적자전환했다. 세진티에스의 2025년 1월 1일부터 2025년 12월 31일까지 연결 기준 매출액은 118억9654만7885원으로, 2024년 1월 1일부터 2024년 12월 31일까지의 131억7633만2207원 대비 9.7% 감소했다.","세진티에스의 2025년 1월 1일부터 2025년 12월 31일까지 연결 기준 매출액은 118억9654만7885원으로, 2024년 1월 1일부터 2024년 12월 31일까지의 131억7633만2207원 대비 9.7% 감소했다. 영업이익은 영업손실 2억724만5981원으로 전년 7억3603만9898원에서 적자전환했다. 당기순이익은 5억7123만5764원으로 전년 31억2635만188원 대비 81.7% 감소했다.",0,067770|세진티에스,https://www.digitaltoday.co.kr/news/articleView.html?idxno=628833
067770,"잉크젯 프린팅 공정 솔루션 전문 엔젯은 8.23% 오른 5130원을 기록하고 있으며, 디스플레이 핵심 부품 제조사인 이노테크는 8.17% 상승한 1만 9060원에 거래되고 있다. 글로벌 LED 전문 기업 서울반도체는 자동차 및 가전용 수요 증가에 힘입어 7.84% 상승한 9350원을 기록 중이다.","글로벌 IT 기기의 OLED 탑재 비중이 급격히 늘어나고 차세대 디스플레이인 마이크로 LED 시장이 개화하면서 국내 디스플레이장비 및 부품 업종이 강력한 동반 상승세를 나타내고 있다. 스마트폰을 넘어 태블릿, 노트북, 전장용 디스플레이로의 적용 범위 확대가 국내 소부장 기업들의 신규 수주로 이어지며 업종 전반의 투자 심리를 자극하는 모습이다. 가장 눈에 띄는 탄력을 보이는 종목은 럭스피아다.",1,067770|세진티에스,https://www.pinpointnews.co.kr/news/articleView.html?idxno=441815
067770,"[주주총회] 와이엠, 엠게임, 로보로보, IBKS제23호스팩, IBKS제25호스팩, 한국캐피탈, 디알젬, 나우IB, 퓨릿, 유니셈, IBKS제24호스팩, 바이넥스, 라이온켐텍, 와이엠씨, 중앙에너비스, 아이크래프트, 샌즈랩, 한국첨단소재, 부스타, 앱클론, 피델릭스, 오로스테크놀로지, 링크제니시스, 한양이엔지, 쿠콘, 딜리, 위드텍, 무림SP, 위츠, 본시스템즈, 럭스피아, 제노텍, 한화시스템, 동국제강, 우리금융지주, 세아제","[주주총회] 와이엠, 엠게임, 로보로보, IBKS제23호스팩, IBKS제25호스팩, 한국캐피탈, 디알젬, 나우IB, 퓨릿, 유니셈, IBKS제24호스팩, 바이넥스, 라이온켐텍, 와이엠씨, 중앙에너비스, 아이크래프트, 샌즈랩, 한국첨단소재, 부스타, 앱클론, 피델릭스, 오로스테크놀로지, 링크제니시스, 한양이엔지, 쿠콘, 딜리, 위드텍, 무림SP, 위츠, 본시스템즈, 럭스피아, 제노텍, 한화시스템, 동국제강, 우리금융지주, 세아제강지주, 에코프로머티, 무림P&P, NAVER, HD현대에너지솔루션, LG이노텍, 동양생명, 카카오페이, 한솔제지, 한솔로지스틱스, 지누스, L",1,067770|세진티에스,https://www.etoday.co.kr/news/view/2568022
067770,"코스닥 상장 이후 매년 매출의 10%에 육박하는 금액을 연구개발(R&D)에 쏟아부은 이들은, 이제 1만 8000개가 넘는 특허로 무장한 대한민국 대표 종합 LED 기업이 됐다. 세계적인 LED 전문 기업 서울반도체 역시 29.88% 치솟으며 9520원으로 상한가 대열에 합류했다.",디스플레이장비및부품 테마가 24일 글로벌 IT 기기들의 OLED 전환 가속화와 마이크로 LED 기술 도입 확대 소식에 힘입어 전일 대비 4.31% 상승 마감했다. 고부가가치 소재와 차세대 광원 기술을 보유한 기업들을 중심으로 강력한 수급이 유입됐다. 한국거래소에 따르면 이날 시장의 주인공은 액정 표시 장치 관련 기능성 테이프 전문인 예선테크였다.,1,067770|세진티에스,https://www.pinpointnews.co.kr/news/articleView.html?idxno=431924
142760,"모아라이프플러스가 인공지능(AI), 데이터 인프라, 핀테크를 아우르는 디지털 신사업에 진출하며 대대적인 사업 포트폴리오 전환에 나섭니다. 모아라이프플러스는 최근 정기주주총회 소집공고를 통해 AI 데이터센터 구축...","모아라이프플러스가 인공지능(AI), 데이터 인프라, 핀테크를 아우르는 디지털 신사업에 진출하며 대대적인 사업 포트폴리오 전환에 나섭니다. 모아라이프플러스는 최근 정기주주총회 소집공고를 통해 AI 데이터센터 구축...",1,142760|모아라이프플러스,http://mbn.mk.co.kr/pages/news/newsView.php?category=mbn00003&news_seq_no=5182475
142760,"기존 사업 시너지·실적 개선 기대 ""제2의 ETF 기대했건만""…반년 된 상장클래스, 시장 외면","기존 사업 시너지·실적 개선 기대 ""제2의 ETF 기대했건만""…반년 된 상장클래스, 시장 외면",1,142760|모아라이프플러스,https://www.sentv.co.kr/article/view/sentv202603180062
142760,"모아라이프플러스가 기존 사업과의 시너지 창출과 실적 개선을 위해 인공지능(AI), 데이터 인프라, 핀테크 등 디지털 기반 신사업을 추진한다. 모아라이프플러스 관계자는 ""AI, 데이터, 결제 플랫폼 등 디지털 기반 사업을 통해 기존 사업과의 시너지를 강화하고 새로운 수익 모델을 구축할 것""이라며 ""사업 포트폴리오 다각화를 통해 실적 개선과 중장기 성장 기반을 마련할 계획""이라고 말했다.","모아라이프플러스가 기존 사업과의 시너지 창출과 실적 개선을 위해 인공지능(AI), 데이터 인프라, 핀테크 등 디지털 기반 신사업을 추진한다. 모아라이프플러스는 최근 공시한 정기주주총회 소집공고를 통해 AI 데이터센터 구축 및 운영, AI 플랫폼 개발, 빅데이터 분석, 전자결제(PG) 및 핀테크 서비스 등 다양한 사업을 신규 사업목적으로 추가하는 안건을 상정했다고 밝혔다. 이번 사업목적 확대는 기존 헬스케어·커머스 사업과 디지털 플랫폼을 결합해 사업 경쟁력을 강화하고 새로운 수익원을 확보하기 위한 전략의 일환이다.",1,142760|모아라이프플러스,https://www.startuptoday.co.kr/news/articleView.html?idxno=600207
142760,"플랫폼 연계 핀테크 서비스 확대 계획 ""제2의 ETF 기대했건만""…반년 된 상장클래스, 시장 외면","플랫폼 연계 핀테크 서비스 확대 계획 ""제2의 ETF 기대했건만""…반년 된 상장클래스, 시장 외면",1,142760|모아라이프플러스,https://www.sentv.co.kr/article/view/sentv202603160054
142760,"14일 모아라이프플러스 관계자는 ""씨드파이낸셜 투자를 통해 결제 인프라를 확보해 회사가 추진하는 뷰티헬스케어 커머스 사업을 연결하는 플랫폼 기반 사업 구조를 강화할 수 있을 것으로 기대한다""며 ""향후 뷰티·뷰티테크·바이오 기술과 핀테크 서비스를 결합한 새로운 플랫폼 사업 모델을 구축해 나갈 계획""이라고 말했다. 한편 씨드파이낸셜은 PG 거래금액 약 3000억 원 규모의 결제 인프라를 기반으로 선불 결제 사업을 확대하고 있으며","코스닥 상장 바이오기업 (주)모아라이프플러스가 신규 성장 동력 확보를 위해 (주)씨드파이낸셜 지분 인수·투자로 뷰티·바이오 기반 플랫폼 사업 기반을 확보했다. 씨드파이낸셜은 PG(Payment Gateway) 결제 서비스와 선불 결제 시스템, 모바일 상품권 및 생활결제 서비스를 중심으로 사업을 전개하는 핀테크 기업이다. 이 기업은 자체 결제 플랫폼을 기반으로 신용카드 결제, 가상계좌 결제, 자동결제 등 다양한 결제 서비스를 제공하고 있으며 선불 충전 및 모바일 상품권 유통 등 생활밀착형 결제 서비스를 확대하고 있다.",1,142760|모아라이프플러스,https://www.startuptoday.co.kr/news/articleView.html?idxno=598533
060590,"6일 씨티씨바이오는 최근 중국 상하이에서 열린 'APAC Distributor Exchange 2026'에서 2025 기록적 매출 성장(Record Sales Growth 2025), 2025 장기 파트너십(Long-term Partnership 2025) 부문을 수상했다고 밝혔다. 이번 수상은 씨티씨바이오의 2025년 한국 시장 내 매출 성장 실적을 바스프 APAC 본부가 평가한 결과다.","6일 씨티씨바이오는 최근 중국 상하이에서 열린 'APAC Distributor Exchange 2026'에서 2025 기록적 매출 성장(Record Sales Growth 2025), 2025 장기 파트너십(Long-term Partnership 2025) 부문을 수상했다고 밝혔다. 이 행사는 바스프가 아시아·태평양 지역 주요 파트너사를 초청해 성과를 공유하고 미래 전략을 논의하는 자리다. 이번 수상은 씨티씨바이오의 2025년 한국 시장 내 매출 성장 실적을 바스프 APAC 본부가 평가한 결과다.",1,060590|씨티씨바이오,https://www.newspim.com/news/view/20260406000196
060590,HIT NEWS 제약바이오 채용 현황 2026.03.31 휴젤 글로벌허가 채용시 마감 콜마비앤에이치 품질보증 채용시 마감 유영제약 임상개발 ~4/5 씨티씨바이오 RA / 제제연구 ~4/9 제테마 품질보증 채용시 마감 사이넥스 수입허가(RA) ~4/29 오가노이드사이언스 신사업개발 채용시 마감 HIT NEWS 제약바이오 채용 현황 2026.03.31 휴젤 글로벌허가 채용시 마감 콜마비앤에이치 품질보증 채용시 마감 유영제약 임상개,HIT NEWS 제약바이오 채용 현황 2026.03.31 휴젤 글로벌허가 채용시 마감 콜마비앤에이치 품질보증 채용시 마감 유영제약 임상개발 ~4/5 씨티씨바이오 RA / 제제연구 ~4/9 제테마 품질보증 채용시 마감 사이넥스 수입허가(RA) ~4/29 오가노이드사이언스 신사업개발 채용시 마감 HIT NEWS 제약바이오 채용 현황 2026.03.31 휴젤 글로벌허가 채용시 마감 콜마비앤에이치 품질보증 채용시 마감 유영제약 임상개발 ~4/5 씨티씨바이오 RA / 제제연구 ~4/9 제테마 품질보증 채용시 마감 사이넥스 수입허가(RA) ~4/29 오가노이드사이언스 신사업개발,2,060590|씨티씨바이오,https://www.hitnews.co.kr/news/articleView.html?idxno=75070
060590,▲코스맥스 사옥에서 열린 전략적 제조 파트너쉽(MOU) 체결식에서 진호정 코스맥스펫 대표(왼쪽) 와 이상준 씨티씨바이오 부사장이 기념촬영을 하고 있다. 반려동물 헬스케어 ODM(연구·개발·생산) 기업 코스맥스펫은...,▲코스맥스 사옥에서 열린 전략적 제조 파트너쉽(MOU) 체결식에서 진호정 코스맥스펫 대표(왼쪽) 와 이상준 씨티씨바이오 부사장이 기념촬영을 하고 있다. 반려동물 헬스케어 ODM(연구·개발·생산) 기업 코스맥스펫은...,1,060590|씨티씨바이오,http://www.thefirstmedia.net/news/articleView.html?idxno=196165
060590,"반려동물 헬스케어 ODM(연구·개발·생산) 기업 코스맥스펫은 바이오 전문기업 씨티씨바이오와 전략적 제조 파트너십을 체결하고 프리미엄 반려동물 유산균시장 공략을 본격화한다고 23일 밝혔다. 최근 반려동물의 장 건강, 면역 관리, 스트레스 완화 등 기능성 제품에 대한 수요가 급증하는 가운데, 코스맥스펫은 기존 ODM 제조 경쟁력에 차별화된 기능성 원료를 더해 고부가가치 펫 헬스케어 라인업을 대폭 확대한다.","반려동물 헬스케어 ODM(연구·개발·생산) 기업 코스맥스펫은 바이오 전문기업 씨티씨바이오와 전략적 제조 파트너십을 체결하고 프리미엄 반려동물 유산균시장 공략을 본격화한다고 23일 밝혔다. 최근 반려동물의 장 건강, 면역 관리, 스트레스 완화 등 기능성 제품에 대한 수요가 급증하는 가운데, 코스맥스펫은 기존 ODM 제조 경쟁력에 차별화된 기능성 원료를 더해 고부가가치 펫 헬스케어 라인업을 대폭 확대한다. 코스맥스펫과 전략적 제조 파트너쉽을 체결한 씨티씨바이오는 균주 개발부터 대량 배양, 코팅 및 제형 안정화 기술, 균수 보증 설계 역량을 두루 갖춘 전문 기업이다.",1,060590|씨티씨바이오,http://www.bokuennews.com/news/article.html?no=275575
060590,"23일 코스맥스펫에 따르면 최근 반려동물 장 건강, 면역 관리, 스트레스 완화 등 기능성 제품에 대한 수요가 급증하고 있다. 코스맥스펫은 이러한 기술력을 바탕으로 분말, 츄어블, 스틱형 등 반려동물의 기호성을 고려한 다양한 형태의 제품을 제조할 수 있는 맞춤형 ODM 솔루션을 국내 고객사들에게 제공해 B2B 시장 내 입지를 더욱 공고히 할 예정이다.","23일 코스맥스펫에 따르면 최근 반려동물 장 건강, 면역 관리, 스트레스 완화 등 기능성 제품에 대한 수요가 급증하고 있다. 기존 ODM 제조 경쟁력에 차별화된 기능성 원료를 더해 고부가가치 펫 헬스케어 라인업을 대폭 확대한다고 밝혔다. 이번 파트너십 체결한 씨티씨바이오는 균주 개발부터 대량 배양, 코팅 및 제형 안정화 기술, 균수 보증 설계 역량 등을 갖춘 전문 기업이다.",1,060590|씨티씨바이오,http://www.finomy.com/news/articleView.html?idxno=251876
110790,"크리스에프앤씨의 2026년 3월 10일 기준 보유 온타이드 주식등의 수는 0주, 보유 비율은 0%로 보고됐다. (2) 보고자에 대한 구체적인 사항(법인, 기타단체, 법령상조합, 민법상 조합의 경우 기재) (단위 : 백만원) (2) 특별관계자에 대한 구체적인 사항(법인, 기타단체, 법령상조합, 민법상 조합의 경우 기재) (2) 집합투자업자에 대한 구체적인 사항 ※ 교환대상이 주식인 교환사채권, 기초자산이 주식인 증권예탁증권ㆍ파생","크리스에프앤씨의 2026년 3월 10일 기준 보유 온타이드 주식등의 수는 0주, 보유 비율은 0%로 보고됐다. 종목 시세 정보에 따르면 온타이드의 주가는 3월 10일 16시 10분 기준 530원이며, 전일 대비 2원(0.38%) 상승했다. 온타이드는 1996년 12월 24일 코스피 시장에 상장된 생활용품 도매업체다.",1,110790|크리스에프앤씨,https://www.digitaltoday.co.kr/news/articleView.html?idxno=639246
110790,"최근 실적을 보면, 온타이드는 최근 결산 기준으로 자산총계 1741억원, 부채총계 585억원, 자본총계 1156억원을 기록했다. 매출액은 2659억원, 영업손실 43억원, 당기순손실 38억원으로 집계됐다.","3월 10일 공시에 따르면, 크리스에프앤씨는 온타이드의 보통주 2245만9094주와 우선주 835만730주를 모두 매도했다. 이번 매도로 인해 크리스에프앤씨의 온타이드에 대한 지분율은 0%가 됐다. 세부변동내역에 따르면, 크리스에프앤씨는 3월 4일 장외에서 보통주와 우선주를 각각 매도했다.",0,110790|크리스에프앤씨,https://www.digitaltoday.co.kr/news/articleView.html?idxno=639247
110790,"지난해 연결 영업손익이 적자 전환하는 등 수익성이 급격히 악화함에 따라, 내부적으로 비핵심 자회사를 정리하는 구조조정에 들어선 모습이다. 5일 금융감독원 전자공시에 따르면 코스닥 상장사 크리스에프앤씨는 전일 자회사 온타이드 지분을 처분하는 주식양수도 계약의 체결을 공시했다.","골프웨어 및 아웃도어 브랜드를 전개하는 크리스에프엔씨가 종속회사 온타이드 지분 전량을 매각하기로 결정했다. 지난해 연결 영업손익이 적자 전환하는 등 수익성이 급격히 악화함에 따라, 내부적으로 비핵심 자회사를 정리하는 구조조정에 들어선 모습이다. 업계에서는 지난해 크리스에프앤씨가 본업 중심으로 사업 포트폴리오를 재편하는 과정에서 유통 비용과 원가율이 상승했다는 분석이다.",1,110790|크리스에프앤씨,http://www.ftoday.co.kr/news/articleView.html?idxno=356087
110790,"최근 실적을 보면, 크리스에프앤씨는 최근 결산 기준으로 자산총계 6592억원, 부채총계 3009억원, 자본총계 3583억원을 기록했다. 매출액은 3313억원, 영업이익은 121억원, 당기순손실은 251억원으로 나타났다.","종목시세정보에 따르면, 3월 4일 16시 10분 기준 크리스에프앤씨의 주가는 전일 대비 335원 하락한 3880원에 거래를 마쳤다. 최근 실적을 보면, 크리스에프앤씨는 최근 결산 기준으로 자산총계 6592억원, 부채총계 3009억원, 자본총계 3583억원을 기록했다. 매출액은 3313억원, 영업이익은 121억원, 당기순손실은 251억원으로 나타났다. 크리스에프앤씨는 12월 결산법인으로, 해당 수치는 연결 기준으로 집계됐다. 크리스에프앤씨는 2018년 10월 1일 코스닥 시장에 상장된 봉제의복 제조업체다.",0,110790|크리스에프앤씨,https://www.digitaltoday.co.kr/news/articleView.html?idxno=637013
110790,26일 경기도 안성에 위치한 크리스밸리컨트리클럽에서 크리스에프앤씨 공식프로암이 열렸다. 박현경이 17번홀 티잉 그라운드에서 포즈를 취하고 있다.,26일 경기도 안성에 위치한 크리스밸리컨트리클럽에서 크리스에프앤씨 공식프로암이 열렸다. 박현경이 17번홀 티잉 그라운드에서 포즈를 취하고 있다.,1,110790|크리스에프앤씨,https://www.mhnse.com/news/articleView.html?idxno=520918
081180,"전자빔 기반 검사장비 전문기업 쎄크(12,210원 ▲870 +7.67%)는 고대역폭메모리(HBM) 인라인 엑스레이(X-ray)검사장비 '세미스캔'(Semi-scan) 모델 개발을 완료했다고 1일 밝혔다. 쎄크는 경기도 수원에서 열리는 '스마트 SMT & PCB 어셈블리'(SSPA) 2026' 전시회에 참가해 반도체 엑스레이 검사 기술을 선보였다.","전자빔 기반 검사장비 전문기업 쎄크(12,210원 ▲870 +7.67%)는 고대역폭메모리(HBM) 인라인 엑스레이(X-ray)검사장비 '세미스캔'(Semi-scan) 모델 개발을 완료했다고 1일 밝혔다. 회사는 이달부터 글로벌 HBM 제조사 및 첨단 패키징 업체를 대상으로 평가 샘플을 확보해 알파 테스트에 착수할 계획이다. 쎄크는 경기도 수원에서 열리는 '스마트 SMT & PCB 어셈블리'(SSPA) 2026' 전시회에 참가해 반도체 엑스레이 검사 기술을 선보였다.",1,081180|쎄크,https://www.mt.co.kr/stock/2026/04/01/2026040110144026178
081180,회사는 4월부터 글로벌 HBM 제조사 및 첨단 패키징 업체를 대상으로 평가 샘플을 확보해 알파 테스트에 착수할 계획이다. 쎄크가 고대역폭메모리(HBM) 인라인 X-ray 검사장비 개발 소식에 상승세다.,쎄크가 고대역폭메모리(HBM) 인라인 X-ray 검사장비 개발 소식에 상승세다. 1일 오전 10시 6분 현재 쎄크는 전일 대비 910원(7.93%) 오른 1만2380원에 거래됐다. 이날 전자빔 기반 검사장비 전문기업 쎄크는 HBM 인라인 X-ray 검사장비 ‘세미스캔(Semi-Scan)’ 모델 개발을 완료했다고 밝혔다.,1,081180|쎄크,https://www.etoday.co.kr/news/view/2571564
081180,"쎄크는 2020년 파우치형 배터리의 검사장비를 시작으로 2023년 원통형, 2025년 각형·전고체 검사장비까지 개발해 공급하고 있다. 쎄크가 인터배터리 2026에서 전고체 배터리용 엑스레이 검사장비를 공개했다.",쎄크가 인터배터리 2026에서 전고체 배터리용 엑스레이 검사장비를 공개했다. 글로벌 배터리 기업 L사에 납품해 기술 평가를 진행 중이다. 쎄크는 지난 11일 서울 코엑스에서 개막한 인터배터리 2026에 참가해 배터리 검사 기술을 선보였다고 12일 밝혔다.,2,081180|쎄크,https://www.thelec.kr/news/articleView.html?idxno=53424
081180,"전자빔 기반 검사장비 전문기업 쎄크는 글로벌 배터리 기업 L사에 차세대 전고체 배터리 검사장비를 납품해 기술 평가를 진행 중이라고 12일 밝혔다. 파우치형 배터리 검사장비는 2020년부터 공급을 시작했으며, 이후 2023년 원통형 배터리와 2025년에는 각형 및 전고체 배터리 검사 장비까지 개발·판매하는 등, 빠르게 발을 넓히고 있다.","전자빔 기반 검사장비 전문기업 쎄크는 글로벌 배터리 기업 L사에 차세대 전고체 배터리 검사장비를 납품해 기술 평가를 진행 중이라고 12일 밝혔다. 이와 함께 여러 완성차 업체로부터 각형·파우치 배터리용 엑스레이(X-ray) 검사장비를 수주했으며 현재 납품을 위한 장비 제작 중이라, 시장의 관심 증폭이 예상된다. 이날 쎄크는 서울 코엑스에서 열리는 ‘인터배터리 2026’ 전시회에 참가해 배터리 X-ray 검사 기술을 선보이는 등 대외 접점 확대에 나서고 있다.",2,081180|쎄크,https://www.financialpost.co.kr/news/articleView.html?idxno=251029
081180,"전자빔 기반 검사장비 전문기업 쎄크는 글로벌 배터리 기업 L사에 차세대 전고체 배터리 검사장비를 납품해 기술 평가를 진행 중이라고 12일 밝혔다. 파우치형 배터리 검사장비는 2020년부터 공급을 시작했으며, 이후 2023년 원통형 배터리와 2025년에는 각형 및 전고체 배터리 검사 장비까지 개발·판매하며 사업 영역을 빠르게 확장하고 있다.",전자빔 기반 검사장비 전문기업 쎄크는 글로벌 배터리 기업 L사에 차세대 전고체 배터리 검사장비를 납품해 기술 평가를 진행 중이라고 12일 밝혔다. 이와 함께 여러 완성차 업체로부터 각형·파우치 배터리용 엑스레이(X-ray) 검사장비를 수주했으며 현재 납품을 위한 장비 제작 중이다. 이날 쎄크는 서울 코엑스에서 열리는 ‘인터배터리 2026’ 전시회에 참가해 배터리 X-ray 검사 기술을 선보이는 중이다.,2,081180|쎄크,https://www.etoday.co.kr/news/view/2564374
002450,Redirecting to /news/view/1627939/%EC%82%BC%EC%9D%B5%EC%95%85%EA%B8%B0-%E7%BE%8E-%EA%B3%84%EC%97%B4%EC%82%AC-%EC%A3%BC%EC%8B%9D-151%EC%96%B5-%EC%B6%94-2026 Moved Permanently.,Moved Permanently. Redirecting to /news/view/1627939/%EC%82%BC%EC%9D%B5%EC%95%85%EA%B8%B0-%E7%BE%8E-%EA%B3%84%EC%97%B4%EC%82%AC-%EC%A3%BC%EC%8B%9D-151%EC%96%B5-%EC%B6%94-2026,1,002450|삼익악기,https://www.dailian.co.kr/news/view/1627939/?sc=Naver
002450,"◆ 대법 위헌 판결에도 관세 환급 자동 적용 안 돼…환급 소송 제기 2일(현지시간) CIT에 제출된 소장에 따르면 원고 삼익은 미국 세관국경보호청(U.S. Scott) CBP 청장, 미국 정부를 상대로 그간 납부한 국제긴급경제권한법(IEEPA) 기반의 관세를 돌려달라는 소송을 제기했다.","[편집자주] 서울와이어는 비즈앤로(Biz&Law) 코너를 통해 글로벌 법정 분쟁 이슈를 심도 있는 취재로 독자들에게 알려드리고자 합니다. 생소한 해외 법적 용어와 재판 과정을 알기 쉽게 풀어내 국내 산업계가 마주한 글로벌 법적 리스크를 분석하고, 향후 전망까지 예측하고자 합니다. ◆ 대법 위헌 판결에도 관세 환급 자동 적용 안 돼…환급 소송 제기 2일(현지시간) CIT에 제출된 소장에 따르면 원고 삼익은 미국 세관국경보호청(U.S.",1,002450|삼익악기,http://www.seoulwire.com/news/articleView.html?idxno=711340
002450,"반면 당기순이익은 165억2937만9000원으로, 2024년(31억2107만1000원) 대비 429.6% 증가했다. 삼익악기의 2025년 연결 기준 매출액은 2242억5313만2000원으로, 2024년(2303억8020만5000원) 대비 2.7% 감소했다.","삼익악기의 2025년 연결 기준 매출액은 2242억5313만2000원으로, 2024년(2303억8020만5000원) 대비 2.7% 감소했다. 영업이익은 29억3276만2000원으로 전년(59억3420만원) 대비 50.6% 줄었다. 반면 당기순이익은 165억2937만9000원으로, 2024년(31억2107만1000원) 대비 429.6% 증가했다.",0,002450|삼익악기,https://www.digitaltoday.co.kr/news/articleView.html?idxno=634569
002450,스페코는 특별관계자 김종섭이 지난 8일 주식 담보대출 계약을 연장했으며 만기일은 오는 2026년 12월 7일이라고 12일 공시를 통해 밝혔다. 김종섭은 한국증권금융과 460만주의 담보 계약을 체결했으며 이는 전체 발행 주식 수 대비 5.08%에 해당하는 규모다.,스페코는 특별관계자 김종섭이 지난 8일 주식 담보대출 계약을 연장했으며 만기일은 오는 2026년 12월 7일이라고 12일 공시를 통해 밝혔다. 김종섭은 한국증권금융과 460만주의 담보 계약을 체결했으며 이는 전체 발행 주식 수 대비 5.08%에 해당하는 규모다. 김종섭은 한국증권금융과의 담보대출 계약 외에도 하나증권과 담보 계약을 체결 중이다.,1,002450|삼익악기,https://www.digitaltoday.co.kr/news/articleView.html?idxno=612598
058610,에스피지는 유성·SH·SR감속기 종류를 전부 커버하는 회사로 고객사 납기를 맞추기 위해 지금도 공장이... 위치한 에스피지 공장을 찾았다. 현장을 직접 소개한 여영길 에스피지 대표는 공장 설비에 남다른 자부심을...,에스피지는 유성·SH·SR감속기 종류를 전부 커버하는 회사로 고객사 납기를 맞추기 위해 지금도 공장이... 위치한 에스피지 공장을 찾았다. 현장을 직접 소개한 여영길 에스피지 대표는 공장 설비에 남다른 자부심을...,1,058610|에스피지,https://www.thebell.co.kr/free/content/ArticleView.asp?key=202604021434475520101065
058610,"8일 오전 10시 44분 기준, 네이버페이 증권에 따르면 에스피지 주가는 장중 상승세를 보이며 111... 에스피지의 현재 상승세는 동일업종 등락률 0.48%를 상회하는 흐름이다. 현재까지 거래량은 114,045주를...","8일 오전 10시 44분 기준, 네이버페이 증권에 따르면 에스피지 주가는 장중 상승세를 보이며 111... 에스피지의 현재 상승세는 동일업종 등락률 0.48%를 상회하는 흐름이다. 현재까지 거래량은 114,045주를...",1,058610|에스피지,https://www.topstarnews.net/news/articleView.html?idxno=16028579
058610,""" 여영길 에스피지 대표(사진)는 지난달 30일 더벨과 만나 이같이 말했다. 여영길 대표는 1987년 성신으로 입사해 1994년 에스피지에 합류한 베테랑 기술자다. 에스피지의 공장장, 연구소장, 기술영업본부장을 두루 거친...",""" 여영길 에스피지 대표(사진)는 지난달 30일 더벨과 만나 이같이 말했다. 여영길 대표는 1987년 성신으로 입사해 1994년 에스피지에 합류한 베테랑 기술자다. 에스피지의 공장장, 연구소장, 기술영업본부장을 두루 거친...",1,058610|에스피지,https://www.thebell.co.kr/free/content/ArticleView.asp?key=202604030019441310108267
058610,"1일 KRX 마감 기준, 네이버페이 증권에 따르면 에스피지 주가는 110,300원에 거래를 마쳤다. 이는 지난 종가 104,600원 대비 5,700원 상승한 수치이며, 5.45%의 상승률을 기록했다. 에스피지 주식은 110,300원에...","1일 KRX 마감 기준, 네이버페이 증권에 따르면 에스피지 주가는 110,300원에 거래를 마쳤다. 이는 지난 종가 104,600원 대비 5,700원 상승한 수치이며, 5.45%의 상승률을 기록했다. 에스피지 주식은 110,300원에...",1,058610|에스피지,https://www.topstarnews.net/news/articleView.html?idxno=16022712
058610,"31일 KRX 마감 기준, 네이버페이 증권에 따르면 에스피지 주가는 지난 종가 대비 2,200원 하락한 104,600원에 장을 마감했다. 이는 2.06% 하락한 수치이다. 에스피지 주가는 109,100원으로 시작하여 111...","31일 KRX 마감 기준, 네이버페이 증권에 따르면 에스피지 주가는 지난 종가 대비 2,200원 하락한 104,600원에 장을 마감했다. 이는 2.06% 하락한 수치이다. 에스피지 주가는 109,100원으로 시작하여 111...",1,058610|에스피지,https://www.topstarnews.net/news/articleView.html?idxno=16021565
007370,"회사는 2024년 연간 매출 1,133억원, 영업이익 117억원을 기록했다. 2025년 들어서는 3분기 누적 매출 904억원, 영업이익 54억원을 달성하며 의약품 제조·판매 중심의 안정적인 사업구조를 이어가고 있다.","[프레스나인] 진양제약 주가가 하락세를 이어가는 가운데, 역설적으로 배당수익률이 높아지며 장기 투자 매력이 부각되고 있다. 4일 진양제약 종가(4,370원) 및 2025년 배당 기준 배당수익률은 3.43%로 추산된다. 국가통계포털(KOSIS)이 집계한 2025년 코스닥 평균 배당수익률 0.49%를 7배 가까이 웃도는 수준이다.",2,007370|진양제약,http://www.press9.kr/news/articleView.html?idxno=73035
007370,"진양제약이 5일 공개한 지난해 영업실적에 따르면 매출은 전년 1133억원 대비 74억원이 증가된 1207억원을 기록하며 6.49%의 성장을 나타냈다. 영업이익은 26억원으로 전년 117억원 대비 -77.81%, 당기순이익은 214억원으로 전년 297억원 대비 -27.95%로 주춤했다.","진양제약이 지난해 순조로운 성장을 이끌어냈다. 진양제약이 5일 공개한 지난해 영업실적에 따르면 매출은 전년 1133억원 대비 74억원이 증가된 1207억원을 기록하며 6.49%의 성장을 나타냈다. 다만 이익은 전년에 비해 위축되는 분위기였다. 영업이익은 26억원으로 전년 117억원 대비 -77.81%, 당기순이익은 214억원으로 전년 297억원 대비 -27.95%로 주춤했다. 이는 일시적 판매관리비 증가로 인해 영업이익이 줄어든 것이다.",0,007370|진양제약,http://www.medisobizanews.com/news/articleView.html?idxno=134279
007370,영업이익 감소의 주요 원인으로는 일시적 판매관리비 증가를 제시했다. 매출액또는손익구조30%(대규모법인은15%)이상변동,"영업이익 감소의 주요 원인으로는 일시적 판매관리비 증가를 제시했다. 이사회는 2026년 2월 4일 해당 내용을 결의했으며, 사외이사는 1명이 참석하고 감사는 참석했다. 최근 재무현황(개별 기준)에서 자산총계는 2678억1270만7596원, 부채총계는 1082억9154만1643원, 자본총계는 1595억2116만5953원으로 집계됐다.",0,007370|진양제약,https://www.digitaltoday.co.kr/news/articleView.html?idxno=627141
007370,"다만, 신제품 개발을 위한 파이프라인 확장으로 수익성은 둔화됐다.진양제약이 최근 공시한 사업보고서에 따르면, 2025년 매출은 1206억 8623만원으로 전년 대비 6.49% 늘었으나 영업이익은 25억 2624만원으로 78.4% 급감했다.당기순이익은 222억 8684만원으로 200억을 상회했지만, 역시 전년 대비 24.9% 감소했다.순이익에서는 본업 외 수익 기여도가 컸다. [의약뉴스] 진양제약이 2025년 순환기 부문 마케팅","[의약뉴스] 진양제약이 2025년 순환기 부문 마케팅을 강화에 외형 성장에 성공했다. 다만, 신제품 개발을 위한 파이프라인 확장으로 수익성은 둔화됐다.진양제약이 최근 공시한 사업보고서에 따르면, 2025년 매출은 1206억 8623만원으로 전년 대비 6.49% 늘었으나 영업이익은 25억 2624만원으로 78.4% 급감했다.당기순이익은 222억 8684만원으로 200억을 상회했지만, 역시 전년 대비 24.9% 감소했다.순이익에서는 본업 외 수익 기여도가 컸다. 2025년 기타수익은 291억 1493만원으로, 이 가운데 투자부동산평가이",0,007370|진양제약,http://www.newsmp.com/news/articleView.html?idxno=252507
007370,영업이익(25억원)과 별개로 부동산 자산의 공정가치 재평가가 순이익을 두텁게 받쳐준 구조다. [프레스나인] 진양제약이 2025년 사업연도에 투자부동산 평가이익 290억원을 인식하며 당기순이익 222억원을 달성했다.,"[프레스나인] 진양제약이 2025년 사업연도에 투자부동산 평가이익 290억원을 인식하며 당기순이익 222억원을 달성했다. 2024년 매입한 서울 서초구 블루핀타워가 취득 이듬해에도 대규모 공정가치 상승을 기록하면서, 단일 자산이 회사 수익 구조를 탄탄하게 뒷받침하는 모습이다. 진양제약 2025년 사업보고서에 따르면 당해 기타수익은 291억원으로, 이 가운데 290억원이 투자부동산평가이익이다.",1,007370|진양제약,http://www.press9.kr/news/articleView.html?idxno=73800
011780,"한국거래소 공시에 따르면 이번 주식 소각에 따른 변경상장일은 2026년 4월 13일이며, 배당기산일은 2026년 1월 1일, 결산일은 12월 말일로 공시됐다. 이번 변경상장은 주식 소각에 따른 조치이며, 금호석유화학은 본 변경에 대해 공식적으로 밝혔다.","한국거래소 공시에 따르면 이번 주식 소각에 따른 변경상장일은 2026년 4월 13일이며, 배당기산일은 2026년 1월 1일, 결산일은 12월 말일로 공시됐다. 이번 변경상장은 주식 소각에 따른 조치이며, 금호석유화학은 본 변경에 대해 공식적으로 밝혔다.",2,011780|금호석유화학,https://www.topstarnews.net/news/articleView.html?idxno=16028995
011780,한국정경신문 문상혁 기­자 nasa7457@naver.com [한국정경신문=문상혁 기자] 금호석유화학이 중동 전쟁 리스크와 업황 침체 속에서도 합성고무와 배터리 CNT를 축으로 재편에 속도를 내고 있다. 수익 방어와 성장 동력 확보를...,한국정경신문 문상혁 기­자 nasa7457@naver.com [한국정경신문=문상혁 기자] 금호석유화학이 중동 전쟁 리스크와 업황 침체 속에서도 합성고무와 배터리 CNT를 축으로 재편에 속도를 내고 있다. 수익 방어와 성장 동력 확보를...,0,011780|금호석유화학,https://kpenews.com/View.aspx?No=4034211
011780,"이 외 주요 내용으로 박찬구는 우리은행과 차입계약을 2020년 3월 30일 체결했으며 대상 주식등의 수는 64만주다. 박찬구와 특별관계자 9인의 2026년 4월 7일 기준 금호석유화학 보유 주식등의 수는 456만2448주, 보유 비율은 18.14%로 보고됐다.","박찬구와 특별관계자 9인의 2026년 4월 7일 기준 금호석유화학 보유 주식등의 수는 456만2448주, 보유 비율은 18.14%로 보고됐다. 주요 내역을 보면, 보고자 박찬구는 203만9629주, 8.11%, 특별관계자 박준경은 218만3120주, 8.68%, 박주형은 32만2561주, 1.28%를 보유 중이다. 이 외 주요 내용으로 박찬구는 우리은행과 차입계약을 2020년 3월 30일 체결했으며 대상 주식등의 수는 64만주다.",1,011780|금호석유화학,https://www.digitaltoday.co.kr/news/articleView.html?idxno=654527
011780,개인별 변동 내역을 보면 온용현은 2026년 4월 1일 임원퇴임을 사유로 보통주식 1500주가 감소했다. 증감 항목에서는 보통주식이 250주 감소한 것으로 나타났다.,직전 보고서 제출일인 2026년 1월 23일에는 보통주식 759만1594주(29.16%)로 기재했다. 증감 항목에서는 보통주식이 250주 감소한 것으로 나타났다. 개인별 변동 내역을 보면 온용현은 2026년 4월 1일 임원퇴임을 사유로 보통주식 1500주가 감소했다.,1,011780|금호석유화학,https://www.digitaltoday.co.kr/news/articleView.html?idxno=654513
011780,[사진=금호석유화학그룹]대내외 불확실성이 확대되고 글로벌 석유화학 업계 전반의 공급과잉이 ...,[사진=금호석유화학그룹]대내외 불확실성이 확대되고 글로벌 석유화학 업계 전반의 공급과잉이 ...,1,011780|금호석유화학,http://mbnmoney.mbn.co.kr/news/view?news_no=MM1005808063
129260,"인터지스는 이번 자기주식 처분을 통해 유통주식수가 증가할 것으로 예상되나, 시간외 대량매매를 통한 처분으로 그 영향은 제한적일 것으로 판단했다. 최근실적에 따르면, 인터지스의 자산총계는 4710억원, 부채총계는 1821억원, 자본총계는 2889억원이다.","처분은 2026년 2월 20일부터 시작되며, 처분 목적은 하역사업장 안전 및 경쟁력 강화를 위한 AI 안전관리 시스템 등 신기술 도입 관련 투자재원 마련이다. 처분 방법은 시간외대량매매로 진행되며, 처분 상대방은 JANE STREET GLOBAL TRADING, LLC이다. 인터지스는 이번 자기주식 처분을 통해 유통주식수가 증가할 것으로 예상되나, 시간외 대량매매를 통한 처분으로 그 영향은 제한적일 것으로 판단했다.",1,129260|인터지스,https://www.digitaltoday.co.kr/news/articleView.html?idxno=632250
129260,부산사회복지공동모금회(이하 부산사랑의열매)는 지난 24일 오전 부산사랑의열매 회관에서 인터지스와 성금 전달식을 진행했다고 밝혔다. 인터지스는 창립 70주년을 기념해 부산지역 아동·청소년 그룹홈에서 생활하는 보호 종료 예정 아동들을 위해 성금 1000만원을 기부했다.,부산사회복지공동모금회(이하 부산사랑의열매)는 지난 24일 오전 부산사랑의열매 회관에서 인터지스와 성금 전달식을 진행했다고 밝혔다. 전달식에는 박성도 인터지스 경영 전략본부장과 박선욱 부산사랑의열매 사무처장이 참석했다. 인터지스는 창립 70주년을 기념해 부산지역 아동·청소년 그룹홈에서 생활하는 보호 종료 예정 아동들을 위해 성금 1000만원을 기부했다.,1,129260|인터지스,http://www.metroseoul.co.kr/article/20260226500718
129260,동국제강은 기획·재경·수출·인천공장 관리 등 주요 부문에 4명의 신규 임원을 선임해 현장 중심 의사결정과 실행력을 강화한다. 특히 수익성 중심의 운영과 글로벌 경쟁력 확보를 위한 조직 내 전문성을 높인다는 방침이다.,우선 동국홀딩스는 동국제강 재경실장(CFO)을 맡아온 정순욱 상무를 전략실장으로 선임했다. 정 상무는 철강사업 재무 운영 전반을 이끌어온 경험을 바탕으로 그룹 중장기 전략 수립과 주요 과제 추진을 총괄하는 핵심 역할을 맡게 된다. 동국제강은 기획·재경·수출·인천공장 관리 등 주요 부문에 4명의 신규 임원을 선임해 현장 중심 의사결정과 실행력을 강화한다.,1,129260|인터지스,https://www.seoultimes.news/news/article.html?no=2000086769
129260,"지난 19일에는 동국제강그룹 소속인 인터지스가 블록딜 방식으로 자사주 38만주를 매각한다고 공시했고, 지난 12일에는 국영지앤엠과 누리플렉스가 서로 자사주를 맞교환한다고 공시했다. 국영지앤엠은 보유 자사주...","지난 19일에는 동국제강그룹 소속인 인터지스가 블록딜 방식으로 자사주 38만주를 매각한다고 공시했고, 지난 12일에는 국영지앤엠과 누리플렉스가 서로 자사주를 맞교환한다고 공시했다. 국영지앤엠은 보유 자사주...",1,129260|인터지스,http://www.newsfc.co.kr/news/articleView.html?idxno=76995
129260,"2025년 개별기준 매출액 333.82억원(전년대비 -51.60%), 영업손실 22.06억원(전년대비 적자전환), 순이익 1.47억원(전년대비 -95.09%) ▶지엔씨에너지, 보통주 1주당 150원(시가배당률 0.5%) 현금배당(결산배당) 결정(배당기준일:2025-12-31). ▶유일에너테크, 최대주주 정연길이 에스제이홀딩스 제4호 투자조합외 1인에 보유주식 12,000,000주를 110.00억원에 양도하는 최대주주 변경 수반","▶유일에너테크, 최대주주 정연길이 에스제이홀딩스 제4호 투자조합외 1인에 보유주식 12,000,000주를 110.00억원에 양도하는 최대주주 변경 수반 주식양수도 계약 체결(변경예정일:2026-03-06) ▶파미셀, (주)두산 전자BG와 91.98억원(최근 매출액대비 14.18%) 규모 공급계약(전자재료용 소재) 체결(계약기간:2026-02-13~2026-04-30) ▶유일로보틱스, HD Hyundai Power Transformers USA,Inc.와 59.25억원(최근 매출액대비 16.85%) 규모 공급계약(Vapour Phase Drying Plant no.4,",1,129260|인터지스,https://www.catchnews.kr/news/articleView.html?idxno=120816
019170,"한국거래소 공시에 따르면, 신풍제약의 이번 주식소각에 따른 변경상장일은 2026년 4월 13일로 지정됐다. 주식 소각의 사유는 공시에서 명시한 바와 같이 주식소각이며, 이번 변경상장과 관련된 표준코드는 1우선주 KR7019171008, 보통주 KR7019170000로 기재됐다.","한국거래소 공시에 따르면, 신풍제약의 이번 주식소각에 따른 변경상장일은 2026년 4월 13일로 지정됐다. 변경상장 대상 종목은 신풍제약1우선주와 신풍제약보통주다. 주식 소각의 사유는 공시에서 명시한 바와 같이 주식소각이며, 이번 변경상장과 관련된 표준코드는 1우선주 KR7019171008, 보통주 KR7019170000로 기재됐다. 이번 변경상장으로 인해 신풍제약이 전체 유통주식 수를 줄여 주주가치에 미칠 변화가 주목받고 있다.",1,019170|신풍제약,https://www.topstarnews.net/news/articleView.html?idxno=16029109
019170,"약업신문이 분석한 보고서에 따르면, 신풍제약의 2025년 연결재무제표 기준 누적 매출액은 2347억원으로 전년 동기(2211억원) 대비 6.1%(136억원) 증가했다. 2025년 누적 매출총이익은 1027억원으로 전년 대비 25.5% 급증하며, 원가 관리 능력이 크게 개선되었음을 보여줬다.","신풍제약이 2025년 뼈를 깎는 비용 절감과 해외 종속법인의 호실적에 힘입어 기나긴 적자의 늪을 탈출했다. 매출 외형 성장과 함께 영업이익, 당기순이익 모두 완벽한 흑자전환을 이뤄내며 재무 건전성에도 파란불이 켜졌다. 다만, 제약사의 미래 경쟁력을 좌우하는 연구개발비(R&D) 투자가 전년 대비 큰 폭으로 쪼그라든 점은 장기적 관점에서 풀어야 할 숙제로 지적된다.",2,019170|신풍제약,https://www.yakup.com/news/index.html?mode=view&cat=12&nid=325100
019170,"+761 1시간 전 최대주주 변경 1년, 상폐 위기 고조 12시간 전 MT홀딩 부진…가중되는 재무부담 12시간 전 늘어난 임직원 보상, 주주들은 외면? 1시간 전 최대주주 변경 1년, 상폐 위기 고조 최대주주 변경 1년, 상폐 위기 고조 12시간 전 MT홀딩 부진…가중되는 재무부담 12시간 전 늘어난 임직원 보상, 주주들은 외면?","HOME 산업 제약바이오 코로나19 특수 이후 성장 정체…주가 90% 이상 급락 이 기사는 2026년 4월 1일 14시 32분 유료콘텐츠서비스 딜사이트TV플러스에 표출된 기사입니다. 관련종목 신풍제약 019170 # 추천 키워드 # 신풍제약 # 신약 # 파이프라인 # R&D # 연구개발 # 피라맥스 연재물 핀포인트 이 기사는 2026년 4월 3일 15시 45분 유료콘텐츠서비스 딜사이트TV플러스에 표출된 기사입니다. +761 1시간 전 최대주주 변경 1년, 상폐 위기 고조 12시간 전 MT홀딩 부진…가중되는 재무부담 12시간 전 늘어난 임직원 보상, 주주들은 외면?",1,019170|신풍제약,https://news.dealsitetv.com/articles/167879
019170,"HOME 산업 제약바이오 해외 매출 비중 28%…성장세 가로막는 품질 관리 리스크 관련종목 신풍제약 019170 # 추천 키워드 # 신풍제약 # 베트남 # 신풍대우제약 # 리콜 # 아클론 연재물 핀포인트 이 기사는 2026년 4월 3일 15시 45분 유료콘텐츠서비스 딜사이트TV플러스에 표출된 기사입니다. +761 1시간 전 최대주주 변경 1년, 상폐 위기 고조 12시간 전 MT홀딩 부진…가중되는 재무부담 12시간 전 늘어난 임","HOME 산업 제약바이오 해외 매출 비중 28%…성장세 가로막는 품질 관리 리스크 관련종목 신풍제약 019170 # 추천 키워드 # 신풍제약 # 베트남 # 신풍대우제약 # 리콜 # 아클론 연재물 핀포인트 이 기사는 2026년 4월 3일 15시 45분 유료콘텐츠서비스 딜사이트TV플러스에 표출된 기사입니다. +761 1시간 전 최대주주 변경 1년, 상폐 위기 고조 12시간 전 MT홀딩 부진…가중되는 재무부담 12시간 전 늘어난 임직원 보상, 주주들은 외면? 연재물 신풍제약 이 기사는 2026년 4월 1일 14시 32분 유료콘텐츠서비스 딜사이트TV플러스에 표출된 기사입니다",1,019170|신풍제약,https://news.dealsitetv.com/articles/167684
032580,"세부변동내역에 따르면, 이번 보고는 임원 퇴임으로 인한 보고의무 해제를 고지한 것으로, 실제 주식의 감소나 처분은 발생하지 않았다. 피델릭스는 1997년 4월 22일 코스닥 시장에 상장된 반도체 제조업체다.","안 공동대표이사는 직전 보고 기준일인 2018년 1월 2일에는 보통주 9만7210주를 보유하고 있었으며, 지분율은 0.47%였다. 이번 보고 기준일인 2026년 3월 23일에는 보유 주식 수가 0주로, 지분율 역시 0%로 보고됐다. 이는 퇴임으로 인해 보고의무가 해제된 것에 따른 결과다.",1,032580|피델릭스,https://www.digitaltoday.co.kr/news/articleView.html?idxno=644727
032580,"이번 보고서 기준으로 동심반도체와 특별관계자 1인의 피델릭스 보유 주식등의 수는 1000만374주, 보유 비율은 30.18%로 보고됐다. 피델릭스는 1997년 4월 22일 코스닥 시장에 상장된 반도체 제조업체다.","이번 보고서 기준으로 동심반도체와 특별관계자 1인의 피델릭스 보유 주식등의 수는 1000만374주, 보유 비율은 30.18%로 보고됐다. 주요 내역을 보면, 보고자 동심반도체는 1000만374주, 30.18%를 보유 중이다. 이번 주식등의 수 감소는 임원 퇴임에 따른 특별관계 해소로 인해 발생했다.",1,032580|피델릭스,https://www.digitaltoday.co.kr/news/articleView.html?idxno=644716
032580,"이번 결정으로 피델릭스의 단기차입금 합계는 60억원으로 늘어나게 된다. 한편, 피델릭스는 Memory 반도체 설계 및 판매를 주된 목적으로 하는 Fabless 전문회사로 1990년 8월 20일에 설립됐다.",이번 결정으로 피델릭스의 단기차입금 합계는 60억원으로 늘어나게 된다. 이번 단기차입금 총액 변경 내역은 유동성장기차입금을 제외한 순수 단기차입금 금액이다. 이사회 결의일은 3월 17일이며 이번 이사회에는 사외이사 1명이 참석했다.,1,032580|피델릭스,https://www.fetv.co.kr/news/article.html?no=215162
032580,피델릭스는 원재료 구매 등 매출 확장을 위한 운영자금 확보를 목적으로 50억원 규모의 단기차입금 증가를 결정했다고 17일 공시했다. 단기차입금 합계는 기존 10억원에서 60억원으로 늘어난다.,피델릭스는 원재료 구매 등 매출 확장을 위한 운영자금 확보를 목적으로 50억원 규모의 단기차입금 증가를 결정했다고 17일 공시했다. 단기차입금 합계는 기존 10억원에서 60억원으로 늘어난다. 이번 결정은 17일 이사회를 통해 의결됐다. 사외이사 1명이 참석한 가운데 진행됐다.,1,032580|피델릭스,https://www.bloter.net/news/articleView.html?idxno=656871
032580,피델릭스(032580)가 한국거래소로부터 투자주의종목으로 지정됐다고 공시했다. 한국거래소에 따르면 해당 종목은 2026년 3월 5일(1일간) 전 거래일 대비 -7.61%의 등락률을 기록하며 투자주의종목으로 지정됐다. 피델릭스...,피델릭스(032580)가 한국거래소로부터 투자주의종목으로 지정됐다고 공시했다. 한국거래소에 따르면 해당 종목은 2026년 3월 5일(1일간) 전 거래일 대비 -7.61%의 등락률을 기록하며 투자주의종목으로 지정됐다. 피델릭스...,0,032580|피델릭스,https://www.topstarnews.net/news/articleView.html?idxno=15990907
442130,유진스팩9호(442130)가 상장폐지사유 발생으로 관리종목 지정사유가 추가됐다고 한국거래소에 따르면 밝혔다. 이번 추가 지정은 SPAC 상장예비심사청구서 미제출 등의 사유에 의한 것이다. 회사 측은 상장폐지사유...,유진스팩9호(442130)가 상장폐지사유 발생으로 관리종목 지정사유가 추가됐다고 한국거래소에 따르면 밝혔다. 이번 추가 지정은 SPAC 상장예비심사청구서 미제출 등의 사유에 의한 것이다. 회사 측은 상장폐지사유...,0,442130|유진스팩9호,https://www.topstarnews.net/news/articleView.html?idxno=15710153
442130,"유진스팩9호(442130)가 상장폐지 사유 발생에 따라 관리종목 지정사유가 추가됐다고 한국거래소에 따르면 2025년 6월 27일자로 해당 조치가 이루어질 예정이다. 한국거래소는 ""유진스팩9호 주권 보통주에 대해 상장폐지...","유진스팩9호(442130)가 상장폐지 사유 발생에 따라 관리종목 지정사유가 추가됐다고 한국거래소에 따르면 2025년 6월 27일자로 해당 조치가 이루어질 예정이다. 한국거래소는 ""유진스팩9호 주권 보통주에 대해 상장폐지...",0,442130|유진스팩9호,https://www.topstarnews.net/news/articleView.html?idxno=15710152
442130,한국거래소에 따르면 유진스팩9호(442130)가 관리종목에 지정돼 상장폐지 우려가 있다고 밝혔다. 유진스팩9호는 기업인수목적회사로서 존립기한의 6개월 전까지 합병상장예비심사신청서를 제출하지 않아 2025년 5월...,한국거래소에 따르면 유진스팩9호(442130)가 관리종목에 지정돼 상장폐지 우려가 있다고 밝혔다. 유진스팩9호는 기업인수목적회사로서 존립기한의 6개월 전까지 합병상장예비심사신청서를 제출하지 않아 2025년 5월...,0,442130|유진스팩9호,https://www.topstarnews.net/news/articleView.html?idxno=15701351
442130,유진스팩9호(442130)가 코스닥시장에서 상장폐지 우려 예고 공시를 발표했다. 한국거래소에 따르면 유진스팩9호는 기업인수목적회사로서 존립기한의 6개월 전까지 합병상장예비심사신청서를 제출하지 않아 2025년...,유진스팩9호(442130)가 코스닥시장에서 상장폐지 우려 예고 공시를 발표했다. 한국거래소에 따르면 유진스팩9호는 기업인수목적회사로서 존립기한의 6개월 전까지 합병상장예비심사신청서를 제출하지 않아 2025년...,0,442130|유진스팩9호,https://www.topstarnews.net/news/articleView.html?idxno=15701350
442130,"유진스팩9호(442130)가 관리종목으로 지정됐다. 회사는 지정 사유로 SPAC 상장예비심사청구서 미제출 등이 지목됐으며, 투자자들의 주의가 필요해 보인다. 한국거래소에 따르면 유진스팩9호(442130)의 관리종목...","유진스팩9호(442130)가 관리종목으로 지정됐다. 회사는 지정 사유로 SPAC 상장예비심사청구서 미제출 등이 지목됐으며, 투자자들의 주의가 필요해 보인다. 한국거래소에 따르면 유진스팩9호(442130)의 관리종목...",0,442130|유진스팩9호,https://www.topstarnews.net/news/articleView.html?idxno=15675504
084370,"국민연금공단의 2026년 3월 11일 기준 보유 유진테크 주식등의 수는 91만1385주, 보유 비율은 3.98%로 보고됐다. 종목 시세 정보에 따르면 유진테크의 주가는 4월 1일 16시 10분 기준 장마감 12만3700원이며, 전일 대비 1만3000원(11.74%) 상승했다.","국민연금공단의 2026년 3월 11일 기준 보유 유진테크 주식등의 수는 91만1385주, 보유 비율은 3.98%로 보고됐다. 주요 내역을 보면, 특별관계자 국민연금기금은 91만1385주, 3.98%를 보유 중이다. 추가로 다른 기재 내역을 보면, 2026년 1월 21일 국민연금기금은 장내매도로 의결권있는 주식 23만8300주를 줄여 114만1055주가 됐다.",1,084370|유진테크,https://www.digitaltoday.co.kr/news/articleView.html?idxno=652559
084370,"이에 따라 제성태 전무의 보유 주식 수는 직전 보고 기준일인 2월 27일의 6151주에서 5151주로 감소했다. 매출액은 3381억원, 영업이익은 612억원, 당기순이익은 654억원으로 집계됐다.",이에 따라 제성태 전무의 보유 주식 수는 직전 보고 기준일인 2월 27일의 6151주에서 5151주로 감소했다. 보유 비율도 0.03%에서 0.02%로 줄어들었다. 유진테크의 주가는 3월 16일 장마감 기준으로 전일 대비 0.25% 상승한 12만1800원에 거래됐다.,0,084370|유진테크,https://www.digitaltoday.co.kr/news/articleView.html?idxno=641630
084370,"[중앙이코노미뉴스 김영진] 7일 KRX 마감 기준, 네이버페이 증권에 따르면 유진테크는 120,100원으로 장을 마쳤다. 이는 지난 종가 118,400원 대비 1,700원, 즉 1.44% 상승한 수치이다.","[중앙이코노미뉴스 김영진] 7일 KRX 마감 기준, 네이버페이 증권에 따르면 유진테크는 120,100원으로 장을 마쳤다. 이는 지난 종가 118,400원 대비 1,700원, 즉 1.44% 상승한 수치이다. 유진테크의 주가는 122,500원에 시작하여 117,100원과 122,600원 사이에서 움직였다.",1,084370|유진테크,https://www.joongangenews.com/news/articleView.html?idxno=509694
084370,"[중앙이코노미뉴스 조용우] 6일 오전 11시 22분 기준, 네이버페이 증권에 따르면 유진테크는 118,300원에 거래되고 있다. 이는 지난 종가 119,800원 대비 1,500원 하락한 수치로, 1.25%의 하락률을 나타내고 있다.","[중앙이코노미뉴스 조용우] 6일 오전 11시 22분 기준, 네이버페이 증권에 따르면 유진테크는 118,300원에 거래되고 있다. 이는 지난 종가 119,800원 대비 1,500원 하락한 수치로, 1.25%의 하락률을 나타내고 있다. 시가는 118,300원으로 현재가와 동일하게 시작하였다.",1,084370|유진테크,https://www.joongangenews.com/news/articleView.html?idxno=509116
084370,"[중앙이코노미뉴스 이영선] 3일 KRX 마감 기준, 네이버페이 증권에 따르면 유진테크는 지난 종가 대비 4.54% 하락한 119,800원에 국내 주식 시장을 마쳤다. 또한, 동일업종의 등락률이 4.58% 상승한 것과 달리 유진테크는 하락 마감하여 업종 전반의 흐름과는 다른 모습을 보였다.","[중앙이코노미뉴스 이영선] 3일 KRX 마감 기준, 네이버페이 증권에 따르면 유진테크는 지난 종가 대비 4.54% 하락한 119,800원에 국내 주식 시장을 마쳤다. 코스닥 시장에서 33위를 기록한 유진테크의 시가총액은 2조 7,453억 원이다. 하루 동안 유진테크의 주가는 시가 127,000원으로 시작하여 고가 127,900원, 저가 117,600원을 기록하며 변동성을 보였다.",1,084370|유진테크,https://www.joongangenews.com/news/articleView.html?idxno=508807
263800,"데이타솔루션은 2017년 8월 3일 코스닥 시장에 상장된 기업용 IT인프라 공급 업체로, 기계장비 및 관련 물품 도매업에 속한다. 계약금 및 선급금은 없으며, 대금은 검수 후 지급된다.","계약금 및 선급금은 없으며, 대금은 검수 후 지급된다. 공시 유보기한은 2027년 3월 31일까지로, 비밀보장 서약에 따라 유보됐다. 데이타솔루션은 2017년 8월 3일 코스닥 시장에 상장된 기업용 IT인프라 공급 업체로, 기계장비 및 관련 물품 도매업에 속한다. 종목 시세 정보에 따르면, 2026년 4월 6일 16시 10분 한국거래소 기준 데이타솔루션의 주가는 전일 대비 0.23% 하락한 4360원에 거래를 마쳤다.",1,263800|데이타솔루션,https://www.digitaltoday.co.kr/news/articleView.html?idxno=654041
263800,"한국거래소 공시에 따르면, 본 계약의 기간은 2026년 4월 6일부터 2027년 3월 31일까지로 정해졌으며, 최근 매출액 103,815,906,948원 대비 28.2%에 달하는 규모다. 한편, 데이타솔루션은 이번 계약이 안정적인 매출 기반 확보에 기여할 것으로 밝혔다.","한국거래소 공시에 따르면, 본 계약의 기간은 2026년 4월 6일부터 2027년 3월 31일까지로 정해졌으며, 최근 매출액 103,815,906,948원 대비 28.2%에 달하는 규모다. 계약상 대금은 검수 후 지급되는 조건이며, 납품 및 검수 절차가 완료된 후 지급될 예정이다. 계약금 또는 선급금은 따로 지급하지 않는 조건이며, 생산 방식은 자체 및 외주생산 모두가 미해당한다고 설명했다.",2,263800|데이타솔루션,https://www.topstarnews.net/news/articleView.html?idxno=16026915
263800,"데이타솔루션은 2026년 3월 24일 열린 정기주주총회에서 제16기(2025년 1월 1일부터 2025년 12월 31일까지) 재무제표 승인 안건이 가결됐다고 전했다. 최근 실적(2024년 12월 개별 기준)에서 자산총계는 719억원, 부채총계는 379억원, 자본총계는 340억원이다.","데이타솔루션은 2026년 3월 24일 열린 정기주주총회에서 제16기(2025년 1월 1일부터 2025년 12월 31일까지) 재무제표 승인 안건이 가결됐다고 전했다. 해당 안건은 의결권 있는 발행주식총수 기준 찬성률 66.4%, 의결권 행사 주식수 기준 찬성률 100%로 집계됐다. 정관 변경 안건과 주식매수선택권 부여 승인 안건도 특별결의로 가결됐다.",1,263800|데이타솔루션,https://www.digitaltoday.co.kr/news/articleView.html?idxno=645040
263800,"한국의 지능형 로봇과 AI 시장은 빠른 성장을 보이며, 2025년 AI 시장 규모가 3조 4,385억 원에 달할 전망이다. 로봇 산업은 2023년 총 매출 5조 9,805억 원을 기록하며 제조용 로봇(2조 9,903억 원)이 주도하나, 서비스용 로봇(1조 456억 원)이 6.4% 성장하며 새로운 동력으로 부상했다.","7일 한국거래소에 따르면 모아데이타, 네패스, 네오펙트, 와이즈넛은 상승했다. 모아데이타와 네패스는 전 거래일 대비 각각 270원, 2750원 오른 1171원과 2만1950원에 거래를 마쳤다. 모아데이타와 네패스의 주가 상승률은 각각 29.97%, 14.32% 다.",1,263800|데이타솔루션,http://www.finomy.com/news/articleView.html?idxno=252809
006345,대원전선은 11일부터 이날까지 7거래일 연속 상승세다. 대원전선은 24일 코스피 시장에서 오전 10시15분 현재 전 거래일보다 15.99%(870원) 상승한 6310원에 거래되고 있다.,대원전선은 24일 코스피 시장에서 오전 10시15분 현재 전 거래일보다 15.99%(870원) 상승한 6310원에 거래되고 있다. 대원전선은 11일부터 이날까지 7거래일 연속 상승세다. 대원전선우는 전 거래일보다 11.7%(555원) 높은 5300원에 거래되고 있다. 대원전선우는 19일부터 이날까지 4거래일 연속 상승세다.,1,006345|대원전선우,http://www.econonews.co.kr/news/articleView.html?idxno=428572
006345,대원전선은 11일부터 이날까지 6거래일 연속 상승세다. 대원전선은 23일 코스피 시장에서 오전 10시17분 현재 전 거래일보다 29.99%(1255원) 상승한 5440원에 거래되고 있다.,대원전선은 23일 코스피 시장에서 오전 10시17분 현재 전 거래일보다 29.99%(1255원) 상승한 5440원에 거래되고 있다. 대원전선은 11일부터 이날까지 6거래일 연속 상승세다. 대원전선우는 전 거래일보다 29.59%(1080원) 높은 4730원에 거래되고 있다. 대원전선우는 19일부터 이날까지 3거래일 연속 상승세다.,1,006345|대원전선우,http://www.econonews.co.kr/news/articleView.html?idxno=428374
006345,대원전선은 20일 코스피 시장에서 낮 12시40분 현재 전 거래일보다 23.65%(790원) 상승한 4130원에 거래되고 있다. 대원전선은 17일을 제외하고 13일부터 19일까지 1~7%의 낙폭을 기록했다.,대원전선은 20일 코스피 시장에서 낮 12시40분 현재 전 거래일보다 23.65%(790원) 상승한 4130원에 거래되고 있다. 대원전선은 17일을 제외하고 13일부터 19일까지 1~7%의 낙폭을 기록했다. 대원전선우는 전 거래일보다 19.09%(670원) 높은 4180원에 거래되고 있다. 대원전선우는 17일을 제외하고 11일부터 19일까지 5% 미만의 낙폭을 기록했다.,1,006345|대원전선우,http://www.econonews.co.kr/news/articleView.html?idxno=414714
006345,배전반과 변압기를 생산하는 제룡전기와 송배전 철강 구조물 전문 제룡산업 역시 2~4%대 하락하며 투심 위축을 반영했다. 초전도체 관련 기술을 보유한 서남과 전력 제어 시스템 전문 지투파워 역시 5~6%대 하락하며 부진했다.,글로벌 전력 인프라 교체 주기와 AI 데이터센터 증설 호재로 질주하던 전기장비 업종이 9일 5% 넘게 급락하며 장을 마감했다. 중동 전쟁 위협에 따른 물류비 상승과 글로벌 경기 둔화 우려가 실적 가시성이 높은 전력 기기 섹터까지 덮친 결과였다. 그동안 단기 급등했던 종목들을 중심으로 차익 실현 매물이 쏟아지며 업종 전반의 밸류에이션 부담을 덜어내는 고통스러운 조정 과정이 나타났다.,1,006345|대원전선우,https://www.pinpointnews.co.kr/news/articleView.html?idxno=435176
006345,"대원전선이 12.48% 급등했고 대원전선우도 11.21% 상승했다. 한전기술은 9.17% 오르며 원자력발전소 해체 테마를 이끌고 있고, 한미반도체는 7.80% 상승하며 미국 반도체 조정과는 별개로 장비주 저가 매수세를 반영하고...","대원전선이 12.48% 급등했고 대원전선우도 11.21% 상승했다. 한전기술은 9.17% 오르며 원자력발전소 해체 테마를 이끌고 있고, 한미반도체는 7.80% 상승하며 미국 반도체 조정과는 별개로 장비주 저가 매수세를 반영하고...",1,006345|대원전선우,https://www.topstarnews.net/news/articleView.html?idxno=15985955
192650,"드림텍은 플라즈맵과의 계약을 통해 주식매수선택권을 부여받았으며, 이번 보고서에서 이러한 계약 내용을 보고했다. 이 외 주요 내용으로 드림텍은 주식매수선택권 부여를 통해 주식등의 수를 증가시켰다.","주요 내역을 보면, 보고자 드림텍은 106만2499주, 27.68%, 특별관계자 LimCharlesChangwan은 14만1983주, 3.7%, LimAlexandra는 23만8737주, 6.22%를 보유 중이다. 이 외 주요 내용으로 드림텍은 주식매수선택권 부여를 통해 주식등의 수를 증가시켰다. 드림텍은 플라즈맵과의 계약을 통해 주식매수선택권을 부여받았으며, 이번 보고서에서 이러한 계약 내용을 보고했다.",1,192650|드림텍,https://www.digitaltoday.co.kr/news/articleView.html?idxno=653442
192650,"(주주총회 승인일 전일부터 과거 2개월간의 거래량 가중산술평균 종가, 과거 1개월간의 거래량 가중산술평균 종가, 과거 1주일간의 거래량 가중산술평균 종가의 산술평균 가격으로 한다.) 4)행사기간2028년 3월 26일부터 2033년 3월 25일 (부여일로부터 2년 경과 후 5년 이내)(1) 스톡옵션 부여 일에서 2년이 경과한 2028년 3월 26일부터 2033년 3월 25일까지는 총 부여 총수의 1/3까지 행사(2) 스톡옵션 부","이번 주식매수선택권은 주주총회 결의로 2026년 3월 26일 부여됐다. 부여 방법은 신주교부, 자기주식교부, 차액보상 방식이다. 행사가격은 보통주 7285원으로 정해졌다.",1,192650|드림텍,https://www.digitaltoday.co.kr/news/articleView.html?idxno=647337
192650,드림텍이 배당 절차를 개선하고 자기주식 소각을 의무화하는 등 주주환원 정책을 강화한다. 드림텍은 26일 정기 주주총회에서 기준일을 먼저 확정한 뒤 배당금을 결정하던 것을 선 배당금 결정· 후 기준일 설정 구조로...,드림텍이 배당 절차를 개선하고 자기주식 소각을 의무화하는 등 주주환원 정책을 강화한다. 드림텍은 26일 정기 주주총회에서 기준일을 먼저 확정한 뒤 배당금을 결정하던 것을 선 배당금 결정· 후 기준일 설정 구조로...,2,192650|드림텍,https://www.etnews.com/20260327000034
192650,"종목 시세 정보에 따르면 드림텍의 주가는 03월 26일 16시 10분 기준 장마감 6880원이며, 전일 대비 290원(-4.04%) 하락했다. 드림텍은 2019년 3월 14일 코스피 시장에 상장된 전자부품 제조업체다.","주요 내역을 보면, 보고자 임창완은 2334만4188주, 33.84%를 보유 중이다. 특별관계자 김영호는 346만9382주, 5.03%를 보유 중이다. 특별관계자들 중 김형민은 2026년 3월 26일 주식매수선택권 4만주, 박찬홍은 2026년 3월 26일 주식매수선택권 6만주를 부여받았다.",1,192650|드림텍,https://www.digitaltoday.co.kr/news/articleView.html?idxno=646547
039440,"[중앙이코노미뉴스 조용우] 6일 오후 2시 47분 기준, 네이버페이 증권에 따르면 에스티아이 주가는 28,750원을 기록하며 지난 종가 대비 1.88% 하락한 상태이다. 동일 업종은 1.85%의 상승세를 기록하고 있으나, 에스티아이는 이와 달리 하락하는 흐름을 나타내며 업종과 상반된 움직임을 보였다.","[중앙이코노미뉴스 조용우] 6일 오후 2시 47분 기준, 네이버페이 증권에 따르면 에스티아이 주가는 28,750원을 기록하며 지난 종가 대비 1.88% 하락한 상태이다. 현재 에스티아이의 주가는 지난 종가 29,300원보다 550원 내린 수준을 보이고 있다. 시가는 29,100원으로 시작하여 고가 29,900원, 저가 28,550원 사이에서 움직였다.",1,039440|에스티아이,https://www.joongangenews.com/news/articleView.html?idxno=509215
039440,"같은 기간 매출액은 3066억1700만원, 영업이익은 211억5500만원, 당기순이익은 117억3700만원이며 주당순이익은 795원이다. 매출액은 3280억5800만원, 영업이익은 197억1800만원, 당기순이익은 154억1700만원이며 주당순이익은 1045원이다.","재무제표 승인 안건은 원안대로 가결됐다. 제29기 별도 기준으로 자산총계는 3565억9100만원, 부채총계는 700억3200만원, 자본총계는 2865억5800만원으로 집계됐다. 같은 기간 매출액은 3066억1700만원, 영업이익은 211억5500만원, 당기순이익은 117억3700만원이며 주당순이익은 795원이다.",1,039440|에스티아이,https://www.digitaltoday.co.kr/news/articleView.html?idxno=643439
039440,"한미반도체와 고영과 테크윙은 전 거래일 대비 각각각 2만7000원, 2200원, 3700원 오른 28만500원과 2만8350원 그리고 5만800원에 장을 마감했다. 한미반도체와 고영과 테크윙의 주가 상승률은 각각각 10.65%, 8.41%, 7.86% 다.","현대경제신문 홍미경 기자 | HBM(고대역폭메모리) 관련주들이 전 거래일 대비 8.69% 상승으로 장을 마감했다. 8일 한국거래소에 따르면 엠케이전자, SK하이닉스, 한미반도체, 고영, 테크윙, 삼성전자, 레이저쎌, 윈팩은 상승했다. 엠케이전자와 SK하이닉스는 전 거래일 대비 각각 4350원, 11만7000원 오른 2만600원과 103만3000원에 거래를 마쳤다.",1,039440|에스티아이,http://www.finomy.com/news/articleView.html?idxno=252887
039440,"에이치엠넥스는 지난 2002년 LED 패키지 사업으로 전환한 이후 자동차 전장용 조명 시장에서 입지를 다져왔으며, 최근 반도체 장비로 사업 영토를 확장하며 제2의 도약을 선언했다. 현대차와 기아로부터 품질 관리 인증인 SQ인증 A등급을 획득하고 글로벌 자동차 산업 품질 경영 시스템(IATF 16949) 인증을 보유해 전장과 반도체를 아우르는 기술 신뢰도를 입증했다.","글로벌 반도체 기업들이 인공지능(AI) 시장 주도권을 잡기 위해 설비 투자를 대폭 확대하면서, 반도체 생산의 핵심인 장비 업체들이 유례없는 호황기를 맞이하고 있다. 메모리 가격 반등과 함께 미세 공정 전환을 위한 신규 장비 도입이 가속화되자 국내 소부장(소재·부품·장비) 기업들에 강력한 수급이 유입 중이다. 반도체 장비 테마 지수는 8일 전일 대비 6.59% 상승하며 기술주 전반의 랠리를 주도하고 있다.",1,039440|에스티아이,https://www.pinpointnews.co.kr/news/articleView.html?idxno=443847
039440,"중성자에 의한 반도체 오류를 잡아내는 중성자 소프트에러 검출 장비와 5G용 시스템 반도체 수명 평가 장비를 잇달아 선보였다. 고온 가압 장비 기술력을 보유한 예스티가 14.76% 오른 2만 2000원에 거래되고 있으며, 반도체 미세 패턴 검사 장비 전문인 넥스틴 또한 14.46% 오른 7만 5200원에 거래 중이다.",인공지능(AI) 반도체의 핵심 부품인 고대역폭메모리(HBM) 시장의 가파른 성장세가 8일 국내 증시를 뒤흔들고 있다. 글로벌 빅테크 기업들의 AI 서버 투자 확대와 맞물려 HBM 공급 부족 현상이 심화될 것이라는 전망이 나오면서 관련 종목들이 기록적인 랠리를 펼치고 있다. HBM 테마 지수는 전일 대비 7.33% 상승하며 독보적인 강세를 나타내고 있다.,1,039440|에스티아이,https://www.pinpointnews.co.kr/news/articleView.html?idxno=443779
015860,"세부 변동 내역을 보면, 2025년 11월 19일 황수는 장내매수로 의결권 있는 주식 2만1000주에서 162주가 증가해 2만1162주가 됐다. 2026년 2월 26일 일진홀딩스는 교환으로 의결권 있는 주식 2348만3712주에서 71만698주가 감소해 2277만3014주가 됐다.","주요 내역을 보면, 보고자인 일진홀딩스는 2277만3014주, 47.76%를 보유 중이다. 특별관계자인 김향식은 28만7246주, 0.6%, (재)일진과학기술문화재단은 9만6981주, 0.2%, 황수는 2만1341주, 0.04%를 보유하고 있다. 이 외 주요 내용으로 일진홀딩스는 미래에셋증권과 교환사채 발행 계약을 체결했으며, 계약 체결일은 2025년 9월 11일이다.",1,015860|일진홀딩스,https://www.digitaltoday.co.kr/news/articleView.html?idxno=635013
015860,"이에 따라 지분율은 49.25%에서 47.76%로 1.49%포인트 감소했다. 최근 실적에 따르면, 일진전기의 자산총계는 1조2490억원, 부채총계는 7487억원, 자본총계는 5003억원이다.","2월 25일, 일진홀딩스는 교환사채의 교환 청구에 따라 일진전기 주식 71만698주를 처분했다. 이에 따라 지분율은 49.25%에서 47.76%로 1.49%포인트 감소했다. 일진전기의 주가는 2월 26일 장마감 기준 8만8900원으로, 전일 대비 4300원 상승했다.",0,015860|일진홀딩스,https://www.digitaltoday.co.kr/news/articleView.html?idxno=635011
015860,"같은 기간 매출액은 2조2827억1755만1000원으로 전년 대비 26.8% 늘었고, 당기순이익은 902억405만8000원으로 전년 대비 79% 증가했다. 최근 실적(2025년 1월 1일부터 2025년 12월 31일까지 연결 기준)에서 자산총계는 2조3457억322만5000원, 부채총계는 1조1918억7710만3000원, 자본총계는 1조1538억2612만2000원으로 집계됐다.","같은 기간 매출액은 2조2827억1755만1000원으로 전년 대비 26.8% 늘었고, 당기순이익은 902억405만8000원으로 전년 대비 79% 증가했다. 회사는 계열사 실적 개선으로 손익구조가 변동했다고 전했다. 최근 실적(2025년 1월 1일부터 2025년 12월 31일까지 연결 기준)에서 자산총계는 2조3457억322만5000원, 부채총계는 1조1918억7710만3000원, 자본총계는 1조1538억2612만2000원으로 집계됐다.",1,015860|일진홀딩스,https://www.digitaltoday.co.kr/news/articleView.html?idxno=631254
015860,일진전기는 자회사인 일진 일렉트릭 USA(ILJIN Electric USA)와 518억원 규모의 상품공급 계약을 맺었다고 7일 공시했다. 일진전기는 이번 계약을 포함해 캐나다 시장에서 총 1억1185캐나다달러(약 1209억원) 규모의 수주 잔고를 확보하게 됐다.,일진전기는 자회사인 일진 일렉트릭 USA(ILJIN Electric USA)와 518억원 규모의 상품공급 계약을 맺었다고 7일 공시했다. 이번 계약은 일진전기의 미국 판매법인이 캐나다 발전사업자로부터 수주한 물량을 일진전기에 재발주한 형태다. 계약 금액은 2025년 연결 재무제표 기준 매출액인 2조446억원의 2.54%에 해당하는 수치다.,2,015860|일진홀딩스,https://www.fetv.co.kr/news/article.html?no=216545
066970,"계약은 2026년 3월 14일부터 5월 25일까지 진행되며, 엘앤에프가 지정하는 국내 장소에서 공급이 이루어진다. 계약 상대방인 엘앤에프는 2차전지 양극활물질 제조 및 판매를 주요 사업으로 하고 있으며, 최근 매출액은 2조1549억3896만5103원이다.","계약은 2026년 3월 14일부터 5월 25일까지 진행되며, 엘앤에프가 지정하는 국내 장소에서 공급이 이루어진다. 대금은 수령 후 55일 이후에 지급된다. 계약 상대방인 엘앤에프는 2차전지 양극활물질 제조 및 판매를 주요 사업으로 하고 있으며, 최근 매출액은 2조1549억3896만5103원이다. 피노는 2001년 6월 26일 코스닥 시장에 상장된 통신 및 방송 장비 제조업체다.",1,066970|엘앤에프,https://www.digitaltoday.co.kr/news/articleView.html?idxno=654874
066970,"이창민 연구원은 ""엘앤에프의 1분기 영업이익은 899억원으로 컨센서스(시장 평균 전망치·569억원)를 상회할 것""이라며 ""IRA(미국 인플레이션 감축법) 종료 여파로 출하 감소가 불가피한 경쟁 업체들과 달리 상대적으로 우호적인 업황이 이어지고 있다""는 점을 근거로 들었다. 구체적으로 ""테슬라의 1분기 전기차 인도량이 글로벌 1위 자리를 탈환했는데, 모델Y 주니퍼 등 테슬라의 삼원계 주력 모델에는 엘앤에프가 독점 공급 중인 N9","이창민 연구원은 ""엘앤에프의 1분기 영업이익은 899억원으로 컨센서스(시장 평균 전망치·569억원)를 상회할 것""이라며 ""IRA(미국 인플레이션 감축법) 종료 여파로 출하 감소가 불가피한 경쟁 업체들과 달리 상대적으로 우호적인 업황이 이어지고 있다""는 점을 근거로 들었다. 구체적으로 ""테슬라의 1분기 전기차 인도량이 글로벌 1위 자리를 탈환했는데, 모델Y 주니퍼 등 테슬라의 삼원계 주력 모델에는 엘앤에프가 독점 공급 중인 N95 양극재가 탑재되고 있다""고 설명했다. 아울러 지난달 말 기준 탄산리튬 가격과 원/달러 환율 모두 12월 말 대비 크게 상승해 수백억원의 재고",0,066970|엘앤에프,https://www.yna.co.kr/view/AKR20260408027600008?input=1195m
066970,입력2026.04.08 07:46 수정2026.04.08 07:46 글자크기 조절 입력2026.04.08 07:46 수정2026.04.08 07:46,입력2026.04.08 07:46 수정2026.04.08 07:46 글자크기 조절 입력2026.04.08 07:46 수정2026.04.08 07:46,1,066970|엘앤에프,https://www.hankyung.com/article/2026040857996
066970,"대구 소재 엘앤에프 구지3공장 전경./사진=엘앤에프엘앤에프가 리튬인산철(LFP) 선점 효과와 어닝 서프라이즈 기대감에 장중 급등세를 보이며 18만원선을 넘어섰다. 7일 한국거래소에 다르면, 엘앤에프는 오전 11시...","대구 소재 엘앤에프 구지3공장 전경./사진=엘앤에프엘앤에프가 리튬인산철(LFP) 선점 효과와 어닝 서프라이즈 기대감에 장중 급등세를 보이며 18만원선을 넘어섰다. 7일 한국거래소에 다르면, 엘앤에프는 오전 11시...",1,066970|엘앤에프,https://news.mtn.co.kr/news-detail/2026040711515649546
047310,"파워로직스(대표이사 장동훈)는 1997년 설립된 전자부품 기업으로, 스마트폰 카메라모듈과 2차전지 보호회로(PCM), 배터리팩 등의 제조 및 판매를 주력 사업으로 하고 있다. 스마트폰 의존 구조의 한계 파워로직스의 2024년 연결 기준 매출은 약 7,334억 원 수준이지만 영업이익은 24억 원에 그치며, 전년 대비 84% 급감했다.","파워로직스(대표이사 장동훈)는 1997년 설립된 전자부품 기업으로, 스마트폰 카메라모듈과 2차전지 보호회로(PCM), 배터리팩 등의 제조 및 판매를 주력 사업으로 하고 있다. 스마트폰 및 전기차 산업 성장과 맞물려 중견 부품업체로 자리를 잡았고, 주요 고객사 스마트폰 생산 확대에 따라 성장 기대를 받으며 2003년 7월 코스닥 상장을 이뤄냈다. 최대주주는 김원남 이사회 의장이 최대주주로 있는 탑엔지니어링으로, 33.75% 이상의 지분을 보유하여 경영권을 행사하고 있으며, 상호출자 관계를 통해 지배력을 보완하고 있다.",0,047310|파워로직스,http://www.newsworker.co.kr/news/articleView.html?idxno=421102
047310,"별도 매출액은 5277억9900만원이며, 영업손실은 64억9100만원, 당기순손실은 210억6200만원이다. 연결 매출액은 6865억3500만원이며, 영업손실 63억6700만원, 당기순손실 123억1900만원으로 기재됐다.","파워로직스는 2026년 3월 25일 정기주주총회를 열고 제29기(2025년 1월 1일부터 2025년 12월 31일까지) 연결 및 별도 재무제표 승인 안건을 가결했다. 해당 안건은 의결권 행사 주식 수 기준 찬성률 99.8%, 반대·기권 등 비율 0.2%로 집계됐다. 재무제표 기준으로 별도 재무에서는 자산총계 2935억9200만원, 부채총계 1176억6100만원, 자본총계 1759억3100만원으로 나타났다.",0,047310|파워로직스,https://www.digitaltoday.co.kr/news/articleView.html?idxno=645425
047310,"성일하이텍은 전기차, 휴대폰, 노트북 등에 쓰인 리튬 2차전지에서 코발트와 니켈 등 유가금속을 추출해 양극재의 기초 소재를 생산한다. 폐양극재에서 유효 자원을 회수해 전구체 복합액을 생산하는 새빗켐이 7.37% 상승한 2만 6950원을 기록하며 동반 강세를 나타내고 있다.","전기차 보급 확대로 인해 수명을 다한 배터리 처리 문제가 글로벌 화두로 떠오르면서 폐배터리 리사이클링 테마가 증시의 강력한 주도주로 부상하고 있다. 폐배터리 관련주는 7일 배터리에서 리튬, 니켈, 코발트 등 핵심 광물을 뽑아내는 독보적인 기술력을 가진 순수 리사이클링 기업들을 중심으로 폭발적인 매수세가 몰리는 중이다. 가장 강한 탄력을 보이는 종목은 국내 폐배터리 재활용 분야의 선두 주자다.",1,047310|파워로직스,https://www.pinpointnews.co.kr/news/articleView.html?idxno=443547
047310,"국내 주식시장에서 ESS(에너지저장장치) 테마가 31일 글로벌 전력 수요 폭증과 신재생 에너지 보급 확대에 힘입어 업종 지수 0.91% 상승을 기록하며 견조한 흐름을 나타내고 있다. 에너지 관리 시스템 전문 기업인 지투파워가 6.83% 상승한 1만 1730원에 거래 중이며, 북미 시장을 중심으로 ESS 함체 공급을 늘리고 있는 서진시스템도 상승 흐름에 올라탔다.","국내 주식시장에서 ESS(에너지저장장치) 테마가 31일 글로벌 전력 수요 폭증과 신재생 에너지 보급 확대에 힘입어 업종 지수 0.91% 상승을 기록하며 견조한 흐름을 나타내고 있다. 인공지능(AI) 데이터센터 가동을 위한 안정적인 전력 공급이 화두로 떠오르면서, 남는 전력을 저장했다가 필요할 때 꺼내 쓰는 ESS 솔루션 기업들을 중심으로 매수세가 강하게 유입되는 모습이다. 가장 두드러진 오름세를 보이는 종목은 금양그린파워다.",1,047310|파워로직스,https://www.pinpointnews.co.kr/news/articleView.html?idxno=441457
047310,배터리 가스켓 전문 기업인 삼진엘앤디 역시 LFP 배터리 시장 확대 기대감에 힘입어 29.93% 상승한 1272원으로 상한가에 안착했다. 나트륨 배터리용 음극재 필수 소재인 하드카본 기술력이 재조명받으며 이날 오후 2시 42분 현재 전일 대비 30% 상승한 1만 4820원에 거래 중이다.,글로벌 전기차 시장의 캐즘(일시적 수요 정체) 우려 속에서도 차세대 배터리 소재와 공급망 다변화에 성공한 기업들을 중심으로 2차전지 테마가 30일 장중 뜨거운 반등을 시도하고 있다. 중국 의존도를 낮추기 위한 국산화 소재 및 LFP(리튬인산철) 배터리 관련 부품주들이 강력한 수급을 끌어모으는 양상이다. 한국거래소에 따르면 이날 가장 압도적인 흐름을 보이는 종목은 애경케미칼이다.,1,047310|파워로직스,https://www.pinpointnews.co.kr/news/articleView.html?idxno=441158
069330,"박종수와 특별관계자 4인의 3월 6일 기준 유아이디 보유 주식등의 수는 574만9373주, 보유 비율은 40.51%로 보고됐다. 유아이디는 2003년 8월 18일 코스닥 시장에 상장된 전자부품 제조업체다.","박종수와 특별관계자 4인의 3월 6일 기준 유아이디 보유 주식등의 수는 574만9373주, 보유 비율은 40.51%로 보고됐다. 주요 내역을 보면, 보고자 박종수는 452만5004주, 31.89%, 특별관계자 정연환은 30만주, 2.11%, 김종구는 1만1500주, 0.08%를 보유 중이다. 추가로 다른 기재 내역을 보면, 정광은 2월 3일 장내매수로 의결권 있는 주식 76만1369주에서 4만주를 매수해 80만1369주가 됐다.",1,069330|유아이디,https://www.digitaltoday.co.kr/news/articleView.html?idxno=637992
069330,"직전사업연도 매출액은 535억5815만8467원, 영업이익은 2억4402만616원으로, 매출은 7.2% 감소했고 영업이익은 433.4% 증가했다. 같은 기간 당기순이익은 12억8561만2509원으로 직전사업연도 6억6028만988원 대비 94.7% 증가했다.","유아이디의 2025년 1월 1일부터 2025년 12월 31일까지 연결 기준 매출액은 496억9051만7314원, 영업이익은 13억172만6619원이었다. 직전사업연도 매출액은 535억5815만8467원, 영업이익은 2억4402만616원으로, 매출은 7.2% 감소했고 영업이익은 433.4% 증가했다. 같은 기간 당기순이익은 12억8561만2509원으로 직전사업연도 6억6028만988원 대비 94.7% 증가했다.",1,069330|유아이디,https://www.digitaltoday.co.kr/news/articleView.html?idxno=631375
069330,"최근 전력 수요 관리와 재생에너지 확대에 따라 ESS 시장이 급성장하고 있는 가운데, 이번 인수가 유아이디의 신사업 확장 동력이 될 수 있다는 기대가 커지고 있다. 투자은행(IB) 업계에 따르면, 서울회생법원은 최근 유아이디가 비에스에스를 인수하는 내용의 투자 계약을 인가했다.",코스닥 상장사 유아이디 주가가 시간외서 크게 오르고 있다. 4일 한국거래소에 따르면 전 거래일 종가보다 2.40% 올라 1237원에 거래를 마감했다. 유아이디가 에너지저장장치(ESS) 전문기업 비에스에스(BSS)를 인수 하면서 주가에 긍정적 영향을 미치고 있는 것으로 보인다.,2,069330|유아이디,https://www.pinpointnews.co.kr/news/articleView.html?idxno=382930
069330,"잉크젯 프린팅 공정 솔루션 전문 엔젯은 8.23% 오른 5130원을 기록하고 있으며, 디스플레이 핵심 부품 제조사인 이노테크는 8.17% 상승한 1만 9060원에 거래되고 있다. 글로벌 LED 전문 기업 서울반도체는 자동차 및 가전용 수요 증가에 힘입어 7.84% 상승한 9350원을 기록 중이다.","글로벌 IT 기기의 OLED 탑재 비중이 급격히 늘어나고 차세대 디스플레이인 마이크로 LED 시장이 개화하면서 국내 디스플레이장비 및 부품 업종이 강력한 동반 상승세를 나타내고 있다. 스마트폰을 넘어 태블릿, 노트북, 전장용 디스플레이로의 적용 범위 확대가 국내 소부장 기업들의 신규 수주로 이어지며 업종 전반의 투자 심리를 자극하는 모습이다. 가장 눈에 띄는 탄력을 보이는 종목은 럭스피아다.",1,069330|유아이디,https://www.pinpointnews.co.kr/news/articleView.html?idxno=441815
069330,"[합병] 하림, 씨아이테크, 케일럼, 엔젠바이오 [주주총회] 티비에이치글로벌, 인스코비, SK오션플랜트, 한국가스공사, HD현대중공업, DS단석, 아이티센씨티에스, HD한국조선해양, 벽산, SUN&L, KC그린홀딩스, 코오롱인더, 유니켐, 에이엔피, 넥스틸, 우진플라임, 에이리츠, 풀무원, 태경산업, 강원랜드, 영흥, 황금에스티, 삼영, 두산에너빌리티, 경동인베스트, 휴스틸, 다이나믹디자인, 진도, KC코트렐, 에이피알, DY","[합병] 하림, 씨아이테크, 케일럼, 엔젠바이오 [주주총회] 티비에이치글로벌, 인스코비, SK오션플랜트, 한국가스공사, HD현대중공업, DS단석, 아이티센씨티에스, HD한국조선해양, 벽산, SUN&L, KC그린홀딩스, 코오롱인더, 유니켐, 에이엔피, 넥스틸, 우진플라임, 에이리츠, 풀무원, 태경산업, 강원랜드, 영흥, 황금에스티, 삼영, 두산에너빌리티, 경동인베스트, 휴스틸, 다이나믹디자인, 진도, KC코트렐, 에이피알, DYP, 모나미, 코오롱, 현대지에프홀딩스, HD현대, 수산세보틱스, 카프로, 티웨이항공, 달바글로벌, 두산, LX홀딩스, LIG넥스원, 조광페인트",1,069330|유아이디,https://www.etoday.co.kr/news/view/2570915
064090,"거래정지 기간은 기존에 2026년 2월 9일부터 상장폐지 사유 해당 여부에 관한 결정일까지로 안내됐으나, 변경 후에는 사유별로 구분해 적용된다. 또 2025사업연도 감사의견에 따른 상장폐지 사유와 관련한 거래정지는 2026년 2월 9일부터 상장폐지에 대한 이의신청기간 만료일 또는 이의신청에 대한 상장폐지 여부 결정일까지로 제시됐다.","거래정지 기간은 기존에 2026년 2월 9일부터 상장폐지 사유 해당 여부에 관한 결정일까지로 안내됐으나, 변경 후에는 사유별로 구분해 적용된다. 상장적격성 실질심사 관련 거래정지는 2026년 2월 9일부터 상장폐지 사유 해당 여부에 관한 결정일까지다. 또 2025사업연도 감사의견에 따른 상장폐지 사유와 관련한 거래정지는 2026년 2월 9일부터 상장폐지에 대한 이의신청기간 만료일 또는 이의신청에 대한 상장폐지 여부 결정일까지로 제시됐다.",0,064090|인크레더블버즈,https://www.digitaltoday.co.kr/news/articleView.html?idxno=654561
064090,"한국거래소 공시에 따르면, 인크레더블버즈의 보통주가 상장폐지사유 발생으로 관리종목 지정사유가 추가돼 상장적격성 실질심사 대상에 해당하게 됐다. 이번 조치는 코스닥시장상장규정 제53조 및 동규정시행세칙 제58조(별표 10)에 근거해 이루어졌다.","한국거래소 공시에 따르면, 인크레더블버즈의 보통주가 상장폐지사유 발생으로 관리종목 지정사유가 추가돼 상장적격성 실질심사 대상에 해당하게 됐다. 이번 조치는 코스닥시장상장규정 제53조 및 동규정시행세칙 제58조(별표 10)에 근거해 이루어졌다. 회사 측은 기타 사항에 대해서는 추가로 밝힌 내용이 없다고 공시했다.",0,064090|인크레더블버즈,https://www.topstarnews.net/news/articleView.html?idxno=16027973
064090,한국거래소 공시에 따르면 인크레더블버즈는 코스닥시장상장규정 제52조 및 동규정시행세칙 제48조(별표 9)에 근거해 2026년 4월 8일부터 투자주의환기종목으로 지정된다. 회사는 이번 지정에 대해 별도의 기타 사항은 없다고 밝혔다.,한국거래소 공시에 따르면 인크레더블버즈는 코스닥시장상장규정 제52조 및 동규정시행세칙 제48조(별표 9)에 근거해 2026년 4월 8일부터 투자주의환기종목으로 지정된다. 회사는 이번 지정에 대해 별도의 기타 사항은 없다고 밝혔다.,0,064090|인크레더블버즈,https://www.topstarnews.net/news/articleView.html?idxno=16027969
064090,"한국거래소 공시에 따르면, 기존에는 2026년 02월 09일부터 상장폐지 사유 해당 여부에 관한 결정일까지 매매거래를 정지하기로 돼 있었으나, 변경 후에는 2026년 02월 09일부터 상장적격성 실질심사 관련 상장폐지 사유 해당 여부에 관한 결정일까지와, 2025사업연도 감사의견 상장폐지 사유 관련 상장폐지에 대한 이의신청기간 만료일 또는 이의신청에 대한 상장폐지 여부 결정일까지 거래정지가 유지된다. 거래정지 기간 중에는 상장","한국거래소 공시에 따르면, 기존에는 2026년 02월 09일부터 상장폐지 사유 해당 여부에 관한 결정일까지 매매거래를 정지하기로 돼 있었으나, 변경 후에는 2026년 02월 09일부터 상장적격성 실질심사 관련 상장폐지 사유 해당 여부에 관한 결정일까지와, 2025사업연도 감사의견 상장폐지 사유 관련 상장폐지에 대한 이의신청기간 만료일 또는 이의신청에 대한 상장폐지 여부 결정일까지 거래정지가 유지된다. 거래정지 기간 중에는 상장적격성 실질심사 및 감사의견 사유에 대한 검토와 함께, 이의신청 기간 등 법적 절차에 따라 주권의 매매가 제한된다. 기타 사항에 대해서는 별도",0,064090|인크레더블버즈,https://www.topstarnews.net/news/articleView.html?idxno=16027970
064090,"한국거래소 공시에 따르면, 이로 인해 인크레더블버즈는 코스닥시장상장규정 제54조에 의한 상장폐지 사유에 해당한다. 회사 측은 상장폐지에 대한 통지를 받은 날로부터 15일 이내(2026.04.28 영업일 기준)에 이의신청을 할 수 있으며, 이의신청이 없는 경우 상장폐지 절차가 진행될 예정이다.","한국거래소 공시에 따르면, 이로 인해 인크레더블버즈는 코스닥시장상장규정 제54조에 의한 상장폐지 사유에 해당한다. 회사 측은 상장폐지에 대한 통지를 받은 날로부터 15일 이내(2026.04.28 영업일 기준)에 이의신청을 할 수 있으며, 이의신청이 없는 경우 상장폐지 절차가 진행될 예정이다. 회사는 이번 의견거절에 대한 배경과 함께 상장폐지 관련 절차와 일정을 안내했다. 투자자들은 이의신청 여부와 향후 절차의 진행상황에 주목할 필요가 있다는 입장이다.",0,064090|인크레더블버즈,https://www.topstarnews.net/news/articleView.html?idxno=16027971
175330,"BNK투자증권은 2일 JB금융지주가 핵심인 이자이익 성장을 통해 최대 실적을 기록할 것이라고 내다봤다. 김인 BNK투자증권 연구원은 ""올해 1분기 JB금융지주의 순이익은 1815억원으로 지난해 같은 기간보다 11.5%, 직전 분기보다 37.8% 늘어날 것""이라며 ""이자이익이 크게 늘고 연체율이 안정되면서 부실 대출에 대비해 쌓아두는 충당금도 지난해보다 19% 줄어드는 게 주된 이유""라고 말했다.","BNK투자증권은 2일 JB금융지주가 핵심인 이자이익 성장을 통해 최대 실적을 기록할 것이라고 내다봤다. 이와함께 기업에 대한 목표주가는 4만원을 유지했으며 투자의견도 매수로 유지했다. 김인 BNK투자증권 연구원은 ""올해 1분기 JB금융지주의 순이익은 1815억원으로 지난해 같은 기간보다 11.5%, 직전 분기보다 37.8% 늘어날 것""이라며 ""이자이익이 크게 늘고 연체율이 안정되면서 부실 대출에 대비해 쌓아두는 충당금도 지난해보다 19% 줄어드는 게 주된 이유""라고 말했다.",2,175330|JB금융지주,http://www.newsdream.kr/news/articleView.html?idxno=110930
175330,"변동내역 총괄표에 따르면, Capital Research and Management Company의 지분은 220만3611주, 1.21%포인트 증가한 것으로 기재됐다. Capital Research and Management Company와 특별관계자 2인의 3월 31일 기준 JB금융지주 보유 주식등의 수는 1201만2001주, 보유 비율은 6.38%로 보고됐다.","Capital Research and Management Company와 특별관계자 2인의 3월 31일 기준 JB금융지주 보유 주식등의 수는 1201만2001주, 보유 비율은 6.38%로 보고됐다. 주요 내역을 보면, 보고자 Capital Research and Management Company는 1200만718주, 6.37%, 특별관계자 Capital International Sarl은 1만1283주, 0.01%를 보유 중이다. 변동내역 총괄표에 따르면, Capital Research and Management Company의 지분은 220만3611주, 1.21%포",1,175330|JB금융지주,https://www.digitaltoday.co.kr/news/articleView.html?idxno=654267
175330,"입력2026.04.08 17:41 수정2026.04.08 17:42 지면A18 글자크기 조절 입력2026.04.08 17:41 수정2026.04.08 17:42 지면A18 KRX 은행지수, 하루새 5% 상승 롤러코스터 장세 속 방어력 탄탄","입력2026.04.08 17:41 수정2026.04.08 17:42 지면A18 글자크기 조절 입력2026.04.08 17:41 수정2026.04.08 17:42 지면A18 KRX 은행지수, 하루새 5% 상승 롤러코스터 장세 속 방어력 탄탄",1,175330|JB금융지주,https://www.hankyung.com/article/2026040878991
175330,수정 2026-04-07 15:45:05 입력 2026-04-07 15:42:06 수정 2026-04-07 15:45:05 입력 2026-04-07 15:42:06 페이스북 트위터 카카오톡 프린트 가 + 가 - ▲ OK저축은행이 2014년 창사 이후 지난해 처음으로 SBI저축은행을 제치고 업계 연간 순이익 1위에 올랐다./사진=각 사 제공 7일 저축은행업계에 따르면 OK저축은행의 지난해 당기순이익은 1688억원으로 전년(392,수정 2026-04-07 15:45:05 입력 2026-04-07 15:42:06 수정 2026-04-07 15:45:05 입력 2026-04-07 15:42:06 페이스북 트위터 카카오톡 프린트 가 + 가 - ▲ OK저축은행이 2014년 창사 이후 지난해 처음으로 SBI저축은행을 제치고 업계 연간 순이익 1위에 올랐다./사진=각 사 제공 7일 저축은행업계에 따르면 OK저축은행의 지난해 당기순이익은 1688억원으로 전년(392억원) 대비 4배 이상 급증했다. 같은 기간 이자수익은 1조1769억원으로 전년(1조3767억원) 대비 14.5% 감소했다. 여신규모는 2024,1,175330|JB금융지주,https://www.mediapen.com/news/view/1091823
175330,"주로 하나금융지주, 한국투자금융지주, BNK금융지주, JB금융지주 등이 후보군으로 꼽힌다. KDB생명의 전신은 금호생명이다. 산업은행은 2012년 금호생명을 인수한 후 불과 2년만인 2014년부터 매각을 추진해왔으나...","주로 하나금융지주, 한국투자금융지주, BNK금융지주, JB금융지주 등이 후보군으로 꼽힌다. KDB생명의 전신은 금호생명이다. 산업은행은 2012년 금호생명을 인수한 후 불과 2년만인 2014년부터 매각을 추진해왔으나...",1,175330|JB금융지주,https://www.thebell.co.kr/free/content/ArticleView.asp?key=202604010941077720101923
486630,회사는 공모자금 및 운영자금 이자수익 발생에 따라 당기순이익 변동이 발생했다고 설명했다. 매출액또는손익구조30%(대규모법인은15%)이상변동,"같은 기간 영업손실은 3133만1300원으로 전년(3124만6340원) 대비 0.2% 확대됐다. 회사는 공모자금 및 운영자금 이자수익 발생에 따라 당기순이익 변동이 발생했다고 설명했다. 재무현황을 보면 2025사업연도 말 개별 기준 자산총계는 121억5446만4533원, 부채총계는 15억5681만7353원, 자본총계는 105억9764만7180원, 자본금은 5억3100만원이다.",0,486630|KB제30호스팩,https://www.digitaltoday.co.kr/news/articleView.html?idxno=632044
486630,"스팩은 기업의 인수와 합병만을 목적으로 설립한 명목상 회사로, 3년 안에 합병하지 않으면 상장이 폐지된다.KB제30호스팩의 합병 대상 업종은 신재생 에너지, 바이오제약·의료기기, IT 융합시스템, LED 응용, 그린 수송시스템, 탄소 저감 에너지, 고도 물처리, 첨단 그린도시, 방송통신 융합 25일 한국거래소 코스닥시장본부에 따르면, ‘KB제30호기업인수목적㈜(KB제30호스팩·486630)이 이날 코스닥시장에 상장한다.","25일 한국거래소 코스닥시장본부에 따르면, ‘KB제30호기업인수목적㈜(KB제30호스팩·486630)이 이날 코스닥시장에 상장한다. 공모가는 2000원으로, 상장 당일에는 변동성 완화장치(VI)가 적용되지 않는다.해당 종목은 스팩(SPAC)이다. 스팩은 기업의 인수와 합병만을 목적으로 설립한 명목상 회사로, 3년 안에 합병하지 않으면 상장이 폐지된다.KB제30호스팩의 합병 대상 업종은 신재생 에너지, 바이오제약·의료기기, IT 융합시스템, LED 응용, 그린 수송시스템, 탄소 저감 에너지, 고도 물처리, 첨단 그린도시, 방송통신 융합",1,486630|KB제30호스팩,http://www.newswell.co.kr/news/articleView.html?idxno=10283
486630,"25일 코스닥시장에서 KB제30호스팩(486630)은 공모가(2000원)보다 0.25% 오른 2005원에 첫 거래를 마쳤다.해당 종목은 스팩(SPAC)이다. 스팩은 기업의 인수와 합병만을 목적으로 설립한 명목상 회사로, 3년 안에 합병하지 않으면 상장이 폐지된다.KB제30호스팩의 합병 대상 업종은 신재생 에너지, 바이오제약·의료기기, IT 융합시스템, LED 응용, 그린 수송시스템, 탄소 저감 에너지, 고도 물처리, 첨단 그린","기업의 인수와 합병을 목적으로 설립된 ‘KB제30호스팩’이 상장 첫날 상승 마감했다. 25일 코스닥시장에서 KB제30호스팩(486630)은 공모가(2000원)보다 0.25% 오른 2005원에 첫 거래를 마쳤다.해당 종목은 스팩(SPAC)이다. 스팩은 기업의 인수와 합병만을 목적으로 설립한 명목상 회사로, 3년 안에 합병하지 않으면 상장이 폐지된다.KB제30호스팩의 합병 대상 업종은 신재생 에너지, 바이오제약·의료기기, IT 융합시스템, LED 응용, 그린 수송시스템, 탄소 저감 에너지, 고도 물처리, 첨단 그린도시, 방송통신 융합산",1,486630|KB제30호스팩,http://www.newswell.co.kr/news/articleView.html?idxno=10297
486630,"23일 금융투자업계에 따르면 혼성 신호 시스템반도체 시스템온칩(SoC) 전문기업 아이언디바이스가 이날 코스닥 시장에 상장한다. 지난 5일부터 이틀간 기관투자자를 대상으로 진행한 수요예측에서 1217.75대 1의 경쟁률을 기록하면서, 공모가를 2000원으로 확정했다.",23일 금융투자업계에 따르면 혼성 신호 시스템반도체 시스템온칩(SoC) 전문기업 아이언디바이스가 이날 코스닥 시장에 상장한다. 상장 주관사는 대신증권이다. 아이언디바이스는 지난 9일과 10일 양일간 진행된 일반청약에서 총 19만 5115건의 청약 건수가 발생하면서 1965.03대 1의 경쟁률을 기록했다.,1,486630|KB제30호스팩,https://www.newspim.com/news/view/20240920000596
250930,"제2호 의안인 이사 보수한도 승인 안건은 한도 15억원으로 가결됐으며, 의결권 행사 주식수 기준 찬성률은 98.8%였다. 주총 안건별로는 제1호 의안인 재무제표 승인 안건이 가결됐고, 의결권 있는 발행주식 총수 기준 찬성률은 57.2%로 집계됐다.","주총 안건별로는 제1호 의안인 재무제표 승인 안건이 가결됐고, 의결권 있는 발행주식 총수 기준 찬성률은 57.2%로 집계됐다. 의결권 행사 주식수 기준 찬성률은 100%였다. 제2호 의안인 이사 보수한도 승인 안건은 한도 15억원으로 가결됐으며, 의결권 행사 주식수 기준 찬성률은 98.8%였다.",1,250930|예선테크,https://www.digitaltoday.co.kr/news/articleView.html?idxno=651576
250930,"반도체·디스플레이 장비 부품 전문 기업 한솔아이원스가 정밀 가공부터 세정, 코팅에 이르는 통합 공정 시스템을 앞세워 시장 지배력을 강화하고 있다. 반도체와 디스플레이 공정에 사용되는 부품의 정밀 세정 및 코팅 기술력이 부각되며 투자자들의 선택을 받고 있다.",애플의 아이패드 등 태블릿 PC와 노트북으로 OLED 탑재가 확산되면서 침체됐던 디스플레이 시장에 온기가 돌고 있다. 글로벌 패널 업체들이 8.6세대 IT용 OLED(유기 발광 다이오드) 생산 라인 투자를 본격화함에 따라 증착 장비와 핵심 소재를 공급하는 기업들을 중심으로 강력한 매수세가 유입 중이다. 공정 효율을 높이는 정밀 부품과 고기능성 소재 기업들의 실적 개선세가 뚜렷해질 것이라는 분석이 주가를 견인하고 있다.,1,250930|예선테크,https://www.pinpointnews.co.kr/news/articleView.html?idxno=443078
250930,"잉크젯 프린팅 공정 솔루션 전문 엔젯은 8.23% 오른 5130원을 기록하고 있으며, 디스플레이 핵심 부품 제조사인 이노테크는 8.17% 상승한 1만 9060원에 거래되고 있다. 글로벌 LED 전문 기업 서울반도체는 자동차 및 가전용 수요 증가에 힘입어 7.84% 상승한 9350원을 기록 중이다.","글로벌 IT 기기의 OLED 탑재 비중이 급격히 늘어나고 차세대 디스플레이인 마이크로 LED 시장이 개화하면서 국내 디스플레이장비 및 부품 업종이 강력한 동반 상승세를 나타내고 있다. 스마트폰을 넘어 태블릿, 노트북, 전장용 디스플레이로의 적용 범위 확대가 국내 소부장 기업들의 신규 수주로 이어지며 업종 전반의 투자 심리를 자극하는 모습이다. 가장 눈에 띄는 탄력을 보이는 종목은 럭스피아다.",1,250930|예선테크,https://www.pinpointnews.co.kr/news/articleView.html?idxno=441815
250930,"중소벤처기업연구원에 따르면 2024년 기준 국내 기업의 중동산 나프타 수입 비중은 약 60%에 달하며, 특히 중소기업은 82.8%로 의존도가 더욱 높아 공급망 타격에 취약한 구조다. 주총에서 승인된 제48기 별도 재무제표에 따르면, 세우글로벌은 자산총계 5936억6000만원, 매출액 326억8000만원, 영업이익 24억3000만 원, 당기순이익 37억2000만 원을 각각 기록했다.","26일 대영포장, 세우글로벌, 한국ANKOR유전, 엔비알모션, 한국팩키지, 세림B&G, 진영, 이노인스트루먼트, 에스폴리텍, 코퍼스코리아, 케이엠제약, 디에이치엑스컴퍼니가 상한가에 이름을 올리고 장을 마감한 가운데 투자자들의 관심이 뜨겁다. 이날 코스피 시장에선 대영포장, 세우글로벌, 한국ANKOR유전이 상한가에 이름을 올렸다. 대영포장은 전 거래일 대비 29.98%(325원) 오른 1409원에 장을 마감했다.",1,250930|예선테크,https://www.ggilbo.com/news/articleView.html?idxno=1149172
250930,차세대 배터리 소재 전문기업 솔루스첨단소재가 꿈의 배터리로 불리는 전고체 배터리용 핵심 소재 개발을 완료하고 시장 선점에 나섰다. 솔루스첨단소재는 전고체 배터리의 핵심 부품인 차세대 집전체 개발을 마치고 본격적인 양산 준비에 들어갔다.,"글로벌 디스플레이 시장의 중심축이 LCD에서 OLED(유기발광다이오드)로 빠르게 이동하면서 25일 관련 테마주들이 주식시장에서 강력한 반등 모멘텀을 형성하고 있다. 애플이 아이패드에 이어 맥북 시리즈까지 OLED 탑재를 확대하기로 결정하면서, 국내 장비 및 소재 기업들의 실적 개선 기대감이 투심을 자극하는 현재 상황이다. 차량용 디스플레이 시장에서도 OLED 채택률이 가파르게 상승하며 새로운 먹거리로 급부상하고 있다.",1,250930|예선테크,https://www.pinpointnews.co.kr/news/articleView.html?idxno=439889
031330,같은 기간 영업이익은 1139억101만756원으로 673억7016만5204원 대비 69.1% 증가했다. 에스에이엠티의 2025년 연결 기준 매출액은 3조7565억9416만6603원으로 2024년 2조8894억7331만7092원 대비 30% 늘었다.,에스에이엠티의 2025년 연결 기준 매출액은 3조7565억9416만6603원으로 2024년 2조8894억7331만7092원 대비 30% 늘었다. 같은 기간 영업이익은 1139억101만756원으로 673억7016만5204원 대비 69.1% 증가했다. 당기순이익은 758억2930만7017원으로 2024년 543억6202만1237원보다 39.5% 늘었다.,2,031330|에스에이엠티,https://www.digitaltoday.co.kr/news/articleView.html?idxno=635738
031330,"핵심 경쟁력은 글로벌 반도체 제조사와의 긴밀한 네트워크와 다년간 축적된 유통 노하우다. 최근 에스에이엠티는 기존 범용 메모리 중심의 유통 구조에서 벗어나 CIS(이미지센서), 차량용 메모리, AI 반도체 등 고부가 제품군으로 마케팅 전략을 고도화하고 있다.",국내 반도체 유통 시장에서 오랜 업력을 쌓아온 에스에이엠티 주가가 초강세를 보이고 있다. 5일 한국거래소에 따르면 이날 오전 10시 2분 현재 5.79% 상승 4200원에 거래되고 있다. 주가는 박스권에서 벗어나 상승랠리에 박차를 가하고 있다.,1,031330|에스에이엠티,https://www.pinpointnews.co.kr/news/articleView.html?idxno=413818
031330,세부 실행 계획으로는 반도체·디스플레이·2차전지·IT 기기(Apple) 등 글로벌 최상위 제조사 제품 수급을 통해 제품군을 다각화하고 매출을 늘린다는 방침을 내놨다. 전전 사업연도 대비 직전 사업연도 이익배당금액 증가율은 15.00%로 나타났다.,이번 계획에서 에스에이엠티는 수익성 중심 경영체계 강화와 글로벌 네트워크 구축을 통해 지속적인 매출 성장을 추진하겠다고 밝혔다. 또 불확실성에 대비한 위기관리로 안정적인 재무건전성과 수익성을 유지하는 점을 목표로 제시했다. 세부 실행 계획으로는 반도체·디스플레이·2차전지·IT 기기(Apple) 등 글로벌 최상위 제조사 제품 수급을 통해 제품군을 다각화하고 매출을 늘린다는 방침을 내놨다.,2,031330|에스에이엠티,https://www.digitaltoday.co.kr/news/articleView.html?idxno=645643
031330,"■ 제테마 (216080) 제9회 CB 706,813주 전환청구권 행사 전환청구권 행사주식수 : 706,813주 (발행주식총수 대비 1.94%) 청구금액 : 5,000,000,000원 (전환가액 : 7,074원) 상장예정일 : 2026-03-17 신고일 현재 미전환사채 잔액 : 20,200,000,000원 ■ 라온피플 (300120) 제2회 CB 188억원 규모 만기전 사채 취득 사채 취득금액 : 19,411,518,441원","■ 제테마 (216080) 제9회 CB 706,813주 전환청구권 행사 전환청구권 행사주식수 : 706,813주 (발행주식총수 대비 1.94%) 청구금액 : 5,000,000,000원 (전환가액 : 7,074원) 상장예정일 : 2026-03-17 신고일 현재 미전환사채 잔액 : 20,200,000,000원 ■ 라온피플 (300120) 제2회 CB 188억원 규모 만기전 사채 취득 사채 취득금액 : 19,411,518,441원 (권면총액 : 18,800,000,000원) 취득사유 : 사채권자와의 별도 계약에 따른 만기전 사채취득 취득후 사채 잔액 : 7,200,000,",1,031330|에스에이엠티,https://www.kdpress.co.kr/news/articleView.html?idxno=203002
031330,"최근 실적(2024년 12월 연결 기준)에서 자산총계는 8330억원, 부채총계는 4024억원, 자본총계는 4306억원이었다. 같은 기간 매출액은 2조8895억원, 영업이익은 674억원, 당기순이익은 544억원을 기록했다.","에스에이엠티는 이번 배당의 시가배당율을 보통주식 6.1%로 제시했다. 배당금총액은 224억3536만5410원이며, 배당기준일은 2025년 12월 31일이다. 배당금 지급예정일자는 2026년 4월 15일로 잡았다.",2,031330|에스에이엠티,https://www.digitaltoday.co.kr/news/articleView.html?idxno=635645
032560,황금에스티가 철강 생산량을 유지하면서 설비 가동률을 90% 이상으로 끌어올렸다. 황금에스티는 사업보고서를 통해 지난해 철강 부문(주로 스테인리스 판재류 및 스테인리스 강건재) 생산량이 1만 786톤으로 생산능력 대비 설비 가동률이 92.85%에 달했다고 밝혔다.,"황금에스티가 철강 생산량을 유지하면서 설비 가동률을 90% 이상으로 끌어올렸다. 원재료 소재 매입가는 일부 하락하고 매출 규모가 늘면서 수익성이 확대됐다. 회사는 스테인리스 열연강판과 스테인리스 냉연강판, 고품질 STS 표면처리건축소재인 ‘TITAMAX(티타맥스)’ 등을 가공·판매하고 있다.",1,032560|황금에스티,http://www.snmnews.com/news/articleView.html?idxno=566978
032560,"스테인리스(STS) 가공센터 겸 건축용 STS 건축자재 전문사인 황금에스티가 오는 3월 31일 오전 9시에 경기도 안산공장(MTV) 2층 대회의실에서 제40기 정기 주주총회를 개최할 예정이다. 이번 황금에스티 정기 주총에서는 40기(2025년) 별도재무제표 및 연결재무제표 승인의 건과 정관 일부 변경의 건(사외이사 명칭 변경 등 상법 개정 내용 반영), 감사위원회위원이 되는 사외이사 2인의 선임 건, 이사보수 한도 승인의 건","스테인리스(STS) 가공센터 겸 건축용 STS 건축자재 전문사인 황금에스티가 오는 3월 31일 오전 9시에 경기도 안산공장(MTV) 2층 대회의실에서 제40기 정기 주주총회를 개최할 예정이다. 이번 황금에스티 정기 주총에서는 40기(2025년) 별도재무제표 및 연결재무제표 승인의 건과 정관 일부 변경의 건(사외이사 명칭 변경 등 상법 개정 내용 반영), 감사위원회위원이 되는 사외이사 2인의 선임 건, 이사보수 한도 승인의 건 등이 부의 안건으로 산정됐다. 감사위원회위원이 되는 신규 사외이사로는 한양대 경상대학 경영학부 김성민 교수와 법무법인 화우의 정한근 고문 등이",1,032560|황금에스티,http://www.snmnews.com/news/articleView.html?idxno=565940
032560,국내 스테인리스(STS) 시장은 글로벌 공급과잉 속에서 단가 경쟁이 심화되면서 극한의 도전에 직면해 있다. 본지는 김 부사장과의 인터뷰를 통해 황금에스티의 미래 성장 로드맵과 K-건자재 브랜드 '티타맥스'의 글로벌 경쟁력을 입체적으로 조명했다.,국내 스테인리스(STS) 시장은 글로벌 공급과잉 속에서 단가 경쟁이 심화되면서 극한의 도전에 직면해 있다. 전통 강자인 황금에스티는 IT 혁신과 데이터 사이언스를 결합한 지능형 서비스센터로의 진화를 추진하고 있다. 특히 김경진 부사장의 리더십 아래 출범한 CX(고객 경험)팀은 철강 산업의 고질적인 비효율을 디지털로 해결하겠다는 강력한 의지를 드러내고 있다. 본지는 김 부사장과의 인터뷰를 통해 황금에스티의 미래 성장 로드맵과 K-건자재 브랜드 '티타맥스'의 글로벌 경쟁력을 입체적으로 조명했다. [편집자주]황금에스티는 조직·설비·시스템,1,032560|황금에스티,http://www.ferrotimes.com/news/articleView.html?idxno=46434
032560,"우주항공, 반도체, 이차전지 등 미래 산업에 필수적인 특수 금속과 고순도 합금을 생산하는 기업들을 중심으로 투자심리가 급격히 개선되며 업종 지수는 4.53% 상승했다. 에이치브이엠은 최첨단 진공용해 설비를 자체 제작할 수 있는 역량을 바탕으로 고순도금속과 스퍼터링 타겟, 특수금속 등을 생산한다.","국내 비철금속 업종이 8일 첨단 산업 소재의 국산화 수요와 경영권 분쟁에 따른 지분 경쟁 모멘텀이 맞물리며 강력한 상승세를 보이고 있다. 우주항공, 반도체, 이차전지 등 미래 산업에 필수적인 특수 금속과 고순도 합금을 생산하는 기업들을 중심으로 투자심리가 급격히 개선되며 업종 지수는 4.53% 상승했다. 가장 뜨거운 감자는 세계 최대 아연 제련 기업인 고려아연이다.",1,032560|황금에스티,https://www.pinpointnews.co.kr/news/articleView.html?idxno=443736
032560,"분리막 소재의 강자 대한유화와 원통형 배터리 캔을 생산하는 신흥에스이씨 역시 각각 11.09%, 10.82% 상승하며 테마의 상승 열기를 더하고 있다. 롯데에너지머티리얼즈가 독보적인 일렉포일 기술력을 바탕으로 2차전지와 인공지능(AI) 산업의 핵심 소재 공급망을 주도하고 있다.","전기차 수요 정체기인 '캐즘' 우려로 숨을 죽였던 2차전지 테마가 6일 다시금 뜨겁게 달아오르고 있다. 글로벌 완성차 업체들의 전기차 출시 계획이 구체화되고, 리튬 등 주요 원자재 가격이 하향 안정화되면서 수익성 개선에 대한 기대감이 투자심리를 자극하는 모습이다. 차세대 배터리 규격 확대와 북미 시장 선점 경쟁이 치열해지며 관련 공급망에 속한 기업들에 강력한 매수세가 유입 중이다.",1,032560|황금에스티,https://www.pinpointnews.co.kr/news/articleView.html?idxno=443061
030720,"이 외 주요 내용으로, 왕기철은 DW NEW ZEALAND LTD.와 주식담보계약을 2020년 1월 29일 체결했으며 대상 주식등의 수는 32만6041주다. 주요 내역을 보면, 보고자 왕기철은 32만6047주, 7.01%, 특별관계자 WANG JR KI YONG은 22만500주, 4.74%, 왕인상은 20만2000주, 4.34%를 보유 중이다.","주요 내역을 보면, 보고자 왕기철은 32만6047주, 7.01%, 특별관계자 WANG JR KI YONG은 22만500주, 4.74%, 왕인상은 20만2000주, 4.34%를 보유 중이다. 이 외 주요 내용으로, 왕기철은 DW NEW ZEALAND LTD.와 주식담보계약을 2020년 1월 29일 체결했으며 대상 주식등의 수는 32만6041주다. WANG JR KI YONG은 케이비증권과 주식담보계약을 2023년 7월 14일 체결했다.",1,030720|동원수산,https://www.digitaltoday.co.kr/news/articleView.html?idxno=652484
030720,같은 기간 매출액은 1725억9222만4000원으로 전년(1836억5039만9000원) 대비 6% 감소했다. 당기순이익은 81억8224만8000원으로 전년(52억829만4000원) 대비 57.1% 늘었다.,같은 기간 매출액은 1725억9222만4000원으로 전년(1836억5039만9000원) 대비 6% 감소했다. 당기순이익은 81억8224만8000원으로 전년(52억829만4000원) 대비 57.1% 늘었다. 회사는 실적 변동의 주요 원인으로 횟감용 참치 판매가격 상승을 제시했다.,1,030720|동원수산,https://www.digitaltoday.co.kr/news/articleView.html?idxno=627397
030720,"축산 및 방역 전문가들은 ""구제역이나 광우병 발생 시 이동 통제 조치로 인해 일시적으로 사료 비축 수요가 발생할 수 있다""고 말했다. 통상 가축 전염병이 발생하면 이동 제한에 따른 사료 사재기 수요와 소·돼지 고기의 대체재인 닭고기 수요가 늘어난다는 학습 효과가 반영되며 사료 및 육계 종목을 중심으로 선별적인 매수세가 유입되는 양상이다.",환절기를 맞아 가축 전염병 발생 가능성에 대한 경계감이 커지면서 주식시장에서 구제역 광우병 수혜 테마주들이 30일 요동치고 있다. 통상 가축 전염병이 발생하면 이동 제한에 따른 사료 사재기 수요와 소·돼지 고기의 대체재인 닭고기 수요가 늘어난다는 학습 효과가 반영되며 사료 및 육계 종목을 중심으로 선별적인 매수세가 유입되는 양상이다. 한국거래소에 따르면 이날 가장 탄력적인 움직임을 보이는 종목은 사료 전문 기업인 한일사료다.,1,030720|동원수산,https://www.pinpointnews.co.kr/news/articleView.html?idxno=441181
030720,"사조씨푸드 역시 450원(6.19%) 오른 7,720원에 거래되며 동반 상승세를 나타내고 있다.동원 계열도 상승 흐름에 동참했다. [CBC뉴스] 국내 수산 관련 종목들이 금일 장중 전반적으로 강세를 보이며 상승 흐름을 이어가고 있다.","[CBC뉴스] 국내 수산 관련 종목들이 금일 장중 전반적으로 강세를 보이며 상승 흐름을 이어가고 있다. 특히 사조 및 동원 계열 종목들이 일제히 오르며 업종 전반의 투자심리를 자극하는 모습이다.사조산업은 20일 오후 현재 전 거래일 대비 6,100원(11.98%) 급등한 57,000원에 거래 중이다. 장중 두 자릿수 상승률을 기록하며 강한 탄력을 보이고 있다. 사조씨푸드 역시 450원(6.19%) 오른 7,720원에 거래되며 동반 상승세를 나타내고 있다.동원 계열도 상승 흐름에 동참했다. 동원산업은 1,700원(4.35%) 상승한",1,030720|동원수산,https://www.cbci.co.kr/news/articleView.html?idxno=562209
032190,이번 공시는 양일홍 감사의 신규 선임에 따른 주식 보유 상황을 보고한 것이다. 다우데이타는 1999년 12월 21일 코스닥 시장에 상장된 기업용 IT소프트웨어 공급 업체다.,"이번 공시는 양일홍 감사의 신규 선임에 따른 주식 보유 상황을 보고한 것이다. 양일홍 감사의 보유 주식은 기존 주식으로, 이번에 처음 보고됐다. 다우데이타는 1999년 12월 21일 코스닥 시장에 상장된 기업용 IT소프트웨어 공급 업체다. 임원ㆍ주요주주특정증권등소유상황보고서 ※ 교환대상이 주식인 교환사채권 및 기초자산이 주식인 증권예탁증권, 파생결합증권 등에 한하여 분모에서 제외하고 소유비율을 산정",1,032190|다우데이타,https://www.digitaltoday.co.kr/news/articleView.html?idxno=650066
032190,"이번 공시에서는 특별관계자 양일홍의 지분이 1만3500주, 0.04%포인트 증가한 것으로 기재됐다. 이 외 주요 내용으로 김동준은 한국증권금융과 담보계약을 2025년 11월 14일 체결했으며 대상 주식등의 수는 126만주다.","김익래와 특별관계자 7인의 3월 30일 기준 다우데이타 보유 주식등의 수는 2424만1287주, 보유 비율은 63.29%로 보고됐다. 주요 내역을 보면, 보고자 김익래는 881만960주, 23.01%, 특별관계자 김형주는 3만388주, 0.08%, 김동준은 250만주, 6.53%를 보유 중이다. 이번 공시에서는 특별관계자 양일홍의 지분이 1만3500주, 0.04%포인트 증가한 것으로 기재됐다.",1,032190|다우데이타,https://www.digitaltoday.co.kr/news/articleView.html?idxno=649954
032190,"양일홍의 지분은 2만2500주, 0.05%포인트 증가로 나타났다. 이 외 주요 내용으로 다우데이타는 우리은행과 담보계약을 3월 12일 체결했으며 대상 주식등의 수는 100만주다.","다우데이타와 특별관계자 8인의 3월 30일 기준 다우기술 보유 주식등의 수는 2121만7670주, 보유 비율은 47.29%로 보고됐다. 주요 내역을 보면, 보고자 다우데이타는 2027만8000주, 45.2%를 보유 중이다. 특별관계자 김익래는 50만2170주, 1.12%를 보유하고 있다.",1,032190|다우데이타,https://www.digitaltoday.co.kr/news/articleView.html?idxno=649921
032190,이 외 주요 내용으로 다우데이타는 우리은행과 담보계약을 3월 12일 체결했으며 대상 주식등의 수는 100만주다. NH농협은행과의 담보계약은 2025년 7월 1일 체결됐으며 대상 주식등의 수는 200만주다.,"다우데이타는 특별관계자 8인과 보유한 주식등의 수를 2121만5170주로 유지하고 있다. 보유 비율은 47.28%로 보고됐다. 주요 내역을 보면, 보고자 다우데이타는 2027만8000주, 45.2%, 특별관계자 김익래는 50만2170주, 1.12%, 김형주는 4만주, 0.09%를 보유 중이다.",1,032190|다우데이타,https://www.digitaltoday.co.kr/news/articleView.html?idxno=642110
032190,"이 외 주요 내용으로, 김동준은 한국증권금융과 담보계약을 2025년 11월 14일 체결했으며 대상 주식등의 수는 126만주다. 또한, 이머니는 한국산업은행과 담보계약을 2025년 5월 22일 체결했다.","주요 내역을 보면, 보고자 김익래는 881만960주, 23.01%를 보유 중이다. 특별관계자 김형주는 3만388주, 0.08%, 김동준은 250만주, 6.53%를 보유 중이다. 이 외 주요 내용으로, 김동준은 한국증권금융과 담보계약을 2025년 11월 14일 체결했으며 대상 주식등의 수는 126만주다.",1,032190|다우데이타,https://www.digitaltoday.co.kr/news/articleView.html?idxno=636367
043610,"이번 공시에 따르면, 서인욱 대표이사는 직전 보고일인 2025년 4월 7일에 비해 주식 1만주를 추가 매수했다. 세부 변동 내역에 따르면, 서인욱 대표이사는 2026년 4월 1일 장내에서 보통주 1만주를 매수했으며, 취득 단가는 1692원이었다.","이번 공시에 따르면, 서인욱 대표이사는 직전 보고일인 2025년 4월 7일에 비해 주식 1만주를 추가 매수했다. 이에 따라 그의 지분율은 0.04%에서 0.06%로 증가했다. 세부 변동 내역에 따르면, 서인욱 대표이사는 2026년 4월 1일 장내에서 보통주 1만주를 매수했으며, 취득 단가는 1692원이었다.",1,043610|KT지니뮤직,https://www.digitaltoday.co.kr/news/articleView.html?idxno=653797
043610,KT지니뮤직 관계자는 “서 대표의 자사주 매입은 기업가치에 대한 확신과 책임경영 실천 의지를 보여준 것”이며 “대표의 의지에 따라 당사는 ‘26년 핵심사업 강화’와 ‘경영실적 향상’을 통한 수익성 강화를 이끌어 주주가치 제고에 집중할 것”이라고 전했다. 서인욱 KT지니뮤직 대표이사. <출처=KT지니뮤직> KT지니뮤직은 서인욱 대표이사가 지난 30일 자사주 1만주를 장내매수 했다고 6일 밝혔다.,서인욱 KT지니뮤직 대표이사는 자사주 장내매수로 책임경영 강화와 기업가치 제고에 대한 의지를 표명했다. 서인욱 KT지니뮤직 대표이사. <출처=KT지니뮤직> KT지니뮤직은 서인욱 대표이사가 지난 30일 자사주 1만주를 장내매수 했다고 6일 밝혔다. 이번 매입으로 서대표의 보유주식은 기존 보유분 2만5000주에서 총 3만5000주로 늘었다.,2,043610|KT지니뮤직,https://www.ceoscoredaily.com/page/view/2026040617081979278
043610,KT지니뮤직 관계자는 “서 대표의 자사주 매입은 기업가치에 대한 확신과 책임경영 실천 의지를 보여준 것”이며 “대표의 의지에 따라 당사는 2026년 핵심사업 강화와 경영실적 향상을 통한 수익성 강화를 이끌어 주주가치 제고에 집중할 것”이라고 말했다. KT지니뮤직은 서인욱 대표이사가 지난 3월 30일 자사주 1만주를 장내 매수했다고 6일 밝혔다.,KT지니뮤직은 서인욱 대표이사가 지난 3월 30일 자사주 1만주를 장내 매수했다고 6일 밝혔다. 이번 매입으로 서 대표의 보유 주식은 기존 2만5000주에서 총 3만5000주로 늘었다. 이번 자사주 매입은 책임경영 강화와 기업가치 제고 의지를 보여주는 행보로 풀이된다.,2,043610|KT지니뮤직,https://www.womentimes.co.kr/news/articleView.html?idxno=101928
043610,"KT지니뮤직은 서 대표가 지난 30일 자사주 1만주를 추가 매입함에 따라 총 보유 주식이 기존 2만5000주에서 3만5000주로 늘어났다고 6일 밝혔다. 지난해 연결 기준 매출 3029억원, 영업이익 162억원을 기록하며 사업 포트폴리오 다변화의 성과를 보여줬다.",서인욱 KT지니뮤직 대표이사가 자사주를 추가로 장내 매수하며 책임 경영을 향한 행보에 속도를 내고 있다. KT지니뮤직은 서 대표가 지난 30일 자사주 1만주를 추가 매입함에 따라 총 보유 주식이 기존 2만5000주에서 3만5000주로 늘어났다고 6일 밝혔다. 이번 매입은 책임경영 실천과 기업가치 제고를 향한 강력한 메시지로 해석된다.,1,043610|KT지니뮤직,http://www.ftoday.co.kr/news/articleView.html?idxno=357369
043610,"성열휘 기자 | KT지니뮤직 서인욱 대표가 자사주 매입을 통해 보유 지분을 확대했다. 회사에 따르면 서 대표는 지난달 30일 장내 매수를 통해 1만주를 추가 취득했으며, 이에 따라 총 보유 주식은 3만5000주로 늘었다....","성열휘 기자 | KT지니뮤직 서인욱 대표가 자사주 매입을 통해 보유 지분을 확대했다. 회사에 따르면 서 대표는 지난달 30일 장내 매수를 통해 1만주를 추가 취득했으며, 이에 따라 총 보유 주식은 3만5000주로 늘었다....",2,043610|KT지니뮤직,http://digitalchosun.dizzo.com/site/data/html_dir/2026/04/06/2026040680127.html
166090,하나머티리얼즈는 2017년 4월 28일 코스닥 시장에 상장된 반도체 제조업체다. 이 외 주요 내용으로 하나마이크론은 NH투자증권과 주식담보계약을 2025년 11월 17일 체결했으며 대상 주식등의 수는 11만1332주다.,"주요 내역을 보면, 보고자 하나마이크론은 642만8508주, 32.18%를 보유 중이다. 특별관계자 최한수는 230만주, 11.51%를 보유 중이다. 최왕기는 3만3700주, 0.17%를 보유 중이다.",1,166090|하나머티리얼즈,https://www.digitaltoday.co.kr/news/articleView.html?idxno=652588
166090,"하나머티리얼즈는 2017년 4월 28일 코스닥 시장에 상장된 반도체 제조업체다. 종목 시세 정보에 따르면 하나머티리얼즈의 주가는 4월 1일 14시 10분 기준 6만5200원이며, 전일 대비 4300원(7.06%) 상승했다.","주요 내역을 보면, 특별관계자 국민연금기금은 120만9334주, 6.11%를 보유 중이다. 이번 주식 변동은 장내 매수/매도에 따른 단순 추가 취득/처분으로 이루어졌다. 종목 시세 정보에 따르면 하나머티리얼즈의 주가는 4월 1일 14시 10분 기준 6만5200원이며, 전일 대비 4300원(7.06%) 상승했다.",1,166090|하나머티리얼즈,https://www.digitaltoday.co.kr/news/articleView.html?idxno=652115
166090,"해당 계약에서 담보로 제공된 주식 수는 보통주 239만8801주이며, 담보설정금액은 400억원, 담보권 종류는 약식질로 기재됐다. 정정 대상은 대신증권을 채권자(담보권자)로 하는 순번3 계약이다.","정정 대상은 대신증권을 채권자(담보권자)로 하는 순번3 계약이다. 계약체결일은 2025년9월30일에서 2026년3월30일로 변경됐고, 담보 제공 종료일은 2026년3월30일에서 2026년9월29일로 바뀌었다. 회사 측은 해당 계약에 대한 담보 제공 주식 수에는 변동이 없다고 전했다.",1,166090|하나머티리얼즈,https://www.digitaltoday.co.kr/news/articleView.html?idxno=649843
166090,"DB증권은 30일 메모리 반도체 업황 호조가 이어지고 있다며 하나머티리얼즈의 올해 실적이 성장할 것으로 전망했다. 이어 ""메모리 업황 호조에 따른 생산 설비 확충과 가동률 상승이 계속되는 가운데 지난해 4분기에 이어 장비 고객사들이 부품 재고를 선제적으로 쌓으면서 전 분기보다 매출이 늘어날 것""이라면서도 ""일회성 비용이 발생해 수익성은 전 분기보다 소폭 하락할 것으로 보인다""고 했다.","DB증권은 30일 메모리 반도체 업황 호조가 이어지고 있다며 하나머티리얼즈의 올해 실적이 성장할 것으로 전망했다. 기업에 대한 목표주가는 5만4000원에서 8만4000원으로 상향했으며 투자의견은 매수로 유지했다. 서승연 DB증권 연구원은 ""올해 1분기 매출액은 847억원, 영업이익은 184억원으로 시장 기대치에 부합할 것""이라고 말했다.",1,166090|하나머티리얼즈,http://www.newsdream.kr/news/articleView.html?idxno=110546
166090,"[중앙이코노미뉴스 김영진] 2일 KRX 마감 기준, 네이버페이 증권에 따르면 하나머티리얼즈는 지난 종가 64,700원 대비 5,500원 하락한 59,200원에 거래를 마감하며 8.50%의 하락률을 기록했다. 동일업종 등락률이 6.35% 하락한 것과 비교할 때, 하나머티리얼즈는 8.50% 하락하며 업종 평균보다 큰 폭의 하락세를 나타냈다.","[중앙이코노미뉴스 김영진] 2일 KRX 마감 기준, 네이버페이 증권에 따르면 하나머티리얼즈는 지난 종가 64,700원 대비 5,500원 하락한 59,200원에 거래를 마감하며 8.50%의 하락률을 기록했다. 거래 시작 가격은 64,700원이었으며, 주가는 58,000원부터 65,800원 사이의 가격 변동 폭을 형성했다. 총 거래량은 238,606주로 집계되었고, 거래대금은 144억 6,200만 원을 기록했다.",1,166090|하나머티리얼즈,https://www.joongangenews.com/news/articleView.html?idxno=508414
217190,"인도에 반도체 패키지 생산 공장을 짓는 빅3 현지 기업을 고객사로 유치한 것으로 전해졌다. 6일 디일렉 취재를 종합하면 제너셈은 인도 현지 T사, C사, K사에 반도체 후공정 장비를 공급했거나 발주를 받고 생산 중인 것으로 전해졌다.",반도체 패키지 장비 전문업체 제너셈의 인도 시장 공략 성과가 가시화되고 있다. 인도에 반도체 패키지 생산 공장을 짓는 빅3 현지 기업을 고객사로 유치한 것으로 전해졌다. 중국을 대체할 새 시장으로 인도가 부상하는 가운데 한국 패키지 장비 업체 중 제너셈이 가장 빠르게 움직였다는 평가가 나온다.,1,217190|제너셈,https://www.thelec.kr/news/articleView.html?idxno=54702
217190,"이후 3월 9일 기준으로 주식 수는 5만주로 증가했으며, 지분율은 0.38%로 상승했다. 이로 인해 총 2만4100주가 증가했다.","3월 9일 공시에 따르면, 신성 대표이사는 2026년 1월 16일 기준 2만5900주(0.2%)를 보유하고 있었다. 이후 3월 9일 기준으로 주식 수는 5만주로 증가했으며, 지분율은 0.38%로 상승했다. 세부 변동 내역에 따르면, 신성 대표이사는 3월 4일 장내 매수를 통해 2만2848주를 추가로 매수했고, 3월 5일에는 1252주를 매수했다.",1,217190|제너셈,https://www.digitaltoday.co.kr/news/articleView.html?idxno=638609
217190,"이번 매수로 안영민 부사장의 제너셈 보유 주식 수는 총 2만2000주가 되었으며, 이는 전체 발행 주식 대비 0.17%의 지분율을 차지한다. 최근 실적에 따르면, 제너셈은 2024년 12월 결산 기준으로 자산총계 864억원, 부채총계 365억원, 자본총계 499억원을 기록했다.","이번 매수로 안영민 부사장의 제너셈 보유 주식 수는 총 2만2000주가 되었으며, 이는 전체 발행 주식 대비 0.17%의 지분율을 차지한다. 매수는 2026년 2월 27일에 이루어졌으며, 주당 매수가는 6220원이었다. 2026년 3월 4일 한국거래소 기준 제너셈의 주가는 전일 대비 13.57% 하락한 5030원으로 장을 마감했다.",1,217190|제너셈,https://www.digitaltoday.co.kr/news/articleView.html?idxno=636998
217190,"전년(2024년 1월 1일부터 2024년 12월 31일까지) 매출액 687억3808만6291원, 영업이익 65억4144만1909원과 비교해 각각 17.43%, 84.27% 줄었다. 전년 당기순이익 61억2085만6735원 대비 84.03% 감소했다.","제너셈은 2025년 1월 1일부터 2025년 12월 31일까지 연결 기준 매출액 567억5724만4825원, 영업이익 10억2926만4332원을 기록했다. 전년(2024년 1월 1일부터 2024년 12월 31일까지) 매출액 687억3808만6291원, 영업이익 65억4144만1909원과 비교해 각각 17.43%, 84.27% 줄었다. 2025년 연결 기준 당기순이익은 9억7722만1486원으로 집계됐다.",0,217190|제너셈,https://www.digitaltoday.co.kr/news/articleView.html?idxno=630753
217190,"정정 내용에는 제1호의안 찬성률이 의결권 있는 발행주식총수 기준 53.3%에서 52.9%로 조정된 사항이 포함됐다. 제2호의안은 같은 기준 찬성률이 50.8%에서 50.4%로 바뀌었고, 의결권 행사 주식수 기준 찬성률도 94.4%에서 94.3%로 소폭 변경됐다.","정정 내용에는 제1호의안 찬성률이 의결권 있는 발행주식총수 기준 53.3%에서 52.9%로 조정된 사항이 포함됐다. 제2호의안은 같은 기준 찬성률이 50.8%에서 50.4%로 바뀌었고, 의결권 행사 주식수 기준 찬성률도 94.4%에서 94.3%로 소폭 변경됐다. 안건별 의결 결과를 보면 제1호의안인 제26기 재무제표 및 이익잉여금처분계산서 승인 건은 가결됐으며, 현금배당은 보통주 1주당 50원으로 제시됐다.",1,217190|제너셈,https://www.digitaltoday.co.kr/news/articleView.html?idxno=651718
106520,거래소는 관련 소송 결과가 결정되는 대로 후속 절차를 진행할 예정이다. 기타시장안내(회생절차폐지결정관련시장조치미진행),다만 거래소는 노블엠앤비가 2025년 9월 19일 기업심사위원회 심의·의결로 상장폐지 결정을 받은 이력이 있다고 설명했다. 이후 노블엠앤비가 2025년 9월 22일 상장폐지결정 효력정지 가처분을 신청하면서 정리매매 등 상장폐지 절차는 보류된 상태라고 덧붙였다. 거래소는 관련 소송 결과가 결정되는 대로 후속 절차를 진행할 예정이다.,0,106520|노블엠앤비,https://www.digitaltoday.co.kr/news/articleView.html?idxno=654563
106520,6일 업계에 따르면 노블엠앤비는 매각 방식을 수의계약으로 변경한 것으로 파악된다. 이후에도 공개매각 방식을 고수할 수 있었지만 주관사인 삼일회계법인 측 제안을 받아들여 수의계약으로 선회했다.,6일 업계에 따르면 노블엠앤비는 매각 방식을 수의계약으로 변경한 것으로 파악된다. 당초 노블엠앤비는 공개매각을 통해 새 주인을 물색할 계획이었다. 그러나 인수자가 나타나지 않으면서 매각 계획은 결국 무산됐다.,1,106520|노블엠앤비,https://dealsite.co.kr/articles/157948
106520,"상장폐지 예정일은 오는 10월 2일이었으나, 노블엠앤비의 가처분 신청으로 일단 관련 절차는 중단됐다. 노블엠앤비는 이날 서울남부지방법원에 상장폐지결정 효력정지 가처분 신청을 접수했다.",23일 금융감독원 전자공시시스템에 따르면 회사는 한국거래소를 상대로 법적 대응에 나섰다고 지난 22일 공시를 통해 밝혔다. 노블엠앤비는 이날 서울남부지방법원에 상장폐지결정 효력정지 가처분 신청을 접수했다. 신청 취지는 △상장폐지결정의 효력을 본안판결 확정시까지 정지 △정리매매절차 진행 금지 등이다.,0,106520|노블엠앤비,https://www.digitaltoday.co.kr/news/articleView.html?idxno=593439
106520,노블엠앤비(106520) 보통주가 상장폐지 사유 발생에 따라 주권매매거래 정지 해제 및 정리매매 절차에 들어간다고 한국거래소에 따르면 2025년 9월 23일부터 정리매매가 개시될 예정이다. 회사 측에 따르면 상장폐지...,노블엠앤비(106520) 보통주가 상장폐지 사유 발생에 따라 주권매매거래 정지 해제 및 정리매매 절차에 들어간다고 한국거래소에 따르면 2025년 9월 23일부터 정리매매가 개시될 예정이다. 회사 측에 따르면 상장폐지...,0,106520|노블엠앤비,https://www.topstarnews.net/news/articleView.html?idxno=15812026
106520,한국거래소에 따르면 노블엠앤비(106520)가 상장폐지 결정에 따라 주권 매매거래 정지에서 해제된다고... 이에 따라 노블엠앤비의 정리매매기간은 2025년 9월 23일부터 2025년 10월 1일까지로 7매매일간 진행되며...,한국거래소에 따르면 노블엠앤비(106520)가 상장폐지 결정에 따라 주권 매매거래 정지에서 해제된다고... 이에 따라 노블엠앤비의 정리매매기간은 2025년 9월 23일부터 2025년 10월 1일까지로 7매매일간 진행되며...,0,106520|노블엠앤비,https://www.topstarnews.net/news/articleView.html?idxno=15812027
018310,"종합 강관 및 거푸집 제조사인 금강공업은 5570원에 거래되며 하락세를 보이고 있고, 욕실용품 및 수전 전문 기업 대림통상 역시 전일보다 낮은 가격에 거래 중이다. 업계 전문가들은 ""건축제품 업종은 국내 건설 수주 실적과 밀접하게 연동되는 만큼, 정부의 부동산 규제 완화 효과가 현장에 직접 전달되기까지는 시간이 걸릴 것""이라며 ""단기적인 반등보다는 기업별 수주 잔고와 해외 시장 진출 여부를 꼼꼼히 따져보고 선별적으로 대응해야",건축제품 업종은 27일 전일 대비 0.13% 하락하고 있다. 고금리 기조 유지와 원자재 가격 상승으로 인한 건설 현장의 착공 지연이 관련 제품 수요 감소로 이어지면서 업종 전반에 하방 압력을 가하고 있다. 다만 일부 특화 제품을 생산하는 기업들을 중심으로 개별 호재에 따른 저가 매수세가 유입되며 낙폭을 방어하는 모습이다.,1,018310|삼목에스폼,https://www.pinpointnews.co.kr/news/articleView.html?idxno=432836
018310,매출액은 3169억8574만원으로 전년 4019억93만원 대비 21.13% 감소했다. 회사는 사업부문 별 매출 감소와 수주 단가 하락을 손익 구조 변동의 주요 원인으로 제시했다.,"매출액은 3169억8574만원으로 전년 4019억93만원 대비 21.13% 감소했다. 회사는 사업부문 별 매출 감소와 수주 단가 하락을 손익 구조 변동의 주요 원인으로 제시했다. 재무현황은 2025년 1월 1일부터 2025년 12월 31일까지 연결 기준으로 자산총계 7666억6192만원, 부채총계 1132억347만원, 자본총계 6534억5844만원을 기록했다.",1,018310|삼목에스폼,https://www.digitaltoday.co.kr/news/articleView.html?idxno=633911
018310,"현행 '증권의 발행 및 공시 등에 관한 규정'에 따르면 상장사는 자사주 신탁계약 해지 결과보고서를 제출한 뒤 30일이 지나야 자사주를 처분할 수 있다. 최근 정부는 '코리아 디스카운트' 해소와 관련해 기업의 거버넌스 개혁, 주주환원 확대 등을 강조하고 있어 실제로 진정서가 대통령실에 들어갈 경우 파급력은 상당할 것으로 전망된다.","주주들은 삼목에스폼이 관련 규정인 '냉각기간'까지 위반하며 자사주를 대주주 일가 소유의 회사에 헐값으로 넘겼다고 주장하고 있다. 주주 행동 플랫폼 '액트(ACT)'를 통해 결집한 주주들은 경영진의 배임 혐의를 끝까지 묻겠다며 전면전을 선포했다. 15일 금융투자업계에 따르면 삼목에스폼 소액주주연대는 최근 '액트'를 통해 5% 넘는 지분을 결집, 경영진의 배임 혐의와 불공정 거래를 고발하는 대통령실 진정서 제출을 위한 전자서명에 돌입했다.",0,018310|삼목에스폼,https://news.dealsitetv.com/articles/164056
018310,"주주연대는 삼목에스폼이 2025년 9월 4일 자사주 신탁계약 해지 결과보고서를 제출한 뒤, 19일 만인 9월 23일 이사회를 열어 처분을 의결했다고 전했다. 같은 달 29일 오전 10시 개최 예정이던 주주총회와 관련해, 총회 소집절차나 결의방법의 적법성을 조사할 검사인을 지정해 달라는 취지였다.","◆ 금감원 진정으로 번진 자사주 처분…주주연대 ""배임·공시규정 위반"" 14일 삼목에스폼 소액주주연대와 소액주주 플랫폼 액트(ACT)에 따르면 양측은 전날인 13일 금융감독원에 진정서를 제출하고 삼목에스폼 경영진에 대한 특별감리를 촉구했다. 주주연대는 발행·공시 규정 위반과 배임 혐의를 거론하며 ""자사주 소각 의무화 논의가 본격화되기 전에 알짜 자산을 대주주 개인회사로 옮기려 했다""고 주장했다. 주주연대가 이야기하는 핵심 쟁점은 자사주 신탁계약 해지 이후 처분까지 걸린 시간이다.",0,018310|삼목에스폼,https://news.tf.co.kr/read/economy/2282116.htm
078160,"ⓒ메디포스트 메디포스트(대표 오원일)는 19일, 해외 대규모 후기 임상 진행에 따른 비용 증가로 2025년 연결 기준 매출액 736억원, 영업손실 679억원을 기록했다고 공시했다. 반면 별도 재무제표 기준으로는 국내 사업의...","ⓒ메디포스트 메디포스트(대표 오원일)는 19일, 해외 대규모 후기 임상 진행에 따른 비용 증가로 2025년 연결 기준 매출액 736억원, 영업손실 679억원을 기록했다고 공시했다. 반면 별도 재무제표 기준으로는 국내 사업의...",0,078160|메디포스트,http://www.thefirstmedia.net/news/articleView.html?idxno=195938
078160,"메디포스트CI 메디포스트는지난해 연결기준으로 매출 736억원, 영업손실 679억원을 기록했다고 19일 공시했다. 이번 연결 기준 실적에는 미국과 일본 시장 진출을 위한 대규모 임상 비용이 반영됐다. 일본 임상 3상...","메디포스트CI 메디포스트는지난해 연결기준으로 매출 736억원, 영업손실 679억원을 기록했다고 19일 공시했다. 이번 연결 기준 실적에는 미국과 일본 시장 진출을 위한 대규모 임상 비용이 반영됐다. 일본 임상 3상...",0,078160|메디포스트,http://www.biztribune.co.kr/news/articleView.html?idxno=350834
078160,전문과별 맞춤기사 가정의학과 결핵과 내과 마취통증의학과 방사선종양학과 병리과 비뇨의학과 산부인과 성형외과 소아청소년과 신경과 신경외과 안과 영상의학과 예방의학과 외과 응급의학과 이비인후과 일반의 재활의학과 정신건강의학과 정형외과 직업환경의학과 진단검사의학과 피부과 핵의학과 흉부외과 근무형태별 맞춤기사 개원의 공보의 교직 수련의 봉직 전임의 기타 전문과별 맞춤기사 가정의학과 결핵과 내과 마취통증의학과 방사선종양학과 병리과 비뇨의,전문과별 맞춤기사 가정의학과 결핵과 내과 마취통증의학과 방사선종양학과 병리과 비뇨의학과 산부인과 성형외과 소아청소년과 신경과 신경외과 안과 영상의학과 예방의학과 외과 응급의학과 이비인후과 일반의 재활의학과 정신건강의학과 정형외과 직업환경의학과 진단검사의학과 피부과 핵의학과 흉부외과 근무형태별 맞춤기사 개원의 공보의 교직 수련의 봉직 전임의 기타 전문과별 맞춤기사 가정의학과 결핵과 내과 마취통증의학과 방사선종양학과 병리과 비뇨의학과 산부인과 성형외과 소아청소년과 신경과 신경외과 안과 영상의학과 예방의학과 외과 응급의학과 이비인후과 일반의 재활의학과 정신건강의학과 정형외,1,078160|메디포스트,https://www.medigatenews.com/news/1982758194
078160,"[프레스나인] 메디포스트(대표 오원일)는 19일, 해외 대규모 후기 임상 진행에 따른 비용 증가로 2025년 연결 기준 매출액 736억원, 영업손실 679억원을 기록했다고 공시했다. 반면 별도 재무제표 기준으로는 국내 사업의 견조한 성장세에 힘입어 매출액 768억원, 영업이익 16억원을 달성하며 안정적인 흑자 기조를 유지했다.","[프레스나인] 메디포스트(대표 오원일)는 19일, 해외 대규모 후기 임상 진행에 따른 비용 증가로 2025년 연결 기준 매출액 736억원, 영업손실 679억원을 기록했다고 공시했다. 반면 별도 재무제표 기준으로는 국내 사업의 견조한 성장세에 힘입어 매출액 768억원, 영업이익 16억원을 달성하며 안정적인 흑자 기조를 유지했다. 이번 연결 기준 실적에는 미국과 일본 시장 진출을 위한 대규모 임상 비용이 반영됐다.",0,078160|메디포스트,http://www.press9.kr/news/articleView.html?idxno=73786
051370,인터플렉스(051370)가 투자주의종목으로 지정됐다. 한국거래소에 따르면 인터플렉스는 2026년 3월 13일(1일간) 특정계좌(군) 매매관여 과다로 인해 투자주의종목으로 지정됐다고 밝혔다. 거래소는 이번 지정의 요건에 대해...,인터플렉스(051370)가 투자주의종목으로 지정됐다. 한국거래소에 따르면 인터플렉스는 2026년 3월 13일(1일간) 특정계좌(군) 매매관여 과다로 인해 투자주의종목으로 지정됐다고 밝혔다. 거래소는 이번 지정의 요건에 대해...,0,051370|인터플렉스,https://www.topstarnews.net/news/articleView.html?idxno=16002258
051370,인터플렉스(051370)가 소수계좌의 매수 관여율 상승으로 인해 투자주의종목으로 지정됐다. 한국거래소에 따르면 해당 종목은 2026년 3월 13일(1일간) 소수계좌 거래집중 종목으로 지정됐다. 인터플렉스는 최근 3일간...,인터플렉스(051370)가 소수계좌의 매수 관여율 상승으로 인해 투자주의종목으로 지정됐다. 한국거래소에 따르면 해당 종목은 2026년 3월 13일(1일간) 소수계좌 거래집중 종목으로 지정됐다. 인터플렉스는 최근 3일간...,0,051370|인터플렉스,https://www.topstarnews.net/news/articleView.html?idxno=16002249
051370,"대신증권이 인터플렉스(12,140원 ▲520 +4.48%)에 대해 영업이익 증가와 원가절감이 기대된다며 목표주가를 1만5000원으로 상향한다고 3일 밝혔다. 인터플렉스의 지난해 4분기 영업이익은 전년동기대비 47.1% 증가한 125억원을 기록했다.","대신증권이 인터플렉스(12,140원 ▲520 +4.48%)에 대해 영업이익 증가와 원가절감이 기대된다며 목표주가를 1만5000원으로 상향한다고 3일 밝혔다. 기존 목표가는 1만2500원. 인터플렉스의 지난해 4분기 영업이익은 전년동기대비 47.1% 증가한 125억원을 기록했다.",1,051370|인터플렉스,https://www.mt.co.kr/stock/2026/03/03/2026030308022580634
051370,"""올해 하반기 베트남으로 생산 이전 완료 시 하반기 및 내년에 원가절감 진행"" 대신증권은 3일 인터플렉스... 대신증권에 따르면 인터플렉스의 지난해 4분기 매출액과 영업이익은 전년 동기 대비 각각 43.2% 늘어난...","""올해 하반기 베트남으로 생산 이전 완료 시 하반기 및 내년에 원가절감 진행"" 대신증권은 3일 인터플렉스... 대신증권에 따르면 인터플렉스의 지난해 4분기 매출액과 영업이익은 전년 동기 대비 각각 43.2% 늘어난...",1,051370|인터플렉스,http://www.newsprime.co.kr/news/article.html?no=725763
051370,회사는 이번 손익구조 변동과 관련해 전년 동기 대비 환율 변동성 축소로 외환차익이 감소하면서 30% 이상 변동이 발생했다고 설명했다. 매출액또는손익구조30%(대규모법인은15%)이상변동,"회사는 이번 손익구조 변동과 관련해 전년 동기 대비 환율 변동성 축소로 외환차익이 감소하면서 30% 이상 변동이 발생했다고 설명했다. 재무현황을 보면 2025년 연결 기준 자산총계는 4017억6626만8236원, 부채총계는 838억5868만632원, 자본총계는 3179억758만7604원으로 집계됐다. 자본금은 116억6373만6000원이다.",1,051370|인터플렉스,https://www.digitaltoday.co.kr/news/articleView.html?idxno=632558
278650,[프레스나인] HLB바이오스텝이 지분 투자를 집행한 국내 임상시험수탁기관(CRO) 클립스비엔씨가 지난해 연간 영업이익 흑자를 기록했다. 전자공시시스템에 따르면 클립스비엔씨의 2025년 매출(영업수익)은 289억원으로 전년(208억원) 대비 38.5% 증가했다.,[프레스나인] HLB바이오스텝이 지분 투자를 집행한 국내 임상시험수탁기관(CRO) 클립스비엔씨가 지난해 연간 영업이익 흑자를 기록했다. 2016년 이후 9년 만이다. 전자공시시스템에 따르면 클립스비엔씨의 2025년 매출(영업수익)은 289억원으로 전년(208억원) 대비 38.5% 증가했다.,1,278650|HLB바이오스텝,http://www.press9.kr/news/articleView.html?idxno=74379
278650,"같은 기준 매출액은 457억4300만원이며, 영업손실은 54억7000만원, 당기순손실은 193억5700만원이다. 연결 매출액은 740억5000만원, 영업손실은 86억1700만원, 당기순손실은 202억5500만원으로 기재됐다.","제14기 재무제표와 연결재무제표는 모두 승인됐다. 회계감사인의견은 개별과 연결 모두 적정으로 제시됐다. 개별 기준으로 자산총계는 1358억9700만원, 부채총계는 382억4100만원, 자본총계는 976억5600만원으로 집계됐다.",0,278650|HLB바이오스텝,https://www.digitaltoday.co.kr/news/articleView.html?idxno=646455
278650,54억 영업권 중 49억 손상…미래현금흐름 반영가치 장부가 하회 CRO 단가 하락에 적자 지속…올해 수익성 중심 수주·해외 확대 추진 HLB바이오스텝이 비임상 독성시험 역량 확보를 위해 인수한 자회사 HLB바이오코드에 대한 대규모 영업권 손상차손을 인식했다. 인수 당시 54억원의 영업권이 발생했으나 2025년 들어 약 49억원의 손상차손이 반영되면서 장부상 잔존 영업권은 5억원 수준으로 급감했다.,54억 영업권 중 49억 손상…미래현금흐름 반영가치 장부가 하회 CRO 단가 하락에 적자 지속…올해 수익성 중심 수주·해외 확대 추진 HLB바이오스텝이 비임상 독성시험 역량 확보를 위해 인수한 자회사 HLB바이오코드에 대한 대규모 영업권 손상차손을 인식했다. 인수 과정에서 반영된 프리미엄 상당 부분이 1년 만에 사라진 셈이다. 비임상 임상시험수탁기관(CRO) 사업을 영위하는 HLB바이오스텝은 2024년 5월 비임상시험관리기준(GLP) 인증을 보유한 독성시험 전문기업 크로엔(현 HLB바이오코드)을 강스템바이오텍 등으로부터 100억원 규모에 인수했다.,2,278650|HLB바이오스텝,https://www.topdaily.kr/articles/109409
278650,"HLB바이오스텝(278650)이 국내사모 전환사채의 전환에 따라 156,445주의 보통주를 추가상장한다고 밝혔다. 이번 추가상장으로 상장주식 총수는 87,161,984주로 확대될 예정이다. 회사 측은 ""추가상장되는 주식은...","HLB바이오스텝(278650)이 국내사모 전환사채의 전환에 따라 156,445주의 보통주를 추가상장한다고 밝혔다. 이번 추가상장으로 상장주식 총수는 87,161,984주로 확대될 예정이다. 회사 측은 ""추가상장되는 주식은...",0,278650|HLB바이오스텝,https://www.topstarnews.net/news/articleView.html?idxno=16007515
278650,"HOME 산업 제약바이오 액면가 100원에서 500원으로 상향…주가 안정·기업가치 제고 목적 관련종목 HLB바이오스텝 278650 # 추천 키워드 # HLB바이오스텝 # 주식병합 # 주총 추천 뉴스DealSite경제TV 보도국과 편집국이 추천하는 뉴스 출발! 딜사이트_2026년 4월 8일 (수) 핀포인트 스코넥 최대주주 변경 1년, 상폐 위기 고조 머니무브_2026년 4월 8일 (수) 비핵심 정리한 SK텔레콤, SM C&C만","HOME 산업 제약바이오 액면가 100원에서 500원으로 상향…주가 안정·기업가치 제고 목적 관련종목 HLB바이오스텝 278650 # 추천 키워드 # HLB바이오스텝 # 주식병합 # 주총 추천 뉴스DealSite경제TV 보도국과 편집국이 추천하는 뉴스 출발! 딜사이트_2026년 4월 8일 (수) 핀포인트 스코넥 최대주주 변경 1년, 상폐 위기 고조 머니무브_2026년 4월 8일 (수) 비핵심 정리한 SK텔레콤, SM C&C만 남았다 [주식포차] 4월 7일(화) 뉴욕 브리핑 美·이란 '2주 휴전' 동의…나스닥 선물 2.4% 급등 액면가 100원에서 500원으로 상향…주",1,278650|HLB바이오스텝,https://news.dealsitetv.com/articles/166731
053980,이 외 주요 내용으로 오상은 오상자이엘과 대출계약을 체결했으며 대상 주식등의 수는 29만5775주다. 김선기는 3월 30일 주식매수선택권 부여가 취소되어 기타 주식 5만주가 감소했다.,"주요 내역을 보면, 보고자 오상은 546만8822주, 28.81%를 보유 중이다. 특별관계자 이동현은 4280주, 0.02%, 이국래는 147만5530주, 7.77%를 보유 중이다. 이 외 주요 내용으로 오상은 오상자이엘과 대출계약을 체결했으며 대상 주식등의 수는 29만5775주다.",1,053980|오상자이엘,https://www.digitaltoday.co.kr/news/articleView.html?idxno=654034
053980,"이 외 주요 내용으로 오상은 오상자이엘과 대출계약을 2025년 11월 28일 체결했으며 대상 주식등의 수는 29만5775주다. 또한, 오상은 오상자이엘과 대출계약을 2026년 2월 27일에도 체결했다.","오상과 특별관계자 5인의 2026년 3월 30일 보유 오상자이엘 주식등의 수는 719만8982주, 보유 비율은 37.92%로 보고됐다. 주권 주식수는 706만8982주로, 주권 비율은 37.24%다. 주요 내역을 보면, 보고자 오상은 546만8822주, 28.81%를 보유 중이다.",1,053980|오상자이엘,https://www.digitaltoday.co.kr/news/articleView.html?idxno=649347
053980,"이 외 주요 내용으로 주식회사 오상은 오상자이엘과 대출계약을 2025년 11월 28일 체결했으며 대상 주식등의 수는 29만5775주다. 변동내역 총괄표에 따르면, 주식회사 오상의 지분은 2만주, 0.11%포인트 증가한 것으로 기재됐다.","주요 내역을 보면, 보고자 주식회사 오상은 544만8822주, 28.7%를 보유 중이다. 특별관계자 이동현은 4280주, 0.02%, 이국래는 147만5530주, 7.77%, 김선기는 21만주, 1.11%, 문주성은 2만5350주, 0.13%, 정남현은 1만5000주, 0.08%를 보유 중이다. 이 외 주요 내용으로 주식회사 오상은 오상자이엘과 대출계약을 2025년 11월 28일 체결했으며 대상 주식등의 수는 29만5775주다.",1,053980|오상자이엘,https://www.digitaltoday.co.kr/news/articleView.html?idxno=644114
053980,"오상은 오상자이엘과 대출계약을 2025년 11월 28일 체결했으며, 대상 주식등의 수는 29만5775주다. 또한, 오상은 오상자이엘과의 대출계약을 2026년 2월 27일 체결했으며 대상 주식등의 수는 13만3532주다.","주요 내역을 보면, 보고자 오상은 542만8822주, 28.6%, 특별관계자 이동현은 4280주, 0.02%, 이국래는 147만5530주, 7.77%를 보유 중이다. 오상은 오상자이엘과 대출계약을 2025년 11월 28일 체결했으며, 대상 주식등의 수는 29만5775주다. 또한, 오상은 오상자이엘과의 대출계약을 2026년 2월 27일 체결했으며 대상 주식등의 수는 13만3532주다.",1,053980|오상자이엘,https://www.digitaltoday.co.kr/news/articleView.html?idxno=641357
053980,"이 외 주요 내용으로 오상은 오상자이엘과 대출계약을 2025년 11월 28일 체결했으며 대상 주식등의 수는 29만5775주다. 또한, 오상은 오상자이엘과 대출계약을 2026년 2월 27일 체결했으며 대상 주식등의 수는 13만3532주다.","주요 내역을 보면, 보고자 오상은 540만3822주, 28.47%, 특별관계자 이동현은 4280주, 0.02%, 이국래는 147만5530주, 7.77%를 보유 중이다. 이 외 주요 내용으로 오상은 오상자이엘과 대출계약을 2025년 11월 28일 체결했으며 대상 주식등의 수는 29만5775주다. 또한, 오상은 오상자이엘과 대출계약을 2026년 2월 27일 체결했으며 대상 주식등의 수는 13만3532주다.",1,053980|오상자이엘,https://www.digitaltoday.co.kr/news/articleView.html?idxno=638441
